circuit_id,seed,original_qubits,original_depth,backend,condition,drift,transpiled_depth,one_qubit_gates,two_qubit_gates,esp,fidelity,active_physical_qubits,avg_gate_error,max_gate_error,avg_readout_error,max_readout_error,avg_t1,min_t1,avg_t2,min_t2
0,5000,6,11,Sherbrooke,normal,none,55,107,18,0.8169892356224957,0.942897255763321,6,0.0010986822417660763,0.007850986624725387,0.010660807291666666,0.015625,0.00024311707603998786,0.00013252953230862786,0.00022593133173611567,7.063221921579745e-05
0,5000,6,11,Sherbrooke,readout_4x,measure q118: 0.012451 -> 0.049805,55,107,18,0.7860870469821393,0.9506186791186367,6,0.0010986822417660763,0.007850986624725387,0.016886393229166668,0.0498046875,0.00024311707603998786,0.00013252953230862786,0.00022593133173611567,7.063221921579745e-05
0,5000,6,11,Sherbrooke,readout_8x,measure q118: 0.012451 -> 0.099609,55,107,18,0.7448841287949972,0.9331337170889676,6,0.0010986822417660763,0.007850986624725387,0.025187174479166668,0.099609375,0.00024311707603998786,0.00013252953230862786,0.00022593133173611567,7.063221921579745e-05
0,5000,6,11,Sherbrooke,gate_4x,"ecr (110, 118): 0.006082 -> 0.024329",55,107,18,0.787267467836752,0.9295648132569935,6,0.0013906289730134566,0.02432889427061502,0.010660807291666666,0.015625,0.00024311707603998786,0.00013252953230862786,0.00022593133173611567,7.063221921579745e-05
0,5000,6,11,Sherbrooke,combined_4x,"measure q118: 0.012451 -> 0.049805 | ecr (110, 118): 0.006082 -> 0.024329",55,107,18,0.7574894894488599,0.9407639620502402,6,0.0013906289730134566,0.02432889427061502,0.016886393229166668,0.0498046875,0.00024311707603998786,0.00013252953230862786,0.00022593133173611567,7.063221921579745e-05
0,5000,6,11,Torino,normal,none,39,78,18,0.8145461812945295,0.9352375798068651,6,0.000953661725180343,0.007659549953425382,0.018595377604166668,0.05029296875,0.00019140559357534782,0.00010976214683862074,0.000141034238977208,6.947727011386484e-05
0,5000,6,11,Torino,readout_4x,measure q30: 0.005371 -> 0.021484,39,78,18,0.8013502932323205,0.9468792700354266,6,0.000953661725180343,0.007659549953425382,0.021280924479166668,0.05029296875,0.00019140559357534782,0.00010976214683862074,0.000141034238977208,6.947727011386484e-05
0,5000,6,11,Torino,readout_8x,measure q30: 0.005371 -> 0.042969,39,78,18,0.7837557758160422,0.9370956789860327,6,0.000953661725180343,0.007659549953425382,0.024861653645833332,0.05029296875,0.00019140559357534782,0.00010976214683862074,0.000141034238977208,6.947727011386484e-05
0,5000,6,11,Torino,gate_4x,"cz (31, 30): 0.006940 -> 0.027759",39,78,18,0.7807508564875081,0.9471952062235894,6,0.0013873939940947436,0.02775886521052162,0.018595377604166668,0.05029296875,0.00019140559357534782,0.00010976214683862074,0.000141034238977208,6.947727011386484e-05
0,5000,6,11,Torino,combined_4x,"measure q30: 0.005371 -> 0.021484 | cz (31, 30): 0.006940 -> 0.027759",39,78,18,0.7681024626416132,0.9455861630914691,6,0.0013873939940947436,0.02775886521052162,0.021280924479166668,0.05029296875,0.00019140559357534782,0.00010976214683862074,0.000141034238977208,6.947727011386484e-05
0,5000,6,11,Fez,normal,none,44,86,18,0.9050347894057997,0.9615452340674594,6,0.000602915661143632,0.0033999583821837653,0.006144205729166667,0.0107421875,0.0001275609111738412,9.562081555389064e-05,0.00011476645099428512,9.360064375549623e-05
0,5000,6,11,Fez,readout_4x,measure q123: 0.006348 -> 0.025391,44,86,18,0.8876901423361063,0.9651875127105976,6,0.000602915661143632,0.0033999583821837653,0.009318033854166666,0.025390625,0.0001275609111738412,9.562081555389064e-05,0.00011476645099428512,9.360064375549623e-05
0,5000,6,11,Fez,readout_8x,measure q123: 0.006348 -> 0.050781,44,86,18,0.8645639462431817,0.9641513914408139,6,0.000602915661143632,0.0033999583821837653,0.0135498046875,0.05078125,0.0001275609111738412,9.562081555389064e-05,0.00011476645099428512,9.360064375549623e-05
0,5000,6,11,Fez,gate_4x,"cz (136, 123): 0.003400 -> 0.013600",44,86,18,0.8866041209277177,0.9619812095601803,6,0.0007990671062696184,0.013599833528735061,0.006144205729166667,0.0107421875,0.0001275609111738412,9.562081555389064e-05,0.00011476645099428512,9.360064375549623e-05
0,5000,6,11,Fez,combined_4x,"measure q123: 0.006348 -> 0.025391 | cz (136, 123): 0.003400 -> 0.013600",44,86,18,0.8696126906003562,0.9656398529239293,6,0.0007990671062696184,0.013599833528735061,0.009318033854166666,0.025390625,0.0001275609111738412,9.562081555389064e-05,0.00011476645099428512,9.360064375549623e-05
1,5001,4,13,Sherbrooke,normal,none,53,81,14,0.8675761133974508,0.9654755941851465,4,0.0010104445634754795,0.010934778799582434,0.0113525390625,0.016845703125,0.00034112801210783026,0.0001586839588384347,0.00014118472042975262,1.8737652324842994e-05
1,5001,4,13,Sherbrooke,readout_4x,measure q29: 0.012451 -> 0.049805,53,81,14,0.8347605026805632,0.9539834593283545,4,0.0010104445634754795,0.010934778799582434,0.02069091796875,0.0498046875,0.00034112801210783026,0.0001586839588384347,0.00014118472042975262,1.8737652324842994e-05
1,5001,4,13,Sherbrooke,readout_8x,measure q29: 0.012451 -> 0.099609,53,81,14,0.7910063550580464,0.9385265865318169,4,0.0010104445634754795,0.010934778799582434,0.03314208984375,0.099609375,0.00034112801210783026,0.0001586839588384347,0.00014118472042975262,1.8737652324842994e-05
1,5001,4,13,Sherbrooke,gate_4x,"ecr (29, 30): 0.006250 -> 0.025001",53,81,14,0.803926377083804,0.9578675050050339,4,0.0017999465262827235,0.025000895488896058,0.0113525390625,0.016845703125,0.00034112801210783026,0.0001586839588384347,0.00014118472042975262,1.8737652324842994e-05
1,5001,4,13,Sherbrooke,combined_4x,"measure q29: 0.012451 -> 0.049805 | ecr (29, 30): 0.006250 -> 0.025001",53,81,14,0.7735182842052325,0.9373279190162477,4,0.0017999465262827235,0.025000895488896058,0.02069091796875,0.0498046875,0.00034112801210783026,0.0001586839588384347,0.00014118472042975262,1.8737652324842994e-05
1,5001,4,13,Torino,normal,none,47,68,14,0.8933809298806238,0.9693950041540962,4,0.0009956684000533903,0.007659549953425382,0.0076904296875,0.011962890625,0.0001236753781531724,5.9527434601436146e-05,0.00014682518479433284,0.00010472429134423937
1,5001,4,13,Torino,readout_4x,measure q36: 0.007080 -> 0.028320,47,68,14,0.8742700026862265,0.9728512145907149,4,0.0009956684000533903,0.007659549953425382,0.01300048828125,0.0283203125,0.0001236753781531724,5.9527434601436146e-05,0.00014682518479433284,0.00010472429134423937
1,5001,4,13,Torino,readout_8x,measure q36: 0.007080 -> 0.056641,47,68,14,0.8487887664270298,0.9528889216025844,4,0.0009956684000533903,0.007659549953425382,0.02008056640625,0.056640625,0.0001236753781531724,5.9527434601436146e-05,0.00014682518479433284,0.00010472429134423937
1,5001,4,13,Torino,gate_4x,"cz (36, 29): 0.003858 -> 0.015432",47,68,14,0.8830009337637902,0.9744984954090297,4,0.001136814186851407,0.015431939356583158,0.0076904296875,0.011962890625,0.0001236753781531724,5.9527434601436146e-05,0.00014682518479433284,0.00010472429134423937
1,5001,4,13,Torino,combined_4x,"measure q36: 0.007080 -> 0.028320 | cz (36, 29): 0.003858 -> 0.015432",47,68,14,0.8641120522202814,0.9730595463844532,4,0.001136814186851407,0.015431939356583158,0.01300048828125,0.0283203125,0.0001236753781531724,5.9527434601436146e-05,0.00014682518479433284,0.00010472429134423937
1,5001,4,13,Fez,normal,none,49,68,14,0.9210363925345716,0.9853202183638042,4,0.0007837225283769789,0.00475732006683538,0.00445556640625,0.00634765625,0.0001515716190726661,0.00012339246491872296,0.00010502221049964733,8.856971895776478e-05
1,5001,4,13,Fez,readout_4x,measure q102: 0.006104 -> 0.024414,49,68,14,0.9040681465409354,0.9838368977691895,4,0.0007837225283769789,0.00475732006683538,0.009033203125,0.0244140625,0.0001515716190726661,0.00012339246491872296,0.00010502221049964733,8.856971895776478e-05
1,5001,4,13,Fez,readout_8x,measure q102: 0.006104 -> 0.048828,49,68,14,0.8814438185494204,0.9639027966479267,4,0.0007837225283769789,0.00475732006683538,0.01513671875,0.048828125,0.0001515716190726661,0.00012339246491872296,0.00010502221049964733,8.856971895776478e-05
1,5001,4,13,Fez,gate_4x,"cz (96, 103): 0.004609 -> 0.018437",49,68,14,0.8831822743184192,0.9847682802654258,4,0.0012896208327308081,0.01843718264756178,0.00445556640625,0.00634765625,0.0001515716190726661,0.00012339246491872296,0.00010502221049964733,8.856971895776478e-05
1,5001,4,13,Fez,combined_4x,"measure q102: 0.006104 -> 0.024414 | cz (96, 103): 0.004609 -> 0.018437",49,68,14,0.8669114144378293,0.9751769283961768,4,0.0012896208327308081,0.01843718264756178,0.009033203125,0.0244140625,0.0001515716190726661,0.00012339246491872296,0.00010502221049964733,8.856971895776478e-05
2,5002,7,16,Sherbrooke,normal,none,88,193,36,0.6952524397820478,0.9272863091743734,7,0.0012135419611615968,0.009034455276413444,0.011997767857142858,0.02587890625,0.00029158046735509494,0.00021071911926522037,0.00020148760373429092,2.7133052989838604e-05
2,5002,7,16,Sherbrooke,readout_4x,measure q104: 0.003662 -> 0.014648,88,193,36,0.6875860933497536,0.919372353962858,7,0.0012135419611615968,0.009034455276413444,0.013567243303571428,0.02587890625,0.00029158046735509494,0.00021071911926522037,0.00020148760373429092,2.7133052989838604e-05
2,5002,7,16,Sherbrooke,readout_8x,measure q104: 0.003662 -> 0.029297,88,193,36,0.677364298106695,0.9285666420706786,7,0.0012135419611615968,0.009034455276413444,0.015659877232142856,0.029296875,0.00029158046735509494,0.00021071911926522037,0.00020148760373429092,2.7133052989838604e-05
2,5002,7,16,Sherbrooke,gate_4x,"ecr (93, 87): 0.009034 -> 0.036138",88,193,36,0.5569210060772519,0.9082752626747326,7,0.0021603844355455384,0.03613782110565378,0.011997767857142858,0.02587890625,0.00029158046735509494,0.00021071911926522037,0.00020148760373429092,2.7133052989838604e-05
2,5002,7,16,Sherbrooke,combined_4x,"measure q104: 0.003662 -> 0.014648 | ecr (93, 87): 0.009034 -> 0.036138",88,193,36,0.5507800001293285,0.8946506712545355,7,0.0021603844355455384,0.03613782110565378,0.013567243303571428,0.02587890625,0.00029158046735509494,0.00021071911926522037,0.00020148760373429092,2.7133052989838604e-05
2,5002,7,16,Torino,normal,none,68,143,36,0.7364849593883621,0.9312108554409395,7,0.0010374416820816187,0.007659549953425382,0.016845703125,0.05029296875,0.00018816176277000875,0.00010976214683862074,0.0001344637261326572,6.947727011386484e-05
2,5002,7,16,Torino,readout_4x,measure q29: 0.011963 -> 0.047852,68,143,36,0.7097334671644706,0.9349059125838509,7,0.0010374416820816187,0.007659549953425382,0.02197265625,0.05029296875,0.00018816176277000875,0.00010976214683862074,0.0001344637261326572,6.947727011386484e-05
2,5002,7,16,Torino,readout_8x,measure q29: 0.011963 -> 0.095703,68,143,36,0.6740648108659485,0.9184382031860877,7,0.0010374416820816187,0.007659549953425382,0.02880859375,0.095703125,0.00018816176277000875,0.00010976214683862074,0.0001344637261326572,6.947727011386484e-05
2,5002,7,16,Torino,gate_4x,"cz (32, 31): 0.003061 -> 0.012245",68,143,36,0.7031822695885868,0.9451573686612551,7,0.0012939680925906246,0.012244860661629886,0.016845703125,0.05029296875,0.00018816176277000875,0.00010976214683862074,0.0001344637261326572,6.947727011386484e-05
2,5002,7,16,Torino,combined_4x,"measure q29: 0.011963 -> 0.047852 | cz (32, 31): 0.003061 -> 0.012245",68,143,36,0.6776404377058287,0.9281173894010858,7,0.0012939680925906246,0.012244860661629886,0.02197265625,0.05029296875,0.00018816176277000875,0.00010976214683862074,0.0001344637261326572,6.947727011386484e-05
2,5002,7,16,Fez,normal,none,68,143,36,0.8480164089687041,0.95375158694955,7,0.0006860484049499051,0.0033999583821837653,0.005964006696428571,0.0107421875,0.00013337264399165073,9.562081555389064e-05,0.00011143495717471131,9.144599425726836e-05
2,5002,7,16,Fez,readout_4x,measure q141: 0.004883 -> 0.019531,68,143,36,0.8355333411232375,0.9503970919473184,7,0.0006860484049499051,0.0033999583821837653,0.008056640625,0.01953125,0.00013337264399165073,9.562081555389064e-05,0.00011143495717471131,9.144599425726836e-05
2,5002,7,16,Fez,readout_8x,measure q141: 0.004883 -> 0.039062,68,143,36,0.8188892506626151,0.955743220658708,7,0.0006860484049499051,0.0033999583821837653,0.010846819196428572,0.0390625,0.00013337264399165073,9.562081555389064e-05,0.00011143495717471131,9.144599425726836e-05
2,5002,7,16,Fez,gate_4x,"cz (124, 123): 0.003249 -> 0.012997",68,143,36,0.8397229774823719,0.9486769009338222,7,0.0007405066329519812,0.01299736374982885,0.005964006696428571,0.0107421875,0.00013337264399165073,9.562081555389064e-05,0.00011143495717471131,9.144599425726836e-05
2,5002,7,16,Fez,combined_4x,"measure q141: 0.004883 -> 0.019531 | cz (124, 123): 0.003249 -> 0.012997",68,143,36,0.827361991552798,0.9606945549729481,7,0.0007405066329519812,0.01299736374982885,0.008056640625,0.01953125,0.00013337264399165073,9.562081555389064e-05,0.00011143495717471131,9.144599425726836e-05
3,5003,5,14,Sherbrooke,normal,none,67,117,22,0.8403519890033415,0.9762461565754412,5,0.0009079334192835987,0.006303480430202679,0.009423828125,0.019775390625,0.0002768752423068153,0.00023928033542071583,0.00022208770691632554,6.337555301919867e-05
3,5003,5,14,Sherbrooke,readout_4x,measure q123: 0.007812 -> 0.031250,67,117,22,0.8205011546174359,0.9845831543743351,5,0.0009079334192835987,0.006303480430202679,0.014111328125,0.03125,0.0002768752423068153,0.00023928033542071583,0.00022208770691632554,6.337555301919867e-05
3,5003,5,14,Sherbrooke,readout_8x,measure q123: 0.007812 -> 0.062500,67,117,22,0.7940333754362283,0.9823562653044625,5,0.0009079334192835987,0.006303480430202679,0.020361328125,0.0625,0.0002768752423068153,0.00023928033542071583,0.00022208770691632554,6.337555301919867e-05
3,5003,5,14,Sherbrooke,gate_4x,"ecr (126, 125): 0.004630 -> 0.018520",67,117,22,0.7944176946972646,0.979376818438446,5,0.001307644866752793,0.018519963732739342,0.009423828125,0.019775390625,0.0002768752423068153,0.00023928033542071583,0.00022208770691632554,6.337555301919867e-05
3,5003,5,14,Sherbrooke,combined_4x,"measure q123: 0.007812 -> 0.031250 | ecr (126, 125): 0.004630 -> 0.018520",67,117,22,0.7756519223815813,0.9802772416588247,5,0.001307644866752793,0.018519963732739342,0.014111328125,0.03125,0.0002768752423068153,0.00023928033542071583,0.00022208770691632554,6.337555301919867e-05
3,5003,5,14,Torino,normal,none,51,82,22,0.8641399637594424,0.9845142852723073,5,0.0007638252001725602,0.003746277807441689,0.01318359375,0.02294921875,0.00019848302986387326,0.00015459493999167093,0.00010863385192096079,2.7784766241489783e-05
3,5003,5,14,Torino,readout_4x,measure q80: 0.022949 -> 0.091797,51,82,22,0.8032485420252686,0.9840902812131787,5,0.0007638252001725602,0.003746277807441689,0.026953125,0.091796875,0.00019848302986387326,0.00015459493999167093,0.00010863385192096079,2.7784766241489783e-05
3,5003,5,14,Torino,readout_8x,measure q80: 0.022949 -> 0.183594,51,82,22,0.7220599797130374,0.9665875215085028,5,0.0007638252001725602,0.003746277807441689,0.0453125,0.18359375,0.00019848302986387326,0.00015459493999167093,0.00010863385192096079,2.7784766241489783e-05
3,5003,5,14,Torino,gate_4x,"cz (98, 99): 0.002537 -> 0.010147",51,82,22,0.8510037276586013,0.985604050002007,5,0.0009101811405270369,0.010147345197910385,0.01318359375,0.02294921875,0.00019848302986387326,0.00015459493999167093,0.00010863385192096079,2.7784766241489783e-05
3,5003,5,14,Torino,combined_4x,"measure q80: 0.022949 -> 0.091797 | cz (98, 99): 0.002537 -> 0.010147",51,82,22,0.791037947748625,0.9818840776810458,5,0.0009101811405270369,0.010147345197910385,0.026953125,0.091796875,0.00019848302986387326,0.00015459493999167093,0.00010863385192096079,2.7784766241489783e-05
3,5003,5,14,Fez,normal,none,51,89,22,0.9047801946045334,0.9851837963243163,5,0.0006624098359787152,0.0033999583821837653,0.0052734375,0.00634765625,0.00014703417777479512,9.562081555389064e-05,0.00011316194973297482,9.144599425726836e-05
3,5003,5,14,Fez,readout_4x,measure q136: 0.004639 -> 0.018555,51,89,22,0.8921305818764348,0.9879156111837544,5,0.0006624098359787152,0.0033999583821837653,0.008056640625,0.0185546875,0.00014703417777479512,9.562081555389064e-05,0.00011316194973297482,9.144599425726836e-05
3,5003,5,14,Fez,readout_8x,measure q136: 0.004639 -> 0.037109,51,89,22,0.875264431572303,0.9882819969854946,5,0.0006624098359787152,0.0033999583821837653,0.011767578125,0.037109375,0.00014703417777479512,9.562081555389064e-05,0.00011316194973297482,9.144599425726836e-05
3,5003,5,14,Fez,gate_4x,"cz (142, 143): 0.003311 -> 0.013245",51,89,22,0.8957621848315227,0.9861931602611287,5,0.0007519059436301807,0.0132454239324169,0.0052734375,0.00634765625,0.00014703417777479512,9.562081555389064e-05,0.00011316194973297482,9.144599425726836e-05
3,5003,5,14,Fez,combined_4x,"measure q136: 0.004639 -> 0.018555 | cz (142, 143): 0.003311 -> 0.013245",51,89,22,0.8832386517102577,0.9853090852178762,5,0.0007519059436301807,0.0132454239324169,0.008056640625,0.0185546875,0.00014703417777479512,9.562081555389064e-05,0.00011316194973297482,9.144599425726836e-05
4,5004,4,10,Sherbrooke,normal,none,38,57,9,0.9191959148303805,0.9800736167765122,4,0.0008584753177551035,0.006303480430202679,0.0068359375,0.0078125,0.0002806395150267347,0.00023928033542071583,0.00025041012594210815,6.337555301919867e-05
4,5004,4,10,Sherbrooke,readout_4x,measure q122: 0.007568 -> 0.030273,38,57,9,0.8981663403951469,0.9559962417068029,4,0.0008584753177551035,0.006303480430202679,0.01251220703125,0.0302734375,0.0002806395150267347,0.00023928033542071583,0.00025041012594210815,6.337555301919867e-05
4,5004,4,10,Sherbrooke,readout_8x,measure q122: 0.007568 -> 0.060547,38,57,9,0.870126907814835,0.9289260113989083,4,0.0008584753177551035,0.006303480430202679,0.02008056640625,0.060546875,0.0002806395150267347,0.00023928033542071583,0.00025041012594210815,6.337555301919867e-05
4,5004,4,10,Sherbrooke,gate_4x,"ecr (125, 124): 0.006303 -> 0.025214",38,57,9,0.8349987632729484,0.9688818398790006,4,0.0022910845064375305,0.025213921720810717,0.0068359375,0.0078125,0.0002806395150267347,0.00023928033542071583,0.00025041012594210815,6.337555301919867e-05
4,5004,4,10,Sherbrooke,combined_4x,"measure q122: 0.007568 -> 0.030273 | ecr (125, 124): 0.006303 -> 0.025214",38,57,9,0.8158954705338626,0.9393035712876798,4,0.0022910845064375305,0.025213921720810717,0.01251220703125,0.0302734375,0.0002806395150267347,0.00023928033542071583,0.00025041012594210815,6.337555301919867e-05
4,5004,4,10,Torino,normal,none,29,40,9,0.9250971974372881,0.9867194199591346,4,0.0009564365027241012,0.007659549953425382,0.0076904296875,0.011962890625,0.0001236753781531724,5.9527434601436146e-05,0.00014682518479433284,0.00010472429134423937
4,5004,4,10,Torino,readout_4x,measure q30: 0.005371 -> 0.021484,29,40,9,0.9101103503506752,0.9695947673508704,4,0.0009564365027241012,0.007659549953425382,0.01171875,0.021484375,0.0001236753781531724,5.9527434601436146e-05,0.00014682518479433284,0.00010472429134423937
4,5004,4,10,Torino,readout_8x,measure q30: 0.005371 -> 0.042969,29,40,9,0.8901278875685247,0.9476399254498487,4,0.0009564365027241012,0.007659549953425382,0.01708984375,0.04296875,0.0001236753781531724,5.9527434601436146e-05,0.00014682518479433284,0.00010472429134423937
4,5004,4,10,Torino,gate_4x,"cz (28, 29): 0.004394 -> 0.017574",29,40,9,0.9128499277836367,0.9824441582137152,4,0.0012254310793267421,0.01757431233803919,0.0076904296875,0.011962890625,0.0001236753781531724,5.9527434601436146e-05,0.00014682518479433284,0.00010472429134423937
4,5004,4,10,Torino,combined_4x,"measure q30: 0.005371 -> 0.021484 | cz (28, 29): 0.004394 -> 0.017574",29,40,9,0.8980614900728561,0.9671218992832806,4,0.0012254310793267421,0.01757431233803919,0.01171875,0.021484375,0.0001236753781531724,5.9527434601436146e-05,0.00014682518479433284,0.00010472429134423937
4,5004,4,10,Fez,normal,none,33,40,9,0.953021959957802,0.9926382716386604,4,0.0005716489001428586,0.003311355983104225,0.0050048828125,0.006103515625,0.00014494155734598587,9.562081555389064e-05,0.00011309494030264407,9.144599425726836e-05
4,5004,4,10,Fez,readout_4x,measure q141: 0.004883 -> 0.019531,33,40,9,0.9389931774265292,0.9787612336486791,4,0.0005716489001428586,0.003311355983104225,0.0086669921875,0.01953125,0.00014494155734598587,9.562081555389064e-05,0.00011309494030264407,9.144599425726836e-05
4,5004,4,10,Fez,readout_8x,measure q141: 0.004883 -> 0.039062,33,40,9,0.9202881340514987,0.9512647967534388,4,0.0005716489001428586,0.003311355983104225,0.0135498046875,0.0390625,0.00014494155734598587,9.562081555389064e-05,0.00011309494030264407,9.144599425726836e-05
4,5004,4,10,Fez,gate_4x,"cz (143, 136): 0.002434 -> 0.009737",33,40,9,0.9254195791900841,0.9830646325084256,4,0.001167806367725084,0.009737238637176349,0.0050048828125,0.006103515625,0.00014494155734598587,9.562081555389064e-05,0.00011309494030264407,9.144599425726836e-05
4,5004,4,10,Fez,combined_4x,"measure q141: 0.004883 -> 0.019531 | cz (143, 136): 0.002434 -> 0.009737",33,40,9,0.9117971123717806,0.9686244854733654,4,0.001167806367725084,0.009737238637176349,0.0086669921875,0.01953125,0.00014494155734598587,9.562081555389064e-05,0.00011309494030264407,9.144599425726836e-05
5,5005,8,15,Sherbrooke,normal,none,77,171,30,0.730413474591656,0.9161936220842261,8,0.0010752449038886086,0.007926923147774934,0.0120849609375,0.017822265625,0.000275656635700054,0.0001469928637936869,0.0001172385021380088,2.4196989159075558e-05
5,5005,8,15,Sherbrooke,readout_4x,measure q71: 0.017822 -> 0.071289,77,171,30,0.6906519655348394,0.8861117027286831,8,0.0010752449038886086,0.007926923147774934,0.018768310546875,0.0712890625,0.000275656635700054,0.0001469928637936869,0.0001172385021380088,2.4196989159075558e-05
5,5005,8,15,Sherbrooke,readout_8x,measure q71: 0.017822 -> 0.142578,77,171,30,0.6376366201257507,0.8566037677882041,8,0.0010752449038886086,0.007926923147774934,0.027679443359375,0.142578125,0.000275656635700054,0.0001469928637936869,0.0001172385021380088,2.4196989159075558e-05
5,5005,8,15,Sherbrooke,gate_4x,"ecr (71, 58): 0.007732 -> 0.030927",77,171,30,0.6966647593885579,0.8984483806401482,8,0.0013060404434065774,0.03092660229540778,0.0120849609375,0.017822265625,0.000275656635700054,0.0001469928637936869,0.0001172385021380088,2.4196989159075558e-05
5,5005,8,15,Sherbrooke,combined_4x,"measure q71: 0.017822 -> 0.071289 | ecr (71, 58): 0.007732 -> 0.030927",77,171,30,0.6587404287134164,0.8715480815484679,8,0.0013060404434065774,0.03092660229540778,0.018768310546875,0.0712890625,0.000275656635700054,0.0001469928637936869,0.0001172385021380088,2.4196989159075558e-05
5,5005,8,15,Torino,normal,none,63,121,30,0.7134421569698892,0.8967115455046907,8,0.0011167880777623452,0.007659549953425382,0.020721435546875,0.05029296875,0.0001773197303354371,5.9527434601436146e-05,0.00015086823295538306,6.870523592058317e-05
5,5005,8,15,Torino,readout_4x,measure q30: 0.005371 -> 0.021484,63,121,30,0.7018841838820117,0.8976584269160096,8,0.0011167880777623452,0.007659549953425382,0.022735595703125,0.05029296875,0.0001773197303354371,5.9527434601436146e-05,0.00015086823295538306,6.870523592058317e-05
5,5005,8,15,Torino,readout_8x,measure q30: 0.005371 -> 0.042969,63,121,30,0.686473553098175,0.9165486288923881,8,0.0011167880777623452,0.007659549953425382,0.025421142578125,0.05029296875,0.0001773197303354371,5.9527434601436146e-05,0.00015086823295538306,6.870523592058317e-05
5,5005,8,15,Torino,gate_4x,"cz (29, 28): 0.004394 -> 0.017574",63,121,30,0.676405062042009,0.8898784804754372,8,0.001465946601034647,0.01757431233803919,0.020721435546875,0.05029296875,0.0001773197303354371,5.9527434601436146e-05,0.00015086823295538306,6.870523592058317e-05
5,5005,8,15,Torino,combined_4x,"measure q30: 0.005371 -> 0.021484 | cz (29, 28): 0.004394 -> 0.017574",63,121,30,0.6654471008012696,0.888568504805661,8,0.001465946601034647,0.01757431233803919,0.022735595703125,0.05029296875,0.0001773197303354371,5.9527434601436146e-05,0.00015086823295538306,6.870523592058317e-05
5,5005,8,15,Fez,normal,none,66,125,30,0.8545145841893335,0.9234549544357715,8,0.0006623507592253864,0.0033999583821837653,0.00677490234375,0.012451171875,0.0001374252480133816,9.562081555389064e-05,0.00010365237418145687,4.917429322867596e-05
5,5005,8,15,Fez,readout_4x,measure q142: 0.006104 -> 0.024414,66,125,30,0.8387718689316082,0.9094904542069663,8,0.0006623507592253864,0.0033999583821837653,0.009063720703125,0.0244140625,0.0001374252480133816,9.562081555389064e-05,0.00010365237418145687,4.917429322867596e-05
5,5005,8,15,Fez,readout_8x,measure q142: 0.006104 -> 0.048828,66,125,30,0.8177815819213076,0.9148126022227101,8,0.0006623507592253864,0.0033999583821837653,0.012115478515625,0.048828125,0.0001374252480133816,9.562081555389064e-05,0.00010365237418145687,4.917429322867596e-05
5,5005,8,15,Fez,gate_4x,"cz (141, 142): 0.002924 -> 0.011695",66,125,30,0.846997342171897,0.9202595231645153,8,0.0007189402400255273,0.011695159365362473,0.00677490234375,0.012451171875,0.0001374252480133816,9.562081555389064e-05,0.00010365237418145687,4.917429322867596e-05
5,5005,8,15,Fez,combined_4x,"measure q142: 0.006104 -> 0.024414 | cz (141, 142): 0.002924 -> 0.011695",66,125,30,0.8313931170029232,0.9163268698993922,8,0.0007189402400255273,0.011695159365362473,0.009063720703125,0.0244140625,0.0001374252480133816,9.562081555389064e-05,0.00010365237418145687,4.917429322867596e-05
6,5006,5,21,Sherbrooke,normal,none,146,234,43,0.7430990750021486,0.9550385143659508,5,0.0008984827436413882,0.006303480430202679,0.009423828125,0.019775390625,0.0002768752423068153,0.00023928033542071583,0.00022208770691632554,6.337555301919867e-05
6,5006,5,21,Sherbrooke,readout_4x,measure q125: 0.007812 -> 0.031250,146,234,43,0.725545553545405,0.9476605126196289,5,0.0008984827436413882,0.006303480430202679,0.014111328125,0.03125,0.0002768752423068153,0.00023928033542071583,0.00022208770691632554,6.337555301919867e-05
6,5006,5,21,Sherbrooke,readout_8x,measure q125: 0.007812 -> 0.062500,146,234,43,0.7021408582697467,0.9390617568537006,5,0.0008984827436413882,0.006303480430202679,0.020361328125,0.0625,0.0002768752423068153,0.00023928033542071583,0.00022208770691632554,6.337555301919867e-05
6,5006,5,21,Sherbrooke,gate_4x,"ecr (123, 122): 0.004899 -> 0.019598",146,234,43,0.659698140995372,0.9458228473736336,5,0.0013229833989034851,0.019597780251266794,0.009423828125,0.019775390625,0.0002768752423068153,0.00023928033542071583,0.00022208770691632554,6.337555301919867e-05
6,5006,5,21,Sherbrooke,combined_4x,"measure q125: 0.007812 -> 0.031250 | ecr (123, 122): 0.004899 -> 0.019598",146,234,43,0.644114720341938,0.9481660647985671,5,0.0013229833989034851,0.019597780251266794,0.014111328125,0.03125,0.0002768752423068153,0.00023928033542071583,0.00022208770691632554,6.337555301919867e-05
6,5006,5,21,Torino,normal,none,104,153,34,0.7519519482872564,0.972249404317106,5,0.0011903167419345844,0.007659549953425382,0.012255859375,0.030517578125,0.00014009464988824769,5.9527434601436146e-05,0.00013905354692206692,0.00010472429134423937
6,5006,5,21,Torino,readout_4x,measure q36: 0.007080 -> 0.028320,104,153,34,0.7358664259117974,0.9556799508075134,5,0.0011903167419345844,0.007659549953425382,0.01650390625,0.030517578125,0.00014009464988824769,5.9527434601436146e-05,0.00013905354692206692,0.00010472429134423937
6,5006,5,21,Torino,readout_8x,measure q36: 0.007080 -> 0.056641,104,153,34,0.7144190627445188,0.9266675323670754,5,0.0011903167419345844,0.007659549953425382,0.02216796875,0.056640625,0.00014009464988824769,5.9527434601436146e-05,0.00013905354692206692,0.00010472429134423937
6,5006,5,21,Torino,gate_4x,"cz (27, 28): 0.006178 -> 0.024712",104,153,34,0.7379285845062588,0.9593458013959923,5,0.0012894293949958912,0.02471208816328585,0.012255859375,0.030517578125,0.00014009464988824769,5.9527434601436146e-05,0.00013905354692206692,0.00010472429134423937
6,5006,5,21,Torino,combined_4x,"measure q36: 0.007080 -> 0.028320 | cz (27, 28): 0.006178 -> 0.024712",104,153,34,0.7221430455704227,0.9497051026703839,5,0.0012894293949958912,0.02471208816328585,0.01650390625,0.030517578125,0.00014009464988824769,5.9527434601436146e-05,0.00013905354692206692,0.00010472429134423937
6,5006,5,21,Fez,normal,none,89,159,34,0.8531104423941962,0.9733155126840543,5,0.0006851520611258628,0.004046006358762122,0.0052734375,0.00634765625,0.00012903326274513795,9.562081555389064e-05,0.00010072478293838896,7.152777106683473e-05
6,5006,5,21,Fez,readout_4x,measure q143: 0.004395 -> 0.017578,89,159,34,0.8418137371736747,0.9716038960775998,5,0.0006851520611258628,0.004046006358762122,0.00791015625,0.017578125,0.00012903326274513795,9.562081555389064e-05,0.00010072478293838896,7.152777106683473e-05
6,5006,5,21,Fez,readout_8x,measure q143: 0.004395 -> 0.035156,89,159,34,0.8267514635463126,0.9664622589581829,5,0.0006851520611258628,0.004046006358762122,0.01142578125,0.03515625,0.00012903326274513795,9.562081555389064e-05,0.00010072478293838896,7.152777106683473e-05
6,5006,5,21,Fez,gate_4x,"cz (122, 123): 0.004046 -> 0.016184",89,159,34,0.8222976249857875,0.9771011861462099,5,0.0008738259327779823,0.016184025435048488,0.0052734375,0.00634765625,0.00012903326274513795,9.562081555389064e-05,0.00010072478293838896,7.152777106683473e-05
6,5006,5,21,Fez,combined_4x,"measure q143: 0.004395 -> 0.017578 | cz (122, 123): 0.004046 -> 0.016184",89,159,34,0.8114089364744504,0.9642261776863064,5,0.0008738259327779823,0.016184025435048488,0.00791015625,0.017578125,0.00012903326274513795,9.562081555389064e-05,0.00010072478293838896,7.152777106683473e-05
7,5007,6,25,Sherbrooke,normal,none,146,270,54,0.6714030845019705,0.9354900931618377,6,0.0010355981496320951,0.006303480430202679,0.01025390625,0.021484375,0.00027494878145465566,0.00023928033542071583,0.0002145264554548628,1.565907859482999e-05
7,5007,6,25,Sherbrooke,readout_4x,measure q122: 0.007568 -> 0.030273,146,270,54,0.6560425711296005,0.93834890289632,6,0.0010355981496320951,0.006303480430202679,0.0140380859375,0.0302734375,0.00027494878145465566,0.00023928033542071583,0.0002145264554548628,1.565907859482999e-05
7,5007,6,25,Sherbrooke,readout_8x,measure q122: 0.007568 -> 0.060547,146,270,54,0.6355618866331074,0.9311823070996853,6,0.0010355981496320951,0.006303480430202679,0.019083658854166668,0.060546875,0.00027494878145465566,0.00023928033542071583,0.0002145264554548628,1.565907859482999e-05
7,5007,6,25,Sherbrooke,gate_4x,"ecr (120, 121): 0.005626 -> 0.022502",146,270,54,0.6058683587713125,0.9276839674755568,6,0.0013481290572987337,0.022502225351997973,0.01025390625,0.021484375,0.00027494878145465566,0.00023928033542071583,0.0002145264554548628,1.565907859482999e-05
7,5007,6,25,Sherbrooke,combined_4x,"measure q122: 0.007568 -> 0.030273 | ecr (120, 121): 0.005626 -> 0.022502",146,270,54,0.5920071638473929,0.9135949406835341,6,0.0013481290572987337,0.022502225351997973,0.0140380859375,0.0302734375,0.00027494878145465566,0.00023928033542071583,0.0002145264554548628,1.565907859482999e-05
7,5007,6,25,Torino,normal,none,110,191,54,0.7152038791213298,0.9463502762450824,6,0.0008690256800699805,0.00408020905993689,0.019978841145833332,0.053955078125,0.00019164936749749243,0.00015459493999167093,0.00011094752885241188,2.7784766241489783e-05
7,5007,6,25,Torino,readout_4x,measure q92: 0.009033 -> 0.036133,110,191,54,0.6956454581845307,0.9498074346297288,6,0.0008690256800699805,0.00408020905993689,0.024495442708333332,0.053955078125,0.00019164936749749243,0.00015459493999167093,0.00011094752885241188,2.7784766241489783e-05
7,5007,6,25,Torino,readout_8x,measure q92: 0.009033 -> 0.072266,110,191,54,0.6695675636021315,0.9393635496543368,6,0.0008690256800699805,0.00408020905993689,0.030517578125,0.072265625,0.00019164936749749243,0.00015459493999167093,0.00011094752885241188,2.7784766241489783e-05
7,5007,6,25,Torino,gate_4x,"cz (92, 80): 0.003072 -> 0.012287",110,191,54,0.6827536550093025,0.9492477071899681,6,0.0010570935145245782,0.012287098517700379,0.019978841145833332,0.053955078125,0.00019164936749749243,0.00015459493999167093,0.00011094752885241188,2.7784766241489783e-05
7,5007,6,25,Torino,combined_4x,"measure q92: 0.009033 -> 0.036133 | cz (92, 80): 0.003072 -> 0.012287",110,191,54,0.6640826385751973,0.9390379170919433,6,0.0010570935145245782,0.012287098517700379,0.024495442708333332,0.053955078125,0.00019164936749749243,0.00015459493999167093,0.00011094752885241188,2.7784766241489783e-05
7,5007,6,25,Fez,normal,none,125,194,54,0.7905042453099335,0.9659955626885376,6,0.0008154116177291933,0.004046006358762122,0.005411783854166667,0.00634765625,0.00013520179862149434,9.562081555389064e-05,0.00010807474218878708,7.152777106683473e-05
7,5007,6,25,Fez,readout_4x,measure q136: 0.004639 -> 0.018555,125,194,54,0.7794523095771235,0.9671870714332848,6,0.0008154116177291933,0.004046006358762122,0.007731119791666667,0.0185546875,0.00013520179862149434,9.562081555389064e-05,0.00010807474218878708,7.152777106683473e-05
7,5007,6,25,Fez,readout_8x,measure q136: 0.004639 -> 0.037109,125,194,54,0.7647163952667103,0.9547529463277097,6,0.0008154116177291933,0.004046006358762122,0.010823567708333334,0.037109375,0.00013520179862149434,9.562081555389064e-05,0.00010807474218878708,7.152777106683473e-05
7,5007,6,25,Fez,gate_4x,"cz (143, 136): 0.002434 -> 0.009737",125,194,54,0.7453766058776209,0.9727703339796846,6,0.0010509899718544274,0.009737238637176349,0.005411783854166667,0.00634765625,0.00013520179862149434,9.562081555389064e-05,0.00010807474218878708,7.152777106683473e-05
7,5007,6,25,Fez,combined_4x,"measure q136: 0.004639 -> 0.018555 | cz (143, 136): 0.002434 -> 0.009737",125,194,54,0.7349555937277499,0.9578114657443626,6,0.0010509899718544274,0.009737238637176349,0.007731119791666667,0.0185546875,0.00013520179862149434,9.562081555389064e-05,0.00010807474218878708,7.152777106683473e-05
8,5008,7,17,Sherbrooke,normal,none,133,228,45,0.6598995852630666,0.892622859524936,7,0.0012086224542938737,0.009034455276413444,0.011997767857142858,0.02587890625,0.00029158046735509494,0.00021071911926522037,0.00020148760373429092,2.7133052989838604e-05
8,5008,7,17,Sherbrooke,readout_4x,measure q105: 0.010986 -> 0.043945,133,228,45,0.6379083623525471,0.8976044563315373,7,0.0012086224542938737,0.009034455276413444,0.016706194196428572,0.0439453125,0.00029158046735509494,0.00021071911926522037,0.00020148760373429092,2.7133052989838604e-05
8,5008,7,17,Sherbrooke,readout_8x,measure q105: 0.010986 -> 0.087891,133,228,45,0.6085867318051879,0.8848045389981705,7,0.0012086224542938737,0.009034455276413444,0.022984095982142856,0.087890625,0.00029158046735509494,0.00021071911926522037,0.00020148760373429092,2.7133052989838604e-05
8,5008,7,17,Sherbrooke,gate_4x,"ecr (93, 87): 0.009034 -> 0.036138",133,228,45,0.5587482340123171,0.9113578318015795,7,0.0018043008241672876,0.03613782110565378,0.011997767857142858,0.02587890625,0.00029158046735509494,0.00021071911926522037,0.00020148760373429092,2.7133052989838604e-05
8,5008,7,17,Sherbrooke,combined_4x,"measure q105: 0.010986 -> 0.043945 | ecr (93, 87): 0.009034 -> 0.036138",133,228,45,0.5401278904942566,0.8962068863722734,7,0.0018043008241672876,0.03613782110565378,0.016706194196428572,0.0439453125,0.00029158046735509494,0.00021071911926522037,0.00020148760373429092,2.7133052989838604e-05
8,5008,7,17,Torino,normal,none,104,143,45,0.7160812369084559,0.9234300779254608,7,0.001136927570252521,0.007659549953425382,0.016845703125,0.05029296875,0.00018816176277000875,0.00010976214683862074,0.0001344637261326572,6.947727011386484e-05
8,5008,7,17,Torino,readout_4x,measure q32: 0.012207 -> 0.048828,104,143,45,0.6895334896182266,0.9083740138523133,7,0.001136927570252521,0.007659549953425382,0.022077287946428572,0.05029296875,0.00018816176277000875,0.00010976214683862074,0.0001344637261326572,6.947727011386484e-05
8,5008,7,17,Torino,readout_8x,measure q32: 0.012207 -> 0.097656,104,143,45,0.654136493231254,0.8845498633149328,7,0.001136927570252521,0.007659549953425382,0.029052734375,0.09765625,0.00018816176277000875,0.00010976214683862074,0.0001344637261326572,6.947727011386484e-05
8,5008,7,17,Torino,gate_4x,"cz (32, 31): 0.003061 -> 0.012245",104,143,45,0.6774030221282533,0.9023272367903986,7,0.001430022639280896,0.012244860661629886,0.016845703125,0.05029296875,0.00018816176277000875,0.00010976214683862074,0.0001344637261326572,6.947727011386484e-05
8,5008,7,17,Torino,combined_4x,"measure q32: 0.012207 -> 0.048828 | cz (32, 31): 0.003061 -> 0.012245",104,143,45,0.6522892175510814,0.8746941692430665,7,0.001430022639280896,0.012244860661629886,0.022077287946428572,0.05029296875,0.00018816176277000875,0.00010976214683862074,0.0001344637261326572,6.947727011386484e-05
8,5008,7,17,Fez,normal,none,104,143,45,0.8229944619492545,0.9417003476905186,7,0.0008122541328757838,0.0033999583821837653,0.005964006696428571,0.0107421875,0.00013337264399165073,9.562081555389064e-05,0.00011143495717471131,9.144599425726836e-05
8,5008,7,17,Fez,readout_4x,measure q136: 0.004639 -> 0.018555,104,143,45,0.8114882847770428,0.9367832333420694,7,0.0008122541328757838,0.0033999583821837653,0.007952008928571428,0.0185546875,0.00013337264399165073,9.562081555389064e-05,0.00011143495717471131,9.144599425726836e-05
8,5008,7,17,Fez,readout_8x,measure q136: 0.004639 -> 0.037109,104,143,45,0.7961467152140937,0.932688472646724,7,0.0008122541328757838,0.0033999583821837653,0.010602678571428572,0.037109375,0.00013337264399165073,9.562081555389064e-05,0.00011143495717471131,9.144599425726836e-05
8,5008,7,17,Fez,gate_4x,"cz (136, 143): 0.002434 -> 0.009737",104,143,45,0.7703310582754506,0.9389174295495368,7,0.0011618624350084451,0.009737238637176349,0.005964006696428571,0.0107421875,0.00013337264399165073,9.562081555389064e-05,0.00011143495717471131,9.144599425726836e-05
8,5008,7,17,Fez,combined_4x,"measure q136: 0.004639 -> 0.018555 | cz (136, 143): 0.002434 -> 0.009737",104,143,45,0.7595611612134686,0.920450070120368,7,0.0011618624350084451,0.009737238637176349,0.007952008928571428,0.0185546875,0.00013337264399165073,9.562081555389064e-05,0.00011143495717471131,9.144599425726836e-05
9,5009,5,10,Sherbrooke,normal,none,53,104,17,0.8357410305898879,0.9719356981923631,5,0.001043169890206465,0.007850986624725387,0.010498046875,0.015625,0.0002497563615647794,0.00013252953230862786,0.00023682039453953814,7.063221921579745e-05
9,5009,5,10,Sherbrooke,readout_4x,measure q118: 0.012451 -> 0.049805,53,104,17,0.8041295651559565,0.953943254935719,5,0.001043169890206465,0.007850986624725387,0.01796875,0.0498046875,0.0002497563615647794,0.00013252953230862786,0.00023682039453953814,7.063221921579745e-05
9,5009,5,10,Sherbrooke,readout_8x,measure q118: 0.012451 -> 0.099609,53,104,17,0.7619809445773812,0.940092635226931,5,0.001043169890206465,0.007850986624725387,0.0279296875,0.099609375,0.0002497563615647794,0.00013252953230862786,0.00023682039453953814,7.063221921579745e-05
9,5009,5,10,Sherbrooke,gate_4x,"ecr (99, 100): 0.007851 -> 0.031404",53,104,17,0.7591627420184047,0.948321290065092,5,0.0018217801339808833,0.03140394649890155,0.010498046875,0.015625,0.0002497563615647794,0.00013252953230862786,0.00023682039453953814,7.063221921579745e-05
9,5009,5,10,Sherbrooke,combined_4x,"measure q118: 0.012451 -> 0.049805 | ecr (99, 100): 0.007851 -> 0.031404",53,104,17,0.730447810120057,0.9218121169558761,5,0.0018217801339808833,0.03140394649890155,0.01796875,0.0498046875,0.0002497563615647794,0.00013252953230862786,0.00023682039453953814,7.063221921579745e-05
9,5009,5,10,Torino,normal,none,47,77,17,0.8413215504308489,0.9769946120957622,5,0.0011765688462685245,0.007659549953425382,0.012255859375,0.030517578125,0.00014009464988824769,5.9527434601436146e-05,0.00013905354692206692,0.00010472429134423937
9,5009,5,10,Torino,readout_4x,measure q36: 0.007080 -> 0.028320,47,77,17,0.8233242613018881,0.9599490889903404,5,0.0011765688462685245,0.007659549953425382,0.01650390625,0.030517578125,0.00014009464988824769,5.9527434601436146e-05,0.00013905354692206692,0.00010472429134423937
9,5009,5,10,Torino,readout_8x,measure q36: 0.007080 -> 0.056641,47,77,17,0.7993278757966068,0.9518204034929453,5,0.0011765688462685245,0.007659549953425382,0.02216796875,0.056640625,0.00014009464988824769,5.9527434601436146e-05,0.00013905354692206692,0.00010472429134423937
9,5009,5,10,Torino,gate_4x,"cz (29, 28): 0.004394 -> 0.017574",47,77,17,0.8301833782235408,0.9677532354304264,5,0.0013167894234337306,0.01757431233803919,0.012255859375,0.030517578125,0.00014009464988824769,5.9527434601436146e-05,0.00013905354692206692,0.00010472429134423937
9,5009,5,10,Torino,combined_4x,"measure q36: 0.007080 -> 0.028320 | cz (29, 28): 0.004394 -> 0.017574",47,77,17,0.8124243534127594,0.9634274899468169,5,0.0013167894234337306,0.01757431233803919,0.01650390625,0.030517578125,0.00014009464988824769,5.9527434601436146e-05,0.00013905354692206692,0.00010472429134423937
9,5009,5,10,Fez,normal,none,47,77,17,0.9144290194719166,0.9873984587257899,5,0.0006223939912655935,0.003311355983104225,0.00615234375,0.0107421875,0.0001355044007645096,9.562081555389064e-05,0.00011281155702207986,9.144599425726836e-05
9,5009,5,10,Fez,readout_4x,measure q136: 0.004639 -> 0.018555,47,77,17,0.901644507794237,0.9766629137242672,5,0.0006223939912655935,0.003311355983104225,0.008935546875,0.0185546875,0.0001355044007645096,9.562081555389064e-05,0.00011281155702207986,9.144599425726836e-05
9,5009,5,10,Fez,readout_8x,measure q136: 0.004639 -> 0.037109,47,77,17,0.8845984922239977,0.9708663925223536,5,0.0006223939912655935,0.003311355983104225,0.012646484375,0.037109375,0.0001355044007645096,9.562081555389064e-05,0.00011281155702207986,9.144599425726836e-05
9,5009,5,10,Fez,gate_4x,"cz (143, 142): 0.003311 -> 0.013245",47,77,17,0.8785137357284246,0.981502892390338,5,0.0010451202869810265,0.0132454239324169,0.00615234375,0.0107421875,0.0001355044007645096,9.562081555389064e-05,0.00011281155702207986,9.144599425726836e-05
9,5009,5,10,Fez,combined_4x,"measure q136: 0.004639 -> 0.018555 | cz (143, 142): 0.003311 -> 0.013245",47,77,17,0.8662313509021995,0.9771319657104102,5,0.0010451202869810265,0.0132454239324169,0.008935546875,0.0185546875,0.0001355044007645096,9.562081555389064e-05,0.00011281155702207986,9.144599425726836e-05
10,5010,5,14,Sherbrooke,normal,none,62,126,25,0.8239956761176068,0.9734877987570978,5,0.0009655475070952536,0.006303480430202679,0.009423828125,0.019775390625,0.0002768752423068153,0.00023928033542071583,0.00022208770691632554,6.337555301919867e-05
10,5010,5,14,Sherbrooke,readout_4x,measure q124: 0.004150 -> 0.016602,62,126,25,0.8136932050506792,0.9773313810692278,5,0.0009655475070952536,0.006303480430202679,0.0119140625,0.019775390625,0.0002768752423068153,0.00023928033542071583,0.00022208770691632554,6.337555301919867e-05
10,5010,5,14,Sherbrooke,readout_8x,measure q124: 0.004150 -> 0.033203,62,126,25,0.7999565769614423,0.9757211360191651,5,0.0009655475070952536,0.006303480430202679,0.015234375,0.033203125,0.0002768752423068153,0.00023928033542071583,0.00022208770691632554,6.337555301919867e-05
10,5010,5,14,Sherbrooke,gate_4x,"ecr (124, 123): 0.005274 -> 0.021094",62,126,25,0.7365221987761486,0.9514240808614167,5,0.0016989512785028065,0.02109408942524582,0.009423828125,0.019775390625,0.0002768752423068153,0.00023928033542071583,0.00022208770691632554,6.337555301919867e-05
10,5010,5,14,Sherbrooke,combined_4x,"measure q124: 0.004150 -> 0.016602 | ecr (124, 123): 0.005274 -> 0.021094",62,126,25,0.7273134142364125,0.9540438788930388,5,0.0016989512785028065,0.02109408942524582,0.0119140625,0.019775390625,0.0002768752423068153,0.00023928033542071583,0.00022208770691632554,6.337555301919867e-05
10,5010,5,14,Torino,normal,none,66,95,22,0.8228403508530219,0.9556280730737633,5,0.0011347601961863,0.007659549953425382,0.012255859375,0.030517578125,0.00014009464988824769,5.9527434601436146e-05,0.00013905354692206692,0.00010472429134423937
10,5010,5,14,Torino,readout_4x,measure q29: 0.011963 -> 0.047852,66,95,22,0.7929521542690351,0.9677297849876166,5,0.0011347601961863,0.007659549953425382,0.01943359375,0.0478515625,0.00014009464988824769,5.9527434601436146e-05,0.00013905354692206692,0.00010472429134423937
10,5010,5,14,Torino,readout_8x,measure q29: 0.011963 -> 0.095703,66,95,22,0.7531012254903862,0.952245363035344,5,0.0011347601961863,0.007659549953425382,0.02900390625,0.095703125,0.00014009464988824769,5.9527434601436146e-05,0.00013905354692206692,0.00010472429134423937
10,5010,5,14,Torino,gate_4x,"cz (29, 30): 0.007660 -> 0.030638",66,95,22,0.7318829248432155,0.9341805956955097,5,0.002116753779958785,0.030638199813701528,0.012255859375,0.030517578125,0.00014009464988824769,5.9527434601436146e-05,0.00013905354692206692,0.00010472429134423937
10,5010,5,14,Torino,combined_4x,"measure q29: 0.011963 -> 0.047852 | cz (29, 30): 0.007660 -> 0.030638",66,95,22,0.7052985932514307,0.9307717491804476,5,0.002116753779958785,0.030638199813701528,0.01943359375,0.0478515625,0.00014009464988824769,5.9527434601436146e-05,0.00013905354692206692,0.00010472429134423937
10,5010,5,14,Fez,normal,none,63,84,22,0.900077502000589,0.9846774179668338,5,0.0007009312664490824,0.003311355983104225,0.00615234375,0.0107421875,0.0001355044007645096,9.562081555389064e-05,0.00011281155702207986,9.144599425726836e-05
10,5010,5,14,Fez,readout_4x,measure q143: 0.004395 -> 0.017578,63,84,22,0.8881588690658093,0.9831992815544058,5,0.0007009312664490824,0.003311355983104225,0.0087890625,0.017578125,0.0001355044007645096,9.562081555389064e-05,0.00011281155702207986,9.144599425726836e-05
10,5010,5,14,Fez,readout_8x,measure q143: 0.004395 -> 0.035156,63,84,22,0.872267358486103,0.9823749570041281,5,0.0007009312664490824,0.003311355983104225,0.0123046875,0.03515625,0.0001355044007645096,9.562081555389064e-05,0.00011281155702207986,9.144599425726836e-05
10,5010,5,14,Fez,gate_4x,"cz (143, 136): 0.002434 -> 0.009737",63,84,22,0.8676101538249441,0.9722791657068495,5,0.0010454090484246607,0.009737238637176349,0.00615234375,0.0107421875,0.0001355044007645096,9.562081555389064e-05,0.00011281155702207986,9.144599425726836e-05
10,5010,5,14,Fez,combined_4x,"measure q143: 0.004395 -> 0.017578 | cz (143, 136): 0.002434 -> 0.009737",63,84,22,0.8561214465403569,0.9778843970059521,5,0.0010454090484246607,0.009737238637176349,0.0087890625,0.017578125,0.0001355044007645096,9.562081555389064e-05,0.00011281155702207986,9.144599425726836e-05
11,5011,4,17,Sherbrooke,normal,none,75,108,21,0.825327505013247,0.9724299631165552,4,0.001129631421602057,0.010934778799582434,0.0113525390625,0.016845703125,0.00034112801210783026,0.0001586839588384347,0.00014118472042975262,1.8737652324842994e-05
11,5011,4,17,Sherbrooke,readout_4x,measure q17: 0.016846 -> 0.067383,75,108,21,0.7829031708841827,0.9699924415774843,4,0.001129631421602057,0.010934778799582434,0.02398681640625,0.0673828125,0.00034112801210783026,0.0001586839588384347,0.00014118472042975262,1.8737652324842994e-05
11,5011,4,17,Sherbrooke,readout_8x,measure q17: 0.016846 -> 0.134766,75,108,21,0.7263373920454302,0.9698339947276242,4,0.001129631421602057,0.010934778799582434,0.04083251953125,0.134765625,0.00034112801210783026,0.0001586839588384347,0.00014118472042975262,1.8737652324842994e-05
11,5011,4,17,Sherbrooke,gate_4x,"ecr (17, 30): 0.003645 -> 0.014579",75,108,21,0.7555929041669355,0.9671444173260239,4,0.0018077112119783815,0.014578715493090977,0.0113525390625,0.016845703125,0.00034112801210783026,0.0001586839588384347,0.00014118472042975262,1.8737652324842994e-05
11,5011,4,17,Sherbrooke,combined_4x,"measure q17: 0.016846 -> 0.067383 | ecr (17, 30): 0.003645 -> 0.014579",75,108,21,0.7167531397858687,0.9690107440179845,4,0.0018077112119783815,0.014578715493090977,0.02398681640625,0.0673828125,0.00034112801210783026,0.0001586839588384347,0.00014118472042975262,1.8737652324842994e-05
11,5011,4,17,Torino,normal,none,69,96,24,0.8703868603129806,0.9843045483793288,4,0.0007620177560590277,0.003746277807441689,0.01171875,0.02294921875,0.00019043703324203982,0.00015459493999167093,0.00012061807649362823,2.7784766241489783e-05
11,5011,4,17,Torino,readout_4x,measure q99: 0.009521 -> 0.038086,69,96,24,0.8452857356749183,0.9884097759006082,4,0.0007620177560590277,0.003746277807441689,0.01885986328125,0.0380859375,0.00019043703324203982,0.00015459493999167093,0.00012061807649362823,2.7784766241489783e-05
11,5011,4,17,Torino,readout_8x,measure q99: 0.009521 -> 0.076172,69,96,24,0.8118175694908353,0.9892387776060938,4,0.0007620177560590277,0.003746277807441689,0.02838134765625,0.076171875,0.00019043703324203982,0.00015459493999167093,0.00012061807649362823,2.7784766241489783e-05
11,5011,4,17,Torino,gate_4x,"cz (92, 80): 0.003072 -> 0.012287",69,96,24,0.8080663128322706,0.9854409262630195,4,0.0013763726819440464,0.012287098517700379,0.01171875,0.02294921875,0.00019043703324203982,0.00015459493999167093,0.00012061807649362823,2.7784766241489783e-05
11,5011,4,17,Torino,combined_4x,"measure q99: 0.009521 -> 0.038086 | cz (92, 80): 0.003072 -> 0.012287",69,96,24,0.7847624531819439,0.9734391940223946,4,0.0013763726819440464,0.012287098517700379,0.01885986328125,0.0380859375,0.00019043703324203982,0.00015459493999167093,0.00012061807649362823,2.7784766241489783e-05
11,5011,4,17,Fez,normal,none,67,93,21,0.8910135755757659,0.9910013848022682,4,0.000853851391207174,0.00475732006683538,0.00445556640625,0.00634765625,0.0001515716190726661,0.00012339246491872296,0.00010502221049964733,8.856971895776478e-05
11,5011,4,17,Fez,readout_4x,measure q102: 0.006104 -> 0.024414,67,93,21,0.8745984396955933,0.9964982145904618,4,0.000853851391207174,0.00475732006683538,0.009033203125,0.0244140625,0.0001515716190726661,0.00012339246491872296,0.00010502221049964733,8.856971895776478e-05
11,5011,4,17,Fez,readout_8x,measure q102: 0.006104 -> 0.048828,67,93,21,0.852711591855363,0.9910915114902721,4,0.000853851391207174,0.00475732006683538,0.01513671875,0.048828125,0.0001515716190726661,0.00012339246491872296,0.00010502221049964733,8.856971895776478e-05
11,5011,4,17,Fez,gate_4x,"cz (102, 103): 0.003325 -> 0.013300",67,93,21,0.8645280584637046,0.9891429552761825,4,0.0011163497671479248,0.013299917714331366,0.00445556640625,0.00634765625,0.0001515716190726661,0.00012339246491872296,0.00010502221049964733,8.856971895776478e-05
11,5011,4,17,Fez,combined_4x,"measure q102: 0.006104 -> 0.024414 | cz (102, 103): 0.003325 -> 0.013300",67,93,21,0.848600865050593,0.9947112150197548,4,0.0011163497671479248,0.013299917714331366,0.009033203125,0.0244140625,0.0001515716190726661,0.00012339246491872296,0.00010502221049964733,8.856971895776478e-05
12,5012,5,21,Sherbrooke,normal,none,108,173,34,0.7359680210389793,0.9726363372505582,5,0.0012219072318637601,0.007850986624725387,0.010498046875,0.015625,0.0002497563615647794,0.00013252953230862786,0.00023682039453953814,7.063221921579745e-05
12,5012,5,21,Sherbrooke,readout_4x,measure q101: 0.003662 -> 0.014648,108,173,34,0.7278527157347023,0.9724370068440881,5,0.0012219072318637601,0.007850986624725387,0.0126953125,0.015625,0.0002497563615647794,0.00013252953230862786,0.00023682039453953814,7.063221921579745e-05
12,5012,5,21,Sherbrooke,readout_8x,measure q101: 0.003662 -> 0.029297,108,173,34,0.717032308662333,0.964382647946778,5,0.0012219072318637601,0.007850986624725387,0.015625,0.029296875,0.0002497563615647794,0.00013252953230862786,0.00023682039453953814,7.063221921579745e-05
12,5012,5,21,Sherbrooke,gate_4x,"ecr (101, 100): 0.007667 -> 0.030667",108,173,34,0.6545412310759017,0.9748468141206299,5,0.0017774603554142584,0.030666532419987513,0.010498046875,0.015625,0.0002497563615647794,0.00013252953230862786,0.00023682039453953814,7.063221921579745e-05
12,5012,5,21,Sherbrooke,combined_4x,"measure q101: 0.003662 -> 0.014648 | ecr (101, 100): 0.007667 -> 0.030667",108,173,34,0.6473237953007447,0.9687808546301676,5,0.0017774603554142584,0.030666532419987513,0.0126953125,0.015625,0.0002497563615647794,0.00013252953230862786,0.00023682039453953814,7.063221921579745e-05
12,5012,5,21,Torino,normal,none,75,121,34,0.759120836014616,0.9738997858454259,5,0.001375087174692649,0.007659549953425382,0.012255859375,0.030517578125,0.00014009464988824769,5.9527434601436146e-05,0.00013905354692206692,0.00010472429134423937
12,5012,5,21,Torino,readout_4x,measure q36: 0.007080 -> 0.028320,75,121,34,0.7428819590209422,0.9696749852574743,5,0.001375087174692649,0.007659549953425382,0.01650390625,0.030517578125,0.00014009464988824769,5.9527434601436146e-05,0.00013905354692206692,0.00010472429134423937
12,5012,5,21,Torino,readout_8x,measure q36: 0.007080 -> 0.056641,75,121,34,0.7212301230293772,0.976966973799002,5,0.001375087174692649,0.007659549953425382,0.02216796875,0.056640625,0.00014009464988824769,5.9527434601436146e-05,0.00013905354692206692,0.00010472429134423937
12,5012,5,21,Torino,gate_4x,"cz (28, 27): 0.006178 -> 0.024712",75,121,34,0.7040571130566969,0.9696218551111383,5,0.001853385655272375,0.02471208816328585,0.012255859375,0.030517578125,0.00014009464988824769,5.9527434601436146e-05,0.00013905354692206692,0.00010472429134423937
12,5012,5,21,Torino,combined_4x,"measure q36: 0.007080 -> 0.028320 | cz (28, 27): 0.006178 -> 0.024712",75,121,34,0.6889961421110533,0.9669344301484897,5,0.001853385655272375,0.02471208816328585,0.01650390625,0.030517578125,0.00014009464988824769,5.9527434601436146e-05,0.00013905354692206692,0.00010472429134423937
12,5012,5,21,Fez,normal,none,71,129,37,0.86221351278114,0.9785839725229891,5,0.0007225071883081192,0.003311355983104225,0.005615234375,0.008056640625,0.0001350813559158415,9.562081555389064e-05,9.592361336609829e-05,2.723830561991519e-05
12,5012,5,21,Fez,readout_4x,measure q143: 0.004395 -> 0.017578,71,129,37,0.850796266657996,0.9811711986989544,5,0.0007225071883081192,0.003311355983104225,0.008251953125,0.017578125,0.0001350813559158415,9.562081555389064e-05,9.592361336609829e-05,2.723830561991519e-05
12,5012,5,21,Fez,readout_8x,measure q143: 0.004395 -> 0.035156,71,129,37,0.8355732718271369,0.9832384217621086,5,0.0007225071883081192,0.003311355983104225,0.011767578125,0.03515625,0.0001350813559158415,9.562081555389064e-05,9.592361336609829e-05,2.723830561991519e-05
12,5012,5,21,Fez,gate_4x,"cz (140, 141): 0.002730 -> 0.010921",71,129,37,0.8481092919927232,0.9824239307913668,5,0.0008211864617989266,0.010920506266316021,0.005615234375,0.008056640625,0.0001350813559158415,9.562081555389064e-05,9.592361336609829e-05,2.723830561991519e-05
12,5012,5,21,Fez,combined_4x,"measure q143: 0.004395 -> 0.017578 | cz (140, 141): 0.002730 -> 0.010921",71,129,37,0.8368788109315151,0.9852239555522904,5,0.0008211864617989266,0.010920506266316021,0.008251953125,0.017578125,0.0001350813559158415,9.562081555389064e-05,9.592361336609829e-05,2.723830561991519e-05
13,5013,5,20,Sherbrooke,normal,none,92,170,29,0.7609948835564084,0.9787623506741258,5,0.001103557929141413,0.007850986624725387,0.010498046875,0.015625,0.0002497563615647794,0.00013252953230862786,0.00023682039453953814,7.063221921579745e-05
13,5013,5,20,Sherbrooke,readout_4x,measure q118: 0.012451 -> 0.049805,92,170,29,0.7322106518668829,0.9629225066967293,5,0.001103557929141413,0.007850986624725387,0.01796875,0.0498046875,0.0002497563615647794,0.00013252953230862786,0.00023682039453953814,7.063221921579745e-05
13,5013,5,20,Sherbrooke,readout_8x,measure q118: 0.012451 -> 0.099609,92,170,29,0.693831676280849,0.9438973071806984,5,0.001103557929141413,0.007850986624725387,0.0279296875,0.099609375,0.0002497563615647794,0.00013252953230862786,0.00023682039453953814,7.063221921579745e-05
13,5013,5,20,Sherbrooke,gate_4x,"ecr (101, 100): 0.007667 -> 0.030667",92,170,29,0.661112570305517,0.9416030644685127,5,0.0017970222300959045,0.030666532419987513,0.010498046875,0.015625,0.0002497563615647794,0.00013252953230862786,0.00023682039453953814,7.063221921579745e-05
13,5013,5,20,Sherbrooke,combined_4x,"measure q118: 0.012451 -> 0.049805 | ecr (101, 100): 0.007667 -> 0.030667",92,170,29,0.6361063346425394,0.9304624926506632,5,0.0017970222300959045,0.030666532419987513,0.01796875,0.0498046875,0.0002497563615647794,0.00013252953230862786,0.00023682039453953814,7.063221921579745e-05
13,5013,5,20,Torino,normal,none,72,105,26,0.8047747703333042,0.9687035041006029,5,0.0011825567541550296,0.007659549953425382,0.012255859375,0.030517578125,0.00014009464988824769,5.9527434601436146e-05,0.00013905354692206692,0.00010472429134423937
13,5013,5,20,Torino,readout_4x,measure q29: 0.011963 -> 0.047852,72,105,26,0.7755427734865054,0.9528517777584282,5,0.0011825567541550296,0.007659549953425382,0.01943359375,0.0478515625,0.00014009464988824769,5.9527434601436146e-05,0.00013905354692206692,0.00010472429134423937
13,5013,5,20,Torino,readout_8x,measure q29: 0.011963 -> 0.095703,72,105,26,0.7365667776907733,0.9460384608245951,5,0.0011825567541550296,0.007659549953425382,0.02900390625,0.095703125,0.00014009464988824769,5.9527434601436146e-05,0.00013905354692206692,0.00010472429134423937
13,5013,5,20,Torino,gate_4x,"cz (28, 29): 0.004394 -> 0.017574",72,105,26,0.7941204373075084,0.9741942268521393,5,0.0012831730461667042,0.01757431233803919,0.012255859375,0.030517578125,0.00014009464988824769,5.9527434601436146e-05,0.00013905354692206692,0.00010472429134423937
13,5013,5,20,Torino,combined_4x,"measure q29: 0.011963 -> 0.047852 | cz (28, 29): 0.004394 -> 0.017574",72,105,26,0.7652754399553453,0.9623009168012056,5,0.0012831730461667042,0.01757431233803919,0.01943359375,0.0478515625,0.00014009464988824769,5.9527434601436146e-05,0.00013905354692206692,0.00010472429134423937
13,5013,5,20,Fez,normal,none,74,106,29,0.8785336808497991,0.9844178609744448,5,0.0007296004496279906,0.003311355983104225,0.00615234375,0.0107421875,0.0001355044007645096,9.562081555389064e-05,0.00011281155702207986,9.144599425726836e-05
13,5013,5,20,Fez,readout_4x,measure q143: 0.004395 -> 0.017578,74,106,29,0.8669003265668443,0.9774759192929976,5,0.0007296004496279906,0.003311355983104225,0.0087890625,0.017578125,0.0001355044007645096,9.562081555389064e-05,0.00011281155702207986,9.144599425726836e-05
13,5013,5,20,Fez,readout_8x,measure q143: 0.004395 -> 0.035156,74,106,29,0.8513891875229048,0.9821999097416532,5,0.0007296004496279906,0.003311355983104225,0.0123046875,0.03515625,0.0001355044007645096,9.562081555389064e-05,0.00011281155702207986,9.144599425726836e-05
13,5013,5,20,Fez,gate_4x,"cz (136, 143): 0.002434 -> 0.009737",74,106,29,0.8721021554494693,0.9795432183741128,5,0.0007836962198345259,0.009737238637176349,0.00615234375,0.0107421875,0.0001355044007645096,9.562081555389064e-05,0.00011281155702207986,9.144599425726836e-05
13,5013,5,20,Fez,combined_4x,"measure q143: 0.004395 -> 0.017578 | cz (136, 143): 0.002434 -> 0.009737",74,106,29,0.860553966044302,0.9757046862623071,5,0.0007836962198345259,0.009737238637176349,0.0087890625,0.017578125,0.0001355044007645096,9.562081555389064e-05,0.00011281155702207986,9.144599425726836e-05
14,5014,6,17,Sherbrooke,normal,none,80,176,34,0.7302203703774568,0.9453961905192119,6,0.001109643613607831,0.007731650573851945,0.013346354166666666,0.017822265625,0.00030045777999759745,0.00022879595524938841,9.443992520510245e-05,2.4196989159075558e-05
14,5014,6,17,Sherbrooke,readout_4x,measure q58: 0.009277 -> 0.037109,80,176,34,0.7097065403569961,0.9403235938710238,6,0.001109643613607831,0.007731650573851945,0.017985026041666668,0.037109375,0.00030045777999759745,0.00022879595524938841,9.443992520510245e-05,2.4196989159075558e-05
14,5014,6,17,Sherbrooke,readout_8x,measure q58: 0.009277 -> 0.074219,80,176,34,0.6823547669963814,0.9400557491344379,6,0.001109643613607831,0.007731650573851945,0.024169921875,0.07421875,0.00030045777999759745,0.00022879595524938841,9.443992520510245e-05,2.4196989159075558e-05
14,5014,6,17,Sherbrooke,gate_4x,"ecr (71, 58): 0.007732 -> 0.030927",80,176,34,0.6487712692198917,0.925265249640796,6,0.00166190436888297,0.03092660229540778,0.013346354166666666,0.017822265625,0.00030045777999759745,0.00022879595524938841,9.443992520510245e-05,2.4196989159075558e-05
14,5014,6,17,Sherbrooke,combined_4x,"measure q58: 0.009277 -> 0.037109 | ecr (71, 58): 0.007732 -> 0.030927",80,176,34,0.6305455608189385,0.9151980000621753,6,0.00166190436888297,0.03092660229540778,0.017985026041666668,0.037109375,0.00030045777999759745,0.00022879595524938841,9.443992520510245e-05,2.4196989159075558e-05
14,5014,6,17,Torino,normal,none,67,142,37,0.7193702191262025,0.9551821637893565,6,0.001354479767094662,0.007149550828637552,0.014241536458333334,0.030517578125,0.00016149496557519023,5.9527434601436146e-05,0.00011883393753481318,3.136320201800166e-05
14,5014,6,17,Torino,readout_4x,measure q29: 0.011963 -> 0.047852,67,142,37,0.6932403890763996,0.9292372631101851,6,0.001354479767094662,0.007149550828637552,0.020222981770833332,0.0478515625,0.00016149496557519023,5.9527434601436146e-05,0.00011883393753481318,3.136320201800166e-05
14,5014,6,17,Torino,readout_8x,measure q29: 0.011963 -> 0.095703,67,142,37,0.6584006156766625,0.9277900075157186,6,0.001354479767094662,0.007149550828637552,0.0281982421875,0.095703125,0.00016149496557519023,5.9527434601436146e-05,0.00011883393753481318,3.136320201800166e-05
14,5014,6,17,Torino,gate_4x,"cz (28, 27): 0.006178 -> 0.024712",67,142,37,0.6547472423338095,0.9400853527939729,6,0.0018721911112975778,0.02471208816328585,0.014241536458333334,0.030517578125,0.00016149496557519023,5.9527434601436146e-05,0.00011883393753481318,3.136320201800166e-05
14,5014,6,17,Torino,combined_4x,"measure q29: 0.011963 -> 0.047852 | cz (28, 27): 0.006178 -> 0.024712",67,142,37,0.6309647257479261,0.9374368753929864,6,0.0018721911112975778,0.02471208816328585,0.020222981770833332,0.0478515625,0.00016149496557519023,5.9527434601436146e-05,0.00011883393753481318,3.136320201800166e-05
14,5014,6,17,Fez,normal,none,67,142,37,0.8528026201377931,0.9717796560192283,6,0.0007148944483999167,0.0033999583821837653,0.005167643229166667,0.00634765625,0.00013930878891715842,9.562081555389064e-05,0.00011139444605385935,9.144599425726836e-05
14,5014,6,17,Fez,readout_4x,measure q123: 0.006348 -> 0.025391,67,142,37,0.8364589827002628,0.9723355763563156,6,0.0007148944483999167,0.0033999583821837653,0.008341471354166666,0.025390625,0.00013930878891715842,9.562081555389064e-05,0.00011139444605385935,9.144599425726836e-05
14,5014,6,17,Fez,readout_8x,measure q123: 0.006348 -> 0.050781,67,142,37,0.8146674661168891,0.9557148184158514,6,0.0007148944483999167,0.0033999583821837653,0.0125732421875,0.05078125,0.00013930878891715842,9.562081555389064e-05,0.00011139444605385935,9.144599425726836e-05
14,5014,6,17,Fez,gate_4x,"cz (123, 124): 0.003249 -> 0.012997",67,142,37,0.8280258010524191,0.9555511730689858,6,0.0008782691324061452,0.01299736374982885,0.005167643229166667,0.00634765625,0.00013930878891715842,9.562081555389064e-05,0.00011139444605385935,9.144599425726836e-05
14,5014,6,17,Fez,combined_4x,"measure q123: 0.006348 -> 0.025391 | cz (123, 124): 0.003249 -> 0.012997",67,142,37,0.8121570019167705,0.9759303987159682,6,0.0008782691324061452,0.01299736374982885,0.008341471354166666,0.025390625,0.00013930878891715842,9.562081555389064e-05,0.00011139444605385935,9.144599425726836e-05
15,5015,8,14,Sherbrooke,normal,none,89,224,43,0.6549910736464942,0.8673942810329585,8,0.0012149672045135436,0.009034455276413444,0.012115478515625,0.02587890625,0.0002738413357907301,0.00014966741484017624,0.000193632716159397,2.7133052989838604e-05
15,5015,8,14,Sherbrooke,readout_4x,measure q106: 0.012451 -> 0.049805,89,224,43,0.6302163803787777,0.856870143716457,8,0.0012149672045135436,0.009034455276413444,0.01678466796875,0.0498046875,0.0002738413357907301,0.00014966741484017624,0.000193632716159397,2.7133052989838604e-05
15,5015,8,14,Sherbrooke,readout_8x,measure q106: 0.012451 -> 0.099609,89,224,43,0.5971834560218223,0.8589079156551078,8,0.0012149672045135436,0.009034455276413444,0.02301025390625,0.099609375,0.0002738413357907301,0.00014966741484017624,0.000193632716159397,2.7133052989838604e-05
15,5015,8,14,Sherbrooke,gate_4x,"ecr (93, 106): 0.007019 -> 0.028075",89,224,43,0.5759502060795878,0.8561607292200586,8,0.0016881469793989035,0.02807533330986467,0.012115478515625,0.02587890625,0.0002738413357907301,0.00014966741484017624,0.000193632716159397,2.7133052989838604e-05
15,5015,8,14,Sherbrooke,combined_4x,"measure q106: 0.012451 -> 0.049805 | ecr (93, 106): 0.007019 -> 0.028075",89,224,43,0.5541651921042658,0.856624369671625,8,0.0016881469793989035,0.02807533330986467,0.01678466796875,0.0498046875,0.0002738413357907301,0.00014966741484017624,0.000193632716159397,2.7133052989838604e-05
15,5015,8,14,Torino,normal,none,73,167,40,0.7181451577981659,0.8884032724028132,8,0.0009845195112625224,0.007659549953425382,0.015625,0.05029296875,0.00017295803587674647,5.9527434601436146e-05,0.00014654901255385964,6.947727011386484e-05
15,5015,8,14,Torino,readout_4x,measure q31: 0.050293 -> 0.201172,73,167,40,0.604054230415321,0.8624821146690398,8,0.0009845195112625224,0.007659549953425382,0.03448486328125,0.201171875,0.00017295803587674647,5.9527434601436146e-05,0.00014654901255385964,6.947727011386484e-05
15,5015,8,14,Torino,readout_8x,measure q31: 0.050293 -> 0.402344,73,167,40,0.4519329939048613,0.8311592774650755,8,0.0009845195112625224,0.007659549953425382,0.05963134765625,0.40234375,0.00017295803587674647,5.9527434601436146e-05,0.00014654901255385964,6.947727011386484e-05
15,5015,8,14,Torino,gate_4x,"cz (29, 30): 0.007660 -> 0.030638",73,167,40,0.6852714685669431,0.8838967848534229,8,0.001206535451941519,0.030638199813701528,0.015625,0.05029296875,0.00017295803587674647,5.9527434601436146e-05,0.00014654901255385964,6.947727011386484e-05
15,5015,8,14,Torino,combined_4x,"measure q31: 0.050293 -> 0.201172 | cz (29, 30): 0.007660 -> 0.030638",73,167,40,0.5764031478537369,0.878960155715256,8,0.001206535451941519,0.030638199813701528,0.03448486328125,0.201171875,0.00017295803587674647,5.9527434601436146e-05,0.00014654901255385964,6.947727011386484e-05
15,5015,8,14,Fez,normal,none,85,159,43,0.814250794638105,0.8947986186537878,8,0.0007394874165329061,0.0033999583821837653,0.0069580078125,0.013916015625,0.00013576487081252563,9.562081555389064e-05,0.00011472926511939969,9.144599425726836e-05
15,5015,8,14,Fez,readout_4x,measure q124: 0.004639 -> 0.018555,85,159,43,0.8028668615269029,0.9151004983517531,8,0.0007394874165329061,0.0033999583821837653,0.008697509765625,0.0185546875,0.00013576487081252563,9.562081555389064e-05,0.00011472926511939969,9.144599425726836e-05
15,5015,8,14,Fez,readout_8x,measure q124: 0.004639 -> 0.037109,85,159,43,0.7876882840452996,0.905089775750416,8,0.0007394874165329061,0.0033999583821837653,0.011016845703125,0.037109375,0.00013576487081252563,9.562081555389064e-05,0.00011472926511939969,9.144599425726836e-05
15,5015,8,14,Fez,gate_4x,"cz (123, 124): 0.003249 -> 0.012997",85,159,43,0.7676245893211201,0.8862110823890712,8,0.0010290326485835487,0.01299736374982885,0.0069580078125,0.013916015625,0.00013576487081252563,9.562081555389064e-05,0.00011472926511939969,9.144599425726836e-05
15,5015,8,14,Fez,combined_4x,"measure q124: 0.004639 -> 0.018555 | cz (123, 124): 0.003249 -> 0.012997",85,159,43,0.7568925310451073,0.9064379013553944,8,0.0010290326485835487,0.01299736374982885,0.008697509765625,0.0185546875,0.00013576487081252563,9.562081555389064e-05,0.00011472926511939969,9.144599425726836e-05
16,5016,7,21,Sherbrooke,normal,none,171,291,60,0.586342217810482,0.8925323646728013,7,0.0012756341134116014,0.009034455276413444,0.011997767857142858,0.02587890625,0.00029158046735509494,0.00021071911926522037,0.00020148760373429092,2.7133052989838604e-05
16,5016,7,21,Sherbrooke,readout_4x,measure q106: 0.012451 -> 0.049805,171,291,60,0.5641641314507777,0.8785587357796291,7,0.0012756341134116014,0.009034455276413444,0.017333984375,0.0498046875,0.00029158046735509494,0.00021071911926522037,0.00020148760373429092,2.7133052989838604e-05
16,5016,7,21,Sherbrooke,readout_8x,measure q106: 0.012451 -> 0.099609,171,291,60,0.5345933496378388,0.8786613206571527,7,0.0012756341134116014,0.009034455276413444,0.024448939732142856,0.099609375,0.00029158046735509494,0.00021071911926522037,0.00020148760373429092,2.7133052989838604e-05
16,5016,7,21,Sherbrooke,gate_4x,"ecr (93, 87): 0.009034 -> 0.036138",171,291,60,0.524779309925678,0.9006397480650583,7,0.0015845043792718902,0.03613782110565378,0.011997767857142858,0.02587890625,0.00029158046735509494,0.00021071911926522037,0.00020148760373429092,2.7133052989838604e-05
16,5016,7,21,Sherbrooke,combined_4x,"measure q106: 0.012451 -> 0.049805 | ecr (93, 87): 0.009034 -> 0.036138",171,291,60,0.504929808215263,0.8632495362713533,7,0.0015845043792718902,0.03613782110565378,0.017333984375,0.0498046875,0.00029158046735509494,0.00021071911926522037,0.00020148760373429092,2.7133052989838604e-05
16,5016,7,21,Torino,normal,none,118,208,63,0.6116133544363558,0.8933650863739355,7,0.001387005995719556,0.007659549953425382,0.016183035714285716,0.040771484375,0.00015201523650569675,5.9527434601436146e-05,0.0001477933213735572,9.850632384804888e-05
16,5016,7,21,Torino,readout_4x,measure q28: 0.006348 -> 0.025391,118,208,63,0.5998920174225879,0.8927401076963202,7,0.001387005995719556,0.007659549953425382,0.018903459821428572,0.040771484375,0.00015201523650569675,5.9527434601436146e-05,0.0001477933213735572,9.850632384804888e-05
16,5016,7,21,Torino,readout_8x,measure q28: 0.006348 -> 0.050781,118,208,63,0.5842635680708971,0.8725644416935183,7,0.001387005995719556,0.007659549953425382,0.022530691964285716,0.05078125,0.00015201523650569675,5.9527434601436146e-05,0.0001477933213735572,9.850632384804888e-05
16,5016,7,21,Torino,gate_4x,"cz (28, 27): 0.006178 -> 0.024712",118,208,63,0.5566704688972975,0.8834064951854802,7,0.001728962935248419,0.02471208816328585,0.016183035714285716,0.040771484375,0.00015201523650569675,5.9527434601436146e-05,0.0001477933213735572,9.850632384804888e-05
16,5016,7,21,Torino,combined_4x,"measure q28: 0.006348 -> 0.025391 | cz (28, 27): 0.006178 -> 0.024712",118,208,63,0.5460020913606911,0.8781091087428048,7,0.001728962935248419,0.02471208816328585,0.018903459821428572,0.040771484375,0.00015201523650569675,5.9527434601436146e-05,0.0001477933213735572,9.850632384804888e-05
16,5016,7,21,Fez,normal,none,125,208,63,0.7766791299795112,0.9342129472119579,7,0.0007642889195801212,0.0033999583821837653,0.006452287946428571,0.0107421875,0.00013265245907254916,9.562081555389064e-05,0.00010067515402637319,2.723830561991519e-05
16,5016,7,21,Fez,readout_4x,measure q143: 0.004395 -> 0.017578,125,208,63,0.7663945117796844,0.9360123240648117,7,0.0007642889195801212,0.0033999583821837653,0.008335658482142858,0.017578125,0.00013265245907254916,9.562081555389064e-05,0.00010067515402637319,2.723830561991519e-05
16,5016,7,21,Fez,readout_8x,measure q143: 0.004395 -> 0.035156,125,208,63,0.7526816875132487,0.9226914603632896,7,0.0007642889195801212,0.0033999583821837653,0.010846819196428572,0.03515625,0.00013265245907254916,9.562081555389064e-05,0.00010067515402637319,2.723830561991519e-05
16,5016,7,21,Fez,gate_4x,"cz (123, 136): 0.003400 -> 0.013600",125,208,63,0.7530751954544,0.9392628120338106,7,0.0008772026665899142,0.013599833528735061,0.006452287946428571,0.0107421875,0.00013265245907254916,9.562081555389064e-05,0.00010067515402637319,2.723830561991519e-05
16,5016,7,21,Fez,combined_4x,"measure q143: 0.004395 -> 0.017578 | cz (123, 136): 0.003400 -> 0.013600",125,208,63,0.7431031354851657,0.9364193088370473,7,0.0008772026665899142,0.013599833528735061,0.008335658482142858,0.017578125,0.00013265245907254916,9.562081555389064e-05,0.00010067515402637319,2.723830561991519e-05
17,5017,4,9,Sherbrooke,normal,none,19,26,6,0.940231283658039,0.9745106651431106,4,0.0010657051271627431,0.006303480430202679,0.0068359375,0.0078125,0.0002806395150267347,0.00023928033542071583,0.00025041012594210815,6.337555301919867e-05
17,5017,4,9,Sherbrooke,readout_4x,measure q123: 0.007812 -> 0.031250,19,26,6,0.9180210958550933,0.9710905667823534,4,0.0010657051271627431,0.006303480430202679,0.0126953125,0.03125,0.0002806395150267347,0.00023928033542071583,0.00025041012594210815,6.337555301919867e-05
17,5017,4,9,Sherbrooke,readout_8x,measure q123: 0.007812 -> 0.062500,19,26,6,0.8884075121178321,0.9556134643165014,4,0.0010657051271627431,0.006303480430202679,0.0205078125,0.0625,0.0002806395150267347,0.00023928033542071583,0.00025041012594210815,6.337555301919867e-05
17,5017,4,9,Sherbrooke,gate_4x,"ecr (123, 122): 0.004899 -> 0.019598",19,26,6,0.8991800224830181,0.9596418010548762,4,0.0024436740510799396,0.019597780251266794,0.0068359375,0.0078125,0.0002806395150267347,0.00023928033542071583,0.00025041012594210815,6.337555301919867e-05
17,5017,4,9,Sherbrooke,combined_4x,"measure q123: 0.007812 -> 0.031250 | ecr (123, 122): 0.004899 -> 0.019598",19,26,6,0.8779395495109783,0.967742317362173,4,0.0024436740510799396,0.019597780251266794,0.0126953125,0.03125,0.0002806395150267347,0.00023928033542071583,0.00025041012594210815,6.337555301919867e-05
17,5017,4,9,Torino,normal,none,22,31,6,0.9324849972503856,0.9672307802995337,4,0.0006115271194808379,0.003746277807441689,0.01171875,0.02294921875,0.00019043703324203982,0.00015459493999167093,0.00012061807649362823,2.7784766241489783e-05
17,5017,4,9,Torino,readout_4x,measure q92: 0.009033 -> 0.036133,22,31,6,0.9069846684268348,0.9650929929529235,4,0.0006115271194808379,0.003746277807441689,0.01849365234375,0.0361328125,0.00019043703324203982,0.00015459493999167093,0.00012061807649362823,2.7784766241489783e-05
17,5017,4,9,Torino,readout_8x,measure q92: 0.009033 -> 0.072266,22,31,6,0.8729842299954337,0.958929086013756,4,0.0006115271194808379,0.003746277807441689,0.02752685546875,0.072265625,0.00019043703324203982,0.00015459493999167093,0.00012061807649362823,2.7784766241489783e-05
17,5017,4,9,Torino,gate_4x,"cz (99, 92): 0.003179 -> 0.012716",22,31,6,0.9147273382655343,0.9545908588046831,4,0.0011270427512675098,0.012716052250737908,0.01171875,0.02294921875,0.00019043703324203982,0.00015459493999167093,0.00012061807649362823,2.7784766241489783e-05
17,5017,4,9,Torino,combined_4x,"measure q92: 0.009033 -> 0.036133 | cz (99, 92): 0.003179 -> 0.012716",22,31,6,0.8897126216980363,0.9542121439792826,4,0.0011270427512675098,0.012716052250737908,0.01849365234375,0.0361328125,0.00019043703324203982,0.00015459493999167093,0.00012061807649362823,2.7784766241489783e-05
17,5017,4,9,Fez,normal,none,22,31,6,0.9616200324349694,0.9812127729578772,4,0.0005146162630794646,0.003311355983104225,0.0050048828125,0.006103515625,0.00014494155734598587,9.562081555389064e-05,0.00011309494030264407,9.144599425726836e-05
17,5017,4,9,Fez,readout_4x,measure q143: 0.004395 -> 0.017578,22,31,6,0.9488864665322013,0.9783371172340428,4,0.0005146162630794646,0.003311355983104225,0.00830078125,0.017578125,0.00014494155734598587,9.562081555389064e-05,0.00011309494030264407,9.144599425726836e-05
17,5017,4,9,Fez,readout_8x,measure q143: 0.004395 -> 0.035156,22,31,6,0.931908378661844,0.9799563149342622,4,0.0005146162630794646,0.003311355983104225,0.0126953125,0.03515625,0.00014494155734598587,9.562081555389064e-05,0.00011309494030264407,9.144599425726836e-05
17,5017,4,9,Fez,gate_4x,"cz (136, 143): 0.002434 -> 0.009737",22,31,6,0.947592009293505,0.9778271483416209,4,0.0009093691808028304,0.009737238637176349,0.0050048828125,0.006103515625,0.00014494155734598587,9.562081555389064e-05,0.00011309494030264407,9.144599425726836e-05
17,5017,4,9,Fez,combined_4x,"measure q143: 0.004395 -> 0.017578 | cz (136, 143): 0.002434 -> 0.009737",22,31,6,0.9350441994597999,0.9763483862187311,4,0.0009093691808028304,0.009737238637176349,0.00830078125,0.017578125,0.00014494155734598587,9.562081555389064e-05,0.00011309494030264407,9.144599425726836e-05
18,5018,6,17,Sherbrooke,normal,none,108,206,39,0.7393267193749995,0.9235740638236358,6,0.0009773251275289956,0.006303480430202679,0.01025390625,0.021484375,0.00027494878145465566,0.00023928033542071583,0.0002145264554548628,1.565907859482999e-05
18,5018,6,17,Sherbrooke,readout_4x,measure q125: 0.007812 -> 0.031250,108,206,39,0.7218623086811019,0.9085961807044521,6,0.0009773251275289956,0.006303480430202679,0.01416015625,0.03125,0.00027494878145465566,0.00023928033542071583,0.0002145264554548628,1.565907859482999e-05
18,5018,6,17,Sherbrooke,readout_8x,measure q125: 0.007812 -> 0.062500,108,206,39,0.698576427755905,0.8815096970502715,6,0.0009773251275289956,0.006303480430202679,0.019368489583333332,0.0625,0.00027494878145465566,0.00023928033542071583,0.0002145264554548628,1.565907859482999e-05
18,5018,6,17,Sherbrooke,gate_4x,"ecr (124, 123): 0.005274 -> 0.021094",108,206,39,0.6197926198918163,0.8811775498457313,6,0.0016876363020525793,0.02109408942524582,0.01025390625,0.021484375,0.00027494878145465566,0.00023928033542071583,0.0002145264554548628,1.565907859482999e-05
18,5018,6,17,Sherbrooke,combined_4x,"measure q125: 0.007812 -> 0.031250 | ecr (124, 123): 0.005274 -> 0.021094",108,206,39,0.6051518493431908,0.8629282944936224,6,0.0016876363020525793,0.02109408942524582,0.01416015625,0.03125,0.00027494878145465566,0.00023928033542071583,0.0002145264554548628,1.565907859482999e-05
18,5018,6,17,Torino,normal,none,73,116,30,0.7592465368270035,0.9599278199387395,6,0.0011746338895604236,0.007659549953425382,0.017008463541666668,0.040771484375,0.00015300704376970922,5.9527434601436146e-05,0.00015600782096114192,0.00010472429134423937
18,5018,6,17,Torino,readout_4x,measure q36: 0.007080 -> 0.028320,73,116,30,0.7430049708806181,0.9443100220144175,6,0.0011746338895604236,0.007659549953425382,0.020548502604166668,0.040771484375,0.00015300704376970922,5.9527434601436146e-05,0.00015600782096114192,0.00010472429134423937
18,5018,6,17,Torino,readout_8x,measure q36: 0.007080 -> 0.056641,73,116,30,0.7213495496187711,0.9216462652941635,6,0.0011746338895604236,0.007659549953425382,0.0252685546875,0.056640625,0.00015300704376970922,5.9527434601436146e-05,0.00015600782096114192,0.00010472429134423937
18,5018,6,17,Torino,gate_4x,"cz (29, 36): 0.003858 -> 0.015432",73,116,30,0.7245706861625986,0.9418634140616832,6,0.0014917285338737762,0.015431939356583158,0.017008463541666668,0.040771484375,0.00015300704376970922,5.9527434601436146e-05,0.00015600782096114192,0.00010472429134423937
18,5018,6,17,Torino,combined_4x,"measure q36: 0.007080 -> 0.028320 | cz (29, 36): 0.003858 -> 0.015432",73,116,30,0.7090708952365729,0.9412071198571627,6,0.0014917285338737762,0.015431939356583158,0.020548502604166668,0.040771484375,0.00015300704376970922,5.9527434601436146e-05,0.00015600782096114192,0.00010472429134423937
18,5018,6,17,Fez,normal,none,73,116,30,0.8670790771155162,0.9735970746630163,6,0.0007208070461593005,0.0033999583821837653,0.006184895833333333,0.0107421875,0.00013882111055209668,9.562081555389064e-05,0.00011291462876078286,9.144599425726836e-05
18,5018,6,17,Fez,readout_4x,measure q136: 0.004639 -> 0.018555,73,116,30,0.8549565587452478,0.9676554328084986,6,0.0007208070461593005,0.0033999583821837653,0.008504231770833334,0.0185546875,0.00013882111055209668,9.562081555389064e-05,0.00011291462876078286,9.144599425726836e-05
18,5018,6,17,Fez,readout_8x,measure q136: 0.004639 -> 0.037109,73,116,30,0.8387932009182234,0.9529960022039055,6,0.0007208070461593005,0.0033999583821837653,0.0115966796875,0.037109375,0.00013882111055209668,9.562081555389064e-05,0.00011291462876078286,9.144599425726836e-05
18,5018,6,17,Fez,gate_4x,"cz (143, 136): 0.002434 -> 0.009737",73,116,30,0.841965860581321,0.9530148812555954,6,0.0009208872921286776,0.009737238637176349,0.006184895833333333,0.0107421875,0.00013882111055209668,9.562081555389064e-05,0.00011291462876078286,9.144599425726836e-05
18,5018,6,17,Fez,combined_4x,"measure q136: 0.004639 -> 0.018555 | cz (143, 136): 0.002434 -> 0.009737",73,116,30,0.8301944467836424,0.9497181196137242,6,0.0009208872921286776,0.009737238637176349,0.008504231770833334,0.0185546875,0.00013882111055209668,9.562081555389064e-05,0.00011291462876078286,9.144599425726836e-05
19,5019,5,24,Sherbrooke,normal,none,89,145,28,0.7898526835643299,0.9565608695712564,5,0.0009579498816872893,0.010934778799582434,0.013818359375,0.023681640625,0.0003124547432087003,0.0001586839588384347,0.00017616245256149243,1.8737652324842994e-05
19,5019,5,24,Sherbrooke,readout_4x,measure q17: 0.016846 -> 0.067383,89,145,28,0.7492518627305041,0.9388840217027665,5,0.0009579498816872893,0.010934778799582434,0.02392578125,0.0673828125,0.0003124547432087003,0.0001586839588384347,0.00017616245256149243,1.8737652324842994e-05
19,5019,5,24,Sherbrooke,readout_8x,measure q17: 0.016846 -> 0.134766,89,145,28,0.6951174349520699,0.9075416769928257,5,0.0009579498816872893,0.010934778799582434,0.03740234375,0.134765625,0.0003124547432087003,0.0001586839588384347,0.00017616245256149243,1.8737652324842994e-05
19,5019,5,24,Sherbrooke,gate_4x,"ecr (17, 30): 0.003645 -> 0.014579",89,145,28,0.6842993383893202,0.976965771831521,5,0.0017795826912690063,0.014578715493090977,0.013818359375,0.023681640625,0.0003124547432087003,0.0001586839588384347,0.00017616245256149243,1.8737652324842994e-05
19,5019,5,24,Sherbrooke,combined_4x,"measure q17: 0.016846 -> 0.067383 | ecr (17, 30): 0.003645 -> 0.014579",89,145,28,0.6491242792766833,0.943901751744341,5,0.0017795826912690063,0.014578715493090977,0.02392578125,0.0673828125,0.0003124547432087003,0.0001586839588384347,0.00017616245256149243,1.8737652324842994e-05
19,5019,5,24,Torino,normal,none,73,112,28,0.799237732201915,0.9751533155559426,5,0.0011557696624719407,0.007659549953425382,0.012255859375,0.030517578125,0.00014009464988824769,5.9527434601436146e-05,0.00013905354692206692,0.00010472429134423937
19,5019,5,24,Torino,readout_4x,measure q36: 0.007080 -> 0.028320,73,112,28,0.7821406870331009,0.9552850467882483,5,0.0011557696624719407,0.007659549953425382,0.01650390625,0.030517578125,0.00014009464988824769,5.9527434601436146e-05,0.00013905354692206692,0.00010472429134423937
19,5019,5,24,Torino,readout_8x,measure q36: 0.007080 -> 0.056641,73,112,28,0.7593446268080156,0.9614302707192391,5,0.0011557696624719407,0.007659549953425382,0.02216796875,0.056640625,0.00014009464988824769,5.9527434601436146e-05,0.00013905354692206692,0.00010472429134423937
19,5019,5,24,Torino,gate_4x,"cz (29, 36): 0.003858 -> 0.015432",73,112,28,0.7028219466221419,0.9639661728493446,5,0.002065151803127734,0.015431939356583158,0.012255859375,0.030517578125,0.00014009464988824769,5.9527434601436146e-05,0.00013905354692206692,0.00010472429134423937
19,5019,5,24,Torino,combined_4x,"measure q36: 0.007080 -> 0.028320 | cz (29, 36): 0.003858 -> 0.015432",73,112,28,0.6877873979729836,0.9699234922347133,5,0.002065151803127734,0.015431939356583158,0.01650390625,0.030517578125,0.00014009464988824769,5.9527434601436146e-05,0.00013905354692206692,0.00010472429134423937
19,5019,5,24,Fez,normal,none,73,112,28,0.8827405151041421,0.9826093794777355,5,0.0006694494021842365,0.003311355983104225,0.00615234375,0.0107421875,0.0001355044007645096,9.562081555389064e-05,0.00011281155702207986,9.144599425726836e-05
19,5019,5,24,Fez,readout_4x,measure q144: 0.010742 -> 0.042969,73,112,28,0.8539839139210852,0.9760022667646062,5,0.0006694494021842365,0.003311355983104225,0.01259765625,0.04296875,0.0001355044007645096,9.562081555389064e-05,0.00011281155702207986,9.144599425726836e-05
19,5019,5,24,Fez,readout_8x,measure q144: 0.010742 -> 0.085938,73,112,28,0.8156417790103423,0.9689833600028225,5,0.0006694494021842365,0.003311355983104225,0.02119140625,0.0859375,0.0001355044007645096,9.562081555389064e-05,0.00011281155702207986,9.144599425726836e-05
19,5019,5,24,Fez,gate_4x,"cz (143, 144): 0.003199 -> 0.012795",73,112,28,0.7936331249105838,0.9754332739061133,5,0.0014234367485063638,0.012794936786072464,0.00615234375,0.0107421875,0.0001355044007645096,9.562081555389064e-05,0.00011281155702207986,9.144599425726836e-05
19,5019,5,24,Fez,combined_4x,"measure q144: 0.010742 -> 0.042969 | cz (143, 144): 0.003199 -> 0.012795",73,112,28,0.7677793311079686,0.9682671784364412,5,0.0014234367485063638,0.012794936786072464,0.01259765625,0.04296875,0.0001355044007645096,9.562081555389064e-05,0.00011281155702207986,9.144599425726836e-05
20,5020,6,21,Sherbrooke,normal,none,90,150,30,0.7507271319375868,0.9218443643167188,6,0.0011412101849141729,0.007731650573851945,0.013346354166666666,0.017822265625,0.00030045777999759745,0.00022879595524938841,9.443992520510245e-05,2.4196989159075558e-05
20,5020,6,21,Sherbrooke,readout_4x,measure q79: 0.015625 -> 0.062500,90,150,30,0.7149782208929399,0.8912140861055317,6,0.0011412101849141729,0.007731650573851945,0.021158854166666668,0.0625,0.00030045777999759745,0.00022879595524938841,9.443992520510245e-05,2.4196989159075558e-05
20,5020,6,21,Sherbrooke,readout_8x,measure q79: 0.015625 -> 0.125000,90,150,30,0.6673130061667438,0.8305071890298776,6,0.0011412101849141729,0.007731650573851945,0.031575520833333336,0.125,0.00030045777999759745,0.00022879595524938841,9.443992520510245e-05,2.4196989159075558e-05
20,5020,6,21,Sherbrooke,gate_4x,"ecr (71, 58): 0.007732 -> 0.030927",90,150,30,0.6829552437799367,0.9096319518009047,6,0.0016566535565043024,0.03092660229540778,0.013346354166666666,0.017822265625,0.00030045777999759745,0.00022879595524938841,9.443992520510245e-05,2.4196989159075558e-05
20,5020,6,21,Sherbrooke,combined_4x,"measure q79: 0.015625 -> 0.062500 | ecr (71, 58): 0.007732 -> 0.030927",90,150,30,0.6504335655047015,0.8701689719030746,6,0.0016566535565043024,0.03092660229540778,0.021158854166666668,0.0625,0.00030045777999759745,0.00022879595524938841,9.443992520510245e-05,2.4196989159075558e-05
20,5020,6,21,Torino,normal,none,99,160,39,0.7642918086104663,0.927544344679543,6,0.0007828704501636125,0.00408020905993689,0.018473307291666668,0.053955078125,0.00019674449489538268,0.00015459493999167093,0.00011966757697290441,2.7784766241489783e-05
20,5020,6,21,Torino,readout_4x,measure q73: 0.010010 -> 0.040039,99,160,39,0.7411086045515051,0.894955549085488,6,0.0007828704501636125,0.00408020905993689,0.023478190104166668,0.053955078125,0.00019674449489538268,0.00015459493999167093,0.00011966757697290441,2.7784766241489783e-05
20,5020,6,21,Torino,readout_8x,measure q73: 0.010010 -> 0.080078,99,160,39,0.7101976658062236,0.8399578318770322,6,0.0007828704501636125,0.00408020905993689,0.0301513671875,0.080078125,0.00019674449489538268,0.00015459493999167093,0.00011966757697290441,2.7784766241489783e-05
20,5020,6,21,Torino,gate_4x,"cz (82, 73): 0.002360 -> 0.009439",99,160,39,0.7534838010633579,0.9153126875513392,6,0.0008540165209495978,0.009438712057607379,0.018473307291666668,0.053955078125,0.00019674449489538268,0.00015459493999167093,0.00011966757697290441,2.7784766241489783e-05
20,5020,6,21,Torino,combined_4x,"measure q73: 0.010010 -> 0.040039 | cz (82, 73): 0.002360 -> 0.009439",99,160,39,0.7306284354577368,0.8720805699333751,6,0.0008540165209495978,0.009438712057607379,0.023478190104166668,0.053955078125,0.00019674449489538268,0.00015459493999167093,0.00011966757697290441,2.7784766241489783e-05
20,5020,6,21,Fez,normal,none,79,130,30,0.8700693602740323,0.9646938062339382,6,0.0006362693563162226,0.0033999583821837653,0.006184895833333333,0.0107421875,0.00013882111055209668,9.562081555389064e-05,0.00011291462876078286,9.144599425726836e-05
20,5020,6,21,Fez,readout_4x,measure q123: 0.006348 -> 0.025391,79,130,30,0.8533948123375767,0.9574483079969917,6,0.0006362693563162226,0.0033999583821837653,0.009358723958333334,0.025390625,0.00013882111055209668,9.562081555389064e-05,0.00011291462876078286,9.144599425726836e-05
20,5020,6,21,Fez,readout_8x,measure q123: 0.006348 -> 0.050781,79,130,30,0.8311620817556357,0.9266402450198044,6,0.0006362693563162226,0.0033999583821837653,0.013590494791666666,0.05078125,0.00013882111055209668,9.562081555389064e-05,0.00011291462876078286,9.144599425726836e-05
20,5020,6,21,Fez,gate_4x,"cz (136, 123): 0.003400 -> 0.013600",79,130,30,0.8523507486583664,0.9397252207404485,6,0.0007637677956481138,0.013599833528735061,0.006184895833333333,0.0107421875,0.00013882111055209668,9.562081555389064e-05,0.00011291462876078286,9.144599425726836e-05
20,5020,6,21,Fez,combined_4x,"measure q123: 0.006348 -> 0.025391 | cz (136, 123): 0.003400 -> 0.013600",79,130,30,0.8360157711656507,0.9392257575018896,6,0.0007637677956481138,0.013599833528735061,0.009358723958333334,0.025390625,0.00013882111055209668,9.562081555389064e-05,0.00011291462876078286,9.144599425726836e-05
21,5021,5,13,Sherbrooke,normal,none,38,95,17,0.8678483045989063,0.9900725150986028,5,0.000840187154712237,0.006303480430202679,0.009423828125,0.019775390625,0.0002768752423068153,0.00023928033542071583,0.00022208770691632554,6.337555301919867e-05
21,5021,5,13,Sherbrooke,readout_4x,measure q126: 0.019775 -> 0.079102,38,95,17,0.8153234881561829,0.9870656105514347,5,0.000840187154712237,0.006303480430202679,0.0212890625,0.0791015625,0.0002768752423068153,0.00023928033542071583,0.00022208770691632554,6.337555301919867e-05
21,5021,5,13,Sherbrooke,readout_8x,measure q126: 0.019775 -> 0.158203,38,95,17,0.7452903995658852,0.9765974791284745,5,0.000840187154712237,0.006303480430202679,0.037109375,0.158203125,0.0002768752423068153,0.00023928033542071583,0.00022208770691632554,6.337555301919867e-05
21,5021,5,13,Sherbrooke,gate_4x,"ecr (123, 122): 0.004899 -> 0.019598",38,95,17,0.8056203103401607,0.9907886686272311,5,0.0014963628327680448,0.019597780251266794,0.009423828125,0.019775390625,0.0002768752423068153,0.00023928033542071583,0.00022208770691632554,6.337555301919867e-05
21,5021,5,13,Sherbrooke,combined_4x,"measure q126: 0.019775 -> 0.079102 | ecr (123, 122): 0.004899 -> 0.019598",38,95,17,0.7568617211962853,0.9841719168438146,5,0.0014963628327680448,0.019597780251266794,0.0212890625,0.0791015625,0.0002768752423068153,0.00023928033542071583,0.00022208770691632554,6.337555301919867e-05
21,5021,5,13,Torino,normal,none,37,77,17,0.8798835911966137,0.9844054975953658,5,0.000653306916593341,0.003746277807441689,0.01318359375,0.02294921875,0.00019848302986387326,0.00015459493999167093,0.00010863385192096079,2.7784766241489783e-05
21,5021,5,13,Torino,readout_4x,measure q98: 0.019043 -> 0.076172,37,77,17,0.8286409928043771,0.9809259342680773,5,0.000653306916593341,0.003746277807441689,0.024609375,0.076171875,0.00019848302986387326,0.00015459493999167093,0.00010863385192096079,2.7784766241489783e-05
21,5021,5,13,Torino,readout_8x,measure q98: 0.019043 -> 0.152344,37,77,17,0.7603175282813945,0.9810995448392197,5,0.000653306916593341,0.003746277807441689,0.03984375,0.15234375,0.00019848302986387326,0.00015459493999167093,0.00010863385192096079,2.7784766241489783e-05
21,5021,5,13,Torino,gate_4x,"cz (81, 80): 0.003746 -> 0.014985",37,77,17,0.8699575403400787,0.9860130464113315,5,0.0007728689742776503,0.014985111229766757,0.01318359375,0.02294921875,0.00019848302986387326,0.00015459493999167093,0.00010863385192096079,2.7784766241489783e-05
21,5021,5,13,Torino,combined_4x,"measure q98: 0.019043 -> 0.076172 | cz (81, 80): 0.003746 -> 0.014985",37,77,17,0.8192930145960324,0.9853033121222904,5,0.0007728689742776503,0.014985111229766757,0.024609375,0.076171875,0.00019848302986387326,0.00015459493999167093,0.00010863385192096079,2.7784766241489783e-05
21,5021,5,13,Fez,normal,none,37,77,17,0.915486265476234,0.9831941334176377,5,0.0006571934280812339,0.0033999583821837653,0.0052734375,0.00634765625,0.00014703417777479512,9.562081555389064e-05,0.00011316194973297482,9.144599425726836e-05
21,5021,5,13,Fez,readout_4x,measure q123: 0.006348 -> 0.025391,37,77,17,0.8979413198479425,0.9876329475382656,5,0.0006571934280812339,0.0033999583821837653,0.00908203125,0.025390625,0.00014703417777479512,9.562081555389064e-05,0.00011316194973297482,9.144599425726836e-05
21,5021,5,13,Fez,readout_8x,measure q123: 0.006348 -> 0.050781,37,77,17,0.8745480590102206,0.9858512053282626,5,0.0006571934280812339,0.0033999583821837653,0.01416015625,0.05078125,0.00014703417777479512,9.562081555389064e-05,0.00011316194973297482,9.144599425726836e-05
21,5021,5,13,Fez,gate_4x,"cz (123, 136): 0.003400 -> 0.013600",37,77,17,0.9061165632724475,0.9889429309526115,5,0.0007657027381509286,0.013599833528735061,0.0052734375,0.00634765625,0.00014703417777479512,9.562081555389064e-05,0.00011316194973297482,9.144599425726836e-05
21,5021,5,13,Fez,combined_4x,"measure q123: 0.006348 -> 0.025391 | cz (123, 136): 0.003400 -> 0.013600",37,77,17,0.8887511844185776,0.987914045513836,5,0.0007657027381509286,0.013599833528735061,0.00908203125,0.025390625,0.00014703417777479512,9.562081555389064e-05,0.00011316194973297482,9.144599425726836e-05
22,5022,4,16,Sherbrooke,normal,none,54,88,14,0.8939341086793124,0.9925592439660205,4,0.0008280825714375153,0.006303480430202679,0.0068359375,0.0078125,0.0002806395150267347,0.00023928033542071583,0.00025041012594210815,6.337555301919867e-05
22,5022,4,16,Sherbrooke,readout_4x,measure q123: 0.007812 -> 0.031250,54,88,14,0.8728175549309822,0.9924514284919989,4,0.0008280825714375153,0.006303480430202679,0.0126953125,0.03125,0.0002806395150267347,0.00023928033542071583,0.00025041012594210815,6.337555301919867e-05
22,5022,4,16,Sherbrooke,readout_8x,measure q123: 0.007812 -> 0.062500,54,88,14,0.8446621499332087,0.990684818421436,4,0.0008280825714375153,0.006303480430202679,0.0205078125,0.0625,0.0002806395150267347,0.00023928033542071583,0.00025041012594210815,6.337555301919867e-05
22,5022,4,16,Sherbrooke,gate_4x,"ecr (123, 122): 0.004899 -> 0.019598",54,88,14,0.8677210703478421,0.9859627191303689,4,0.0011162852221914387,0.019597780251266794,0.0068359375,0.0078125,0.0002806395150267347,0.00023928033542071583,0.00025041012594210815,6.337555301919867e-05
22,5022,4,16,Sherbrooke,combined_4x,"measure q123: 0.007812 -> 0.031250 | ecr (123, 122): 0.004899 -> 0.019598",54,88,14,0.8472237222293889,0.9861729785137786,4,0.0011162852221914387,0.019597780251266794,0.0126953125,0.03125,0.0002806395150267347,0.00023928033542071583,0.00025041012594210815,6.337555301919867e-05
22,5022,4,16,Torino,normal,none,50,71,14,0.8765526647978882,0.9813484853645633,4,0.0008834814254190243,0.0061780220408214626,0.01397705078125,0.030517578125,0.00014767777565065447,5.9527434601436146e-05,0.00014578352483570714,0.00010472429134423937
22,5022,4,16,Torino,readout_4x,measure q36: 0.007080 -> 0.028320,50,71,14,0.8578017226200135,0.9886280496830111,4,0.0008834814254190243,0.0061780220408214626,0.019287109375,0.030517578125,0.00014767777565065447,5.9527434601436146e-05,0.00014578352483570714,0.00010472429134423937
22,5022,4,16,Torino,readout_8x,measure q36: 0.007080 -> 0.056641,50,71,14,0.8328004663828473,0.9910715883470169,4,0.0008834814254190243,0.0061780220408214626,0.0263671875,0.056640625,0.00014767777565065447,5.9527434601436146e-05,0.00014578352483570714,0.00010472429134423937
22,5022,4,16,Torino,gate_4x,"cz (28, 29): 0.004394 -> 0.017574",50,71,14,0.8421977467839439,0.9875575880697033,4,0.0013486838108377089,0.01757431233803919,0.01397705078125,0.030517578125,0.00014767777565065447,5.9527434601436146e-05,0.00014578352483570714,0.00010472429134423937
22,5022,4,16,Torino,combined_4x,"measure q36: 0.007080 -> 0.028320 | cz (28, 29): 0.004394 -> 0.017574",50,71,14,0.8241817143349143,0.9780759063007171,4,0.0013486838108377089,0.01757431233803919,0.019287109375,0.030517578125,0.00014767777565065447,5.9527434601436146e-05,0.00014578352483570714,0.00010472429134423937
22,5022,4,16,Fez,normal,none,50,71,14,0.9298265066804402,0.996374486148807,4,0.0006016932633571534,0.0033999583821837653,0.00537109375,0.00634765625,0.0001417319619938669,9.562081555389064e-05,0.00011859093860190143,9.360064375549623e-05
22,5022,4,16,Fez,readout_4x,measure q123: 0.006348 -> 0.025391,50,71,14,0.9120067357907413,0.9929553567364059,4,0.0006016932633571534,0.0033999583821837653,0.0101318359375,0.025390625,0.0001417319619938669,9.562081555389064e-05,0.00011859093860190143,9.360064375549623e-05
22,5022,4,16,Fez,readout_8x,measure q123: 0.006348 -> 0.050781,50,71,14,0.8882470412711428,0.9906173964623936,4,0.0006016932633571534,0.0033999583821837653,0.0164794921875,0.05078125,0.0001417319619938669,9.562081555389064e-05,0.00011859093860190143,9.360064375549623e-05
22,5022,4,16,Fez,gate_4x,"cz (143, 136): 0.002434 -> 0.009737",50,71,14,0.9095545574468675,0.9956441969023755,4,0.0008594436978706448,0.009737238637176349,0.00537109375,0.00634765625,0.0001417319619938669,9.562081555389064e-05,0.00011859093860190143,9.360064375549623e-05
22,5022,4,16,Fez,combined_4x,"measure q123: 0.006348 -> 0.025391 | cz (143, 136): 0.002434 -> 0.009737",50,71,14,0.8921232907439548,0.991078542079409,4,0.0008594436978706448,0.009737238637176349,0.0101318359375,0.025390625,0.0001417319619938669,9.562081555389064e-05,0.00011859093860190143,9.360064375549623e-05
23,5023,4,23,Sherbrooke,normal,none,104,149,28,0.8007793242425343,0.9620105887995649,4,0.0009935458990170166,0.010934778799582434,0.0113525390625,0.016845703125,0.00034112801210783026,0.0001586839588384347,0.00014118472042975262,1.8737652324842994e-05
23,5023,4,23,Sherbrooke,readout_4x,measure q31: 0.009766 -> 0.039062,104,149,28,0.7770876282590274,0.9589105569886722,4,0.0009935458990170166,0.010934778799582434,0.0186767578125,0.0390625,0.00034112801210783026,0.0001586839588384347,0.00014118472042975262,1.8737652324842994e-05
23,5023,4,23,Sherbrooke,readout_8x,measure q31: 0.009766 -> 0.078125,104,149,28,0.7454987002810182,0.9673649283878253,4,0.0009935458990170166,0.010934778799582434,0.0284423828125,0.078125,0.00034112801210783026,0.0001586839588384347,0.00014118472042975262,1.8737652324842994e-05
23,5023,4,23,Sherbrooke,gate_4x,"ecr (29, 30): 0.006250 -> 0.025001",104,149,28,0.6875910819909851,0.9455232304175775,4,0.0018410338816914594,0.025000895488896058,0.0113525390625,0.016845703125,0.00034112801210783026,0.0001586839588384347,0.00014118472042975262,1.8737652324842994e-05
23,5023,4,23,Sherbrooke,combined_4x,"measure q31: 0.009766 -> 0.039062 | ecr (29, 30): 0.006250 -> 0.025001",104,149,28,0.6672481505711335,0.9462831532330588,4,0.0018410338816914594,0.025000895488896058,0.0186767578125,0.0390625,0.00034112801210783026,0.0001586839588384347,0.00014118472042975262,1.8737652324842994e-05
23,5023,4,23,Torino,normal,none,92,105,28,0.8263579960638935,0.9777026502590302,4,0.0011987289092221934,0.007659549953425382,0.0076904296875,0.011962890625,0.0001236753781531724,5.9527434601436146e-05,0.00014682518479433284,0.00010472429134423937
23,5023,4,23,Torino,readout_4x,measure q28: 0.006348 -> 0.025391,92,105,28,0.8105211597756911,0.9821020266341982,4,0.0011987289092221934,0.007659549953425382,0.012451171875,0.025390625,0.0001236753781531724,5.9527434601436146e-05,0.00014682518479433284,0.00010472429134423937
23,5023,4,23,Torino,readout_8x,measure q28: 0.006348 -> 0.050781,92,105,28,0.789405378058088,0.9742407484236405,4,0.0011987289092221934,0.007659549953425382,0.018798828125,0.05078125,0.0001236753781531724,5.9527434601436146e-05,0.00014682518479433284,0.00010472429134423937
23,5023,4,23,Torino,gate_4x,"cz (29, 30): 0.007660 -> 0.030638",92,105,28,0.7524351254408685,0.9690901826002204,4,0.0018898161230650851,0.030638199813701528,0.0076904296875,0.011962890625,0.0001236753781531724,5.9527434601436146e-05,0.00014682518479433284,0.00010472429134423937
23,5023,4,23,Torino,combined_4x,"measure q28: 0.006348 -> 0.025391 | cz (29, 30): 0.007660 -> 0.030638",92,105,28,0.7380149928157119,0.9589664182589924,4,0.0018898161230650851,0.030638199813701528,0.012451171875,0.025390625,0.0001236753781531724,5.9527434601436146e-05,0.00014682518479433284,0.00010472429134423937
23,5023,4,23,Fez,normal,none,92,105,28,0.89221377553984,0.9886495374601995,4,0.0006613306617148554,0.003311355983104225,0.0064697265625,0.0107421875,0.00012731974073101004,9.562081555389064e-05,0.00011815294771328272,9.360064375549623e-05
23,5023,4,23,Fez,readout_4x,measure q142: 0.006104 -> 0.024414,92,105,28,0.8757765283854583,0.9901597547425941,4,0.0006613306617148554,0.003311355983104225,0.01104736328125,0.0244140625,0.00012731974073101004,9.562081555389064e-05,0.00011815294771328272,9.360064375549623e-05
23,5023,4,23,Fez,readout_8x,measure q142: 0.006104 -> 0.048828,92,105,28,0.8538601988462826,0.98250168240927,4,0.0006613306617148554,0.003311355983104225,0.01715087890625,0.048828125,0.00012731974073101004,9.562081555389064e-05,0.00011815294771328272,9.360064375549623e-05
23,5023,4,23,Fez,gate_4x,"cz (143, 144): 0.003199 -> 0.012795",92,105,28,0.8583493796141233,0.9823394090758064,4,0.0009499382583931817,0.012794936786072464,0.0064697265625,0.0107421875,0.00012731974073101004,9.562081555389064e-05,0.00011815294771328272,9.360064375549623e-05
23,5023,4,23,Fez,combined_4x,"measure q142: 0.006104 -> 0.024414 | cz (143, 144): 0.003199 -> 0.012795",92,105,28,0.8425360159513723,0.9816395306310682,4,0.0009499382583931817,0.012794936786072464,0.01104736328125,0.0244140625,0.00012731974073101004,9.562081555389064e-05,0.00011815294771328272,9.360064375549623e-05
24,5024,4,20,Sherbrooke,normal,none,97,151,29,0.8235368851255197,0.9787362670360161,4,0.0009238626833024483,0.006303480430202679,0.0068359375,0.0078125,0.0002806395150267347,0.00023928033542071583,0.00025041012594210815,6.337555301919867e-05
24,5024,4,20,Sherbrooke,readout_4x,measure q122: 0.007568 -> 0.030273,97,151,29,0.8046958198569655,0.9778672612822052,4,0.0009238626833024483,0.006303480430202679,0.01251220703125,0.0302734375,0.0002806395150267347,0.00023928033542071583,0.00025041012594210815,6.337555301919867e-05
24,5024,4,20,Sherbrooke,readout_8x,measure q122: 0.007568 -> 0.060547,97,151,29,0.7795743994988931,0.9809650193427344,4,0.0009238626833024483,0.006303480430202679,0.02008056640625,0.060546875,0.0002806395150267347,0.00023928033542071583,0.00025041012594210815,6.337555301919867e-05
24,5024,4,20,Sherbrooke,gate_4x,"ecr (123, 122): 0.004899 -> 0.019598",97,151,29,0.69918732592822,0.9686324022183205,4,0.0018220942781521762,0.019597780251266794,0.0068359375,0.0078125,0.0002806395150267347,0.00023928033542071583,0.00025041012594210815,6.337555301919867e-05
24,5024,4,20,Sherbrooke,combined_4x,"measure q122: 0.007568 -> 0.030273 | ecr (123, 122): 0.004899 -> 0.019598",97,151,29,0.683191158323958,0.9599500604992657,4,0.0018220942781521762,0.019597780251266794,0.01251220703125,0.0302734375,0.0002806395150267347,0.00023928033542071583,0.00025041012594210815,6.337555301919867e-05
24,5024,4,20,Torino,normal,none,83,100,26,0.8440669710563433,0.9864385623246257,4,0.0010977864000040435,0.007659549953425382,0.0076904296875,0.011962890625,0.0001236753781531724,5.9527434601436146e-05,0.00014682518479433284,0.00010472429134423937
24,5024,4,20,Torino,readout_4x,measure q36: 0.007080 -> 0.028320,83,100,26,0.8260109527426227,0.9810488019752068,4,0.0010977864000040435,0.007659549953425382,0.01300048828125,0.0283203125,0.0001236753781531724,5.9527434601436146e-05,0.00014682518479433284,0.00010472429134423937
24,5024,4,20,Torino,readout_8x,measure q36: 0.007080 -> 0.056641,83,100,26,0.8019362616576619,0.9808513861029144,4,0.0010977864000040435,0.007659549953425382,0.02008056640625,0.056640625,0.0001236753781531724,5.9527434601436146e-05,0.00014682518479433284,0.00010472429134423937
24,5024,4,20,Torino,gate_4x,"cz (29, 28): 0.004394 -> 0.017574",83,100,26,0.7486607909472726,0.9640133942898322,4,0.0020392674181132857,0.01757431233803919,0.0076904296875,0.011962890625,0.0001236753781531724,5.9527434601436146e-05,0.00014682518479433284,0.00010472429134423937
24,5024,4,20,Torino,combined_4x,"measure q36: 0.007080 -> 0.028320 | cz (29, 28): 0.004394 -> 0.017574",83,100,26,0.732645671986758,0.9593196779387807,4,0.0020392674181132857,0.01757431233803919,0.01300048828125,0.0283203125,0.0001236753781531724,5.9527434601436146e-05,0.00014682518479433284,0.00010472429134423937
24,5024,4,20,Fez,normal,none,89,108,29,0.890790249455508,0.9906582322206376,4,0.0006966985286189955,0.003311355983104225,0.0050048828125,0.006103515625,0.00014494155734598587,9.562081555389064e-05,0.00011309494030264407,9.144599425726836e-05
24,5024,4,20,Fez,readout_4x,measure q136: 0.004639 -> 0.018555,89,108,29,0.8783362283078592,0.9859511779225267,4,0.0006966985286189955,0.003311355983104225,0.00848388671875,0.0185546875,0.00014494155734598587,9.562081555389064e-05,0.00011309494030264407,9.144599425726836e-05
24,5024,4,20,Fez,readout_8x,measure q136: 0.004639 -> 0.037109,89,108,29,0.861730866777661,0.9897190767912794,4,0.0006966985286189955,0.003311355983104225,0.01312255859375,0.037109375,0.00014494155734598587,9.562081555389064e-05,0.00011309494030264407,9.144599425726836e-05
24,5024,4,20,Fez,gate_4x,"cz (143, 136): 0.002434 -> 0.009737",89,108,29,0.8399375672267261,0.9889320303521014,4,0.0011231469360865726,0.009737238637176349,0.0050048828125,0.006103515625,0.00014494155734598587,9.562081555389064e-05,0.00011309494030264407,9.144599425726836e-05
24,5024,4,20,Fez,combined_4x,"measure q136: 0.004639 -> 0.018555 | cz (143, 136): 0.002434 -> 0.009737",89,108,29,0.8281945107312825,0.9822590105552419,4,0.0011231469360865726,0.009737238637176349,0.00848388671875,0.0185546875,0.00014494155734598587,9.562081555389064e-05,0.00011309494030264407,9.144599425726836e-05
25,5025,8,26,Sherbrooke,normal,none,205,501,102,0.4384458956701293,0.7814654905856909,8,0.0012021153675518567,0.007926923147774934,0.0120849609375,0.017822265625,0.000275656635700054,0.0001469928637936869,0.0001172385021380088,2.4196989159075558e-05
25,5025,8,26,Sherbrooke,readout_4x,measure q71: 0.017822 -> 0.071289,205,501,102,0.4145782220057599,0.7636386975406061,8,0.0012021153675518567,0.007926923147774934,0.018768310546875,0.0712890625,0.000275656635700054,0.0001469928637936869,0.0001172385021380088,2.4196989159075558e-05
25,5025,8,26,Sherbrooke,readout_8x,measure q71: 0.017822 -> 0.142578,205,501,102,0.38275465711993395,0.7877112279918698,8,0.0012021153675518567,0.007926923147774934,0.027679443359375,0.142578125,0.000275656635700054,0.0001469928637936869,0.0001172385021380088,2.4196989159075558e-05
25,5025,8,26,Sherbrooke,gate_4x,"ecr (71, 77): 0.006194 -> 0.024776",205,501,102,0.3366307766156487,0.7701192091818967,8,0.0016335416452162384,0.02477619480301163,0.0120849609375,0.017822265625,0.000275656635700054,0.0001469928637936869,0.0001172385021380088,2.4196989159075558e-05
25,5025,8,26,Sherbrooke,combined_4x,"measure q71: 0.017822 -> 0.071289 | ecr (71, 77): 0.006194 -> 0.024776",205,501,102,0.3183056112965269,0.7720848186686913,8,0.0016335416452162384,0.02477619480301163,0.018768310546875,0.0712890625,0.000275656635700054,0.0001469928637936869,0.0001172385021380088,2.4196989159075558e-05
25,5025,8,26,Torino,normal,none,176,322,102,0.4557396269109207,0.8208742024528886,8,0.0014367475427563673,0.007659549953425382,0.021514892578125,0.05029296875,0.00017018815010187835,5.9527434601436146e-05,0.00015575186748632353,0.00010472429134423937
25,5025,8,26,Torino,readout_4x,measure q48: 0.040771 -> 0.163086,176,322,102,0.39762673480545585,0.7916904689704656,8,0.0014367475427563673,0.007659549953425382,0.03680419921875,0.1630859375,0.00017018815010187835,5.9527434601436146e-05,0.00015575186748632353,0.00010472429134423937
25,5025,8,26,Torino,readout_8x,measure q48: 0.040771 -> 0.326172,176,322,102,0.3201428786648362,0.7809906212765136,8,0.0014367475427563673,0.007659549953425382,0.05718994140625,0.326171875,0.00017018815010187835,5.9527434601436146e-05,0.00015575186748632353,0.00010472429134423937
25,5025,8,26,Torino,gate_4x,"cz (31, 30): 0.006940 -> 0.027759",176,322,102,0.40992904029959015,0.8013865720961693,8,0.0016822563742173488,0.02775886521052162,0.021514892578125,0.05029296875,0.00017018815010187835,5.9527434601436146e-05,0.00015575186748632353,0.00010472429134423937
25,5025,8,26,Torino,combined_4x,"measure q48: 0.040771 -> 0.163086 | cz (31, 30): 0.006940 -> 0.027759",176,322,102,0.3576576101163134,0.8026409495734044,8,0.0016822563742173488,0.02775886521052162,0.03680419921875,0.1630859375,0.00017018815010187835,5.9527434601436146e-05,0.00015575186748632353,0.00010472429134423937
25,5025,8,26,Fez,normal,none,194,345,114,0.6489085732986815,0.8840303303292247,8,0.0008118112353338907,0.0033999583821837653,0.00738525390625,0.013916015625,0.00013513470900831178,9.562081555389064e-05,0.00010531443736460385,2.723830561991519e-05
25,5025,8,26,Fez,readout_4x,measure q141: 0.004883 -> 0.019531,194,345,114,0.6393564353207813,0.866701454970841,8,0.0008118112353338907,0.0033999583821837653,0.00921630859375,0.01953125,0.00013513470900831178,9.562081555389064e-05,0.00010531443736460385,2.723830561991519e-05
25,5025,8,26,Fez,readout_8x,measure q141: 0.004883 -> 0.039062,194,345,114,0.626620251350248,0.8692176599520023,8,0.0008118112353338907,0.0033999583821837653,0.01165771484375,0.0390625,0.00013513470900831178,9.562081555389064e-05,0.00010531443736460385,2.723830561991519e-05
25,5025,8,26,Fez,gate_4x,"cz (136, 143): 0.002434 -> 0.009737",194,345,114,0.5643563898652972,0.8528214612940008,8,0.0011141111276645288,0.009737238637176349,0.00738525390625,0.013916015625,0.00013513470900831178,9.562081555389064e-05,0.00010531443736460385,2.723830561991519e-05
25,5025,8,26,Fez,combined_4x,"measure q141: 0.004883 -> 0.019531 | cz (136, 143): 0.002434 -> 0.009737",194,345,114,0.5560488865797435,0.8366614462837634,8,0.0011141111276645288,0.009737238637176349,0.00921630859375,0.01953125,0.00013513470900831178,9.562081555389064e-05,0.00010531443736460385,2.723830561991519e-05
26,5026,4,19,Sherbrooke,normal,none,66,103,17,0.8698306866058101,0.9852608355986677,4,0.0007790333178678564,0.010934778799582434,0.0113525390625,0.016845703125,0.00034112801210783026,0.0001586839588384347,0.00014118472042975262,1.8737652324842994e-05
26,5026,4,19,Sherbrooke,readout_4x,measure q30: 0.006348 -> 0.025391,66,103,17,0.8531607127593105,0.9812647058264128,4,0.0007790333178678564,0.010934778799582434,0.01611328125,0.025390625,0.00034112801210783026,0.0001586839588384347,0.00014118472042975262,1.8737652324842994e-05
26,5026,4,19,Sherbrooke,readout_8x,measure q30: 0.006348 -> 0.050781,66,103,17,0.8309340809639778,0.9815531926715695,4,0.0007790333178678564,0.010934778799582434,0.0224609375,0.05078125,0.00034112801210783026,0.0001586839588384347,0.00014118472042975262,1.8737652324842994e-05
26,5026,4,19,Sherbrooke,gate_4x,"ecr (29, 30): 0.006250 -> 0.025001",66,103,17,0.8060155434903908,0.9847012620717446,4,0.0014040557050902579,0.025000895488896058,0.0113525390625,0.016845703125,0.00034112801210783026,0.0001586839588384347,0.00014118472042975262,1.8737652324842994e-05
26,5026,4,19,Sherbrooke,combined_4x,"measure q30: 0.006348 -> 0.025391 | ecr (29, 30): 0.006250 -> 0.025001",66,103,17,0.7905685625586338,0.9807592306561284,4,0.0014040557050902579,0.025000895488896058,0.01611328125,0.025390625,0.00034112801210783026,0.0001586839588384347,0.00014118472042975262,1.8737652324842994e-05
26,5026,4,19,Torino,normal,none,54,68,17,0.8917584204694593,0.9902051036826216,4,0.0007907394942912068,0.003746277807441689,0.01171875,0.02294921875,0.00019043703324203982,0.00015459493999167093,0.00012061807649362823,2.7784766241489783e-05
26,5026,4,19,Torino,readout_4x,measure q92: 0.009033 -> 0.036133,54,68,17,0.8673718265615731,0.9863327254765899,4,0.0007907394942912068,0.003746277807441689,0.01849365234375,0.0361328125,0.00019043703324203982,0.00015459493999167093,0.00012061807649362823,2.7784766241489783e-05
26,5026,4,19,Torino,readout_8x,measure q92: 0.009033 -> 0.072266,54,68,17,0.8348563680177248,0.987967074664413,4,0.0007907394942912068,0.003746277807441689,0.02752685546875,0.072265625,0.00019043703324203982,0.00015459493999167093,0.00012061807649362823,2.7784766241489783e-05
26,5026,4,19,Torino,gate_4x,"cz (80, 81): 0.003746 -> 0.014985",54,68,17,0.8143852946029358,0.9933121093695101,4,0.0018485120516865071,0.014985111229766757,0.01171875,0.02294921875,0.00019043703324203982,0.00015459493999167093,0.00012061807649362823,2.7784766241489783e-05
26,5026,4,19,Torino,combined_4x,"measure q92: 0.009033 -> 0.036133 | cz (80, 81): 0.003746 -> 0.014985",54,68,17,0.7921145954896258,0.9898142122234167,4,0.0018485120516865071,0.014985111229766757,0.01849365234375,0.0361328125,0.00019043703324203982,0.00015459493999167093,0.00012061807649362823,2.7784766241489783e-05
26,5026,4,19,Fez,normal,none,54,68,17,0.9290984461180679,0.9939506177629805,4,0.0006282746473668208,0.003311355983104225,0.0050048828125,0.006103515625,0.00014494155734598587,9.562081555389064e-05,0.00011309494030264407,9.144599425726836e-05
26,5026,4,19,Fez,readout_4x,measure q142: 0.006104 -> 0.024414,54,68,17,0.9119816729766149,0.993815116007156,4,0.0006282746473668208,0.003311355983104225,0.00958251953125,0.0244140625,0.00014494155734598587,9.562081555389064e-05,0.00011309494030264407,9.144599425726836e-05
26,5026,4,19,Fez,readout_8x,measure q142: 0.006104 -> 0.048828,54,68,17,0.889159308788011,0.9958091092424693,4,0.0006282746473668208,0.003311355983104225,0.01568603515625,0.048828125,0.00014494155734598587,9.562081555389064e-05,0.00011309494030264407,9.144599425726836e-05
26,5026,4,19,Fez,gate_4x,"cz (143, 136): 0.002434 -> 0.009737",54,68,17,0.8760588578776533,0.9937296065100866,4,0.0013156091394027983,0.009737238637176349,0.0050048828125,0.006103515625,0.00014494155734598587,9.562081555389064e-05,0.00011309494030264407,9.144599425726836e-05
26,5026,4,19,Fez,combined_4x,"measure q142: 0.006104 -> 0.024414 | cz (143, 136): 0.002434 -> 0.009737",54,68,17,0.8599192326404083,0.993834921333326,4,0.0013156091394027983,0.009737238637176349,0.00958251953125,0.0244140625,0.00014494155734598587,9.562081555389064e-05,0.00011309494030264407,9.144599425726836e-05
27,5027,7,14,Sherbrooke,normal,none,78,226,45,0.6900946818168235,0.8950686730817788,7,0.001077268519714185,0.007618448431418123,0.011090959821428572,0.021484375,0.00026923520108979645,0.0002099206484160304,0.0002470509229693186,1.565907859482999e-05
27,5027,7,14,Sherbrooke,readout_4x,measure q123: 0.007812 -> 0.031250,78,226,45,0.6737932326400484,0.9063752604043098,7,0.001077268519714185,0.007618448431418123,0.014439174107142858,0.03125,0.00026923520108979645,0.0002099206484160304,0.0002470509229693186,1.565907859482999e-05
27,5027,7,14,Sherbrooke,readout_8x,measure q123: 0.007812 -> 0.062500,78,226,45,0.6520579670710147,0.8817100719295864,7,0.001077268519714185,0.007618448431418123,0.018903459821428572,0.0625,0.00026923520108979645,0.0002099206484160304,0.0002470509229693186,1.565907859482999e-05
27,5027,7,14,Sherbrooke,gate_4x,"ecr (119, 120): 0.007618 -> 0.030474",78,226,45,0.6000589298335987,0.8625406801215909,7,0.0015832909247530272,0.030473793725672493,0.011090959821428572,0.021484375,0.00026923520108979645,0.0002099206484160304,0.0002470509229693186,1.565907859482999e-05
27,5027,7,14,Sherbrooke,combined_4x,"measure q123: 0.007812 -> 0.031250 | ecr (119, 120): 0.007618 -> 0.030474",78,226,45,0.5858843094438287,0.8925246546927622,7,0.0015832909247530272,0.030473793725672493,0.014439174107142858,0.03125,0.00026923520108979645,0.0002099206484160304,0.0002470509229693186,1.565907859482999e-05
27,5027,7,14,Torino,normal,none,79,135,36,0.7254672610425658,0.8936906314755765,7,0.001189602943291534,0.007659549953425382,0.016496930803571428,0.040771484375,0.00016042273186343259,5.9527434601436146e-05,0.00014353602309820495,6.870523592058317e-05
27,5027,7,14,Torino,readout_4x,measure q29: 0.011963 -> 0.047852,79,135,36,0.6991159669053636,0.8907571410596873,7,0.001189602943291534,0.007659549953425382,0.021623883928571428,0.0478515625,0.00016042273186343259,5.9527434601436146e-05,0.00014353602309820495,6.870523592058317e-05
27,5027,7,14,Torino,readout_8x,measure q29: 0.011963 -> 0.095703,79,135,36,0.6639809080557605,0.8753892323118971,7,0.001189602943291534,0.007659549953425382,0.028459821428571428,0.095703125,0.00016042273186343259,5.9527434601436146e-05,0.00014353602309820495,6.870523592058317e-05
27,5027,7,14,Torino,gate_4x,"cz (27, 28): 0.006178 -> 0.024712",79,135,36,0.6986606886742462,0.9103201949737514,7,0.001406375646478252,0.02471208816328585,0.016496930803571428,0.040771484375,0.00016042273186343259,5.9527434601436146e-05,0.00014353602309820495,6.870523592058317e-05
27,5027,7,14,Torino,combined_4x,"measure q29: 0.011963 -> 0.047852 | cz (27, 28): 0.006178 -> 0.024712",79,135,36,0.6732830950900817,0.8840847605642033,7,0.001406375646478252,0.02471208816328585,0.021623883928571428,0.0478515625,0.00016042273186343259,5.9527434601436146e-05,0.00014353602309820495,6.870523592058317e-05
27,5027,7,14,Fez,normal,none,84,150,42,0.825003650088877,0.9510651290716629,7,0.0007660074817465544,0.004046006358762122,0.006417410714285714,0.012451171875,0.0001395720382706377,9.562081555389064e-05,9.966039233734263e-05,4.917429322867596e-05
27,5027,7,14,Fez,readout_4x,measure q143: 0.004395 -> 0.017578,84,150,42,0.8140791289744091,0.942523235338589,7,0.0007660074817465544,0.004046006358762122,0.00830078125,0.017578125,0.0001395720382706377,9.562081555389064e-05,9.966039233734263e-05,4.917429322867596e-05
27,5027,7,14,Fez,readout_8x,measure q143: 0.004395 -> 0.035156,84,150,42,0.7995131008217856,0.9432042767830403,7,0.0007660074817465544,0.004046006358762122,0.010811941964285714,0.03515625,0.0001395720382706377,9.562081555389064e-05,9.966039233734263e-05,4.917429322867596e-05
27,5027,7,14,Fez,gate_4x,"cz (125, 124): 0.002396 -> 0.009585",84,150,42,0.8131569663608684,0.935962699254989,7,0.0008408873963526518,0.009584629069580464,0.006417410714285714,0.012451171875,0.0001395720382706377,9.562081555389064e-05,9.966039233734263e-05,4.917429322867596e-05
27,5027,7,14,Fez,combined_4x,"measure q143: 0.004395 -> 0.017578 | cz (125, 124): 0.002396 -> 0.009585",84,150,42,0.802389316487527,0.9292652975576731,7,0.0008408873963526518,0.009584629069580464,0.00830078125,0.017578125,0.0001395720382706377,9.562081555389064e-05,9.966039233734263e-05,4.917429322867596e-05
28,5028,7,21,Sherbrooke,normal,none,120,250,45,0.6720211139916885,0.8930002703501762,7,0.0010655014574626938,0.009356178106295743,0.011648995535714286,0.02587890625,0.0002811717027428368,0.00016310636822987974,0.0001895583505216889,2.7133052989838604e-05
28,5028,7,21,Sherbrooke,readout_4x,measure q106: 0.012451 -> 0.049805,120,250,45,0.646602268394475,0.9094691120655731,7,0.0010655014574626938,0.009356178106295743,0.016985212053571428,0.0498046875,0.0002811717027428368,0.00016310636822987974,0.0001895583505216889,2.7133052989838604e-05
28,5028,7,21,Sherbrooke,readout_8x,measure q106: 0.012451 -> 0.099609,120,250,45,0.612710474264857,0.8893600538145974,7,0.0010655014574626938,0.009356178106295743,0.024100167410714284,0.099609375,0.0002811717027428368,0.00016310636822987974,0.0001895583505216889,2.7133052989838604e-05
28,5028,7,21,Sherbrooke,gate_4x,"ecr (104, 103): 0.004719 -> 0.018878",120,250,45,0.5907187650008281,0.9004728164517778,7,0.0014974543316718025,0.018877940428398077,0.011648995535714286,0.02587890625,0.0002811717027428368,0.00016310636822987974,0.0001895583505216889,2.7133052989838604e-05
28,5028,7,21,Sherbrooke,combined_4x,"measure q106: 0.012451 -> 0.049805 | ecr (104, 103): 0.004719 -> 0.018878",120,250,45,0.5683751380428238,0.8906404499553568,7,0.0014974543316718025,0.018877940428398077,0.016985212053571428,0.0498046875,0.0002811717027428368,0.00016310636822987974,0.0001895583505216889,2.7133052989838604e-05
28,5028,7,21,Torino,normal,none,112,175,51,0.7346234914651032,0.9384428076707942,8,0.0008674916448430468,0.004051016058839674,0.015834263392857144,0.033935546875,0.00020493856289965334,0.00015459493999167093,0.00011514709718834262,2.7784766241489783e-05
28,5028,7,21,Torino,readout_4x,measure q99: 0.009521 -> 0.038086,112,175,51,0.7134376525443694,0.9241445241399628,8,0.0008674916448430468,0.004051016058839674,0.019914899553571428,0.0380859375,0.00020493856289965334,0.00015459493999167093,0.00011514709718834262,2.7784766241489783e-05
28,5028,7,21,Torino,readout_8x,measure q99: 0.009521 -> 0.076172,112,175,51,0.6851898673167244,0.9273508990465353,8,0.0008674916448430468,0.004051016058839674,0.025355747767857144,0.076171875,0.00020493856289965334,0.00015459493999167093,0.00011514709718834262,2.7784766241489783e-05
28,5028,7,21,Torino,gate_4x,"cz (81, 80): 0.003746 -> 0.014985",112,175,51,0.7181422663535726,0.91917437138926,8,0.0009669503476954811,0.014985111229766757,0.015834263392857144,0.033935546875,0.00020493856289965334,0.00015459493999167093,0.00011514709718834262,2.7784766241489783e-05
28,5028,7,21,Torino,combined_4x,"measure q99: 0.009521 -> 0.038086 | cz (81, 80): 0.003746 -> 0.014985",112,175,51,0.6974317302028779,0.9362600519737405,8,0.0009669503476954811,0.014985111229766757,0.019914899553571428,0.0380859375,0.00020493856289965334,0.00015459493999167093,0.00011514709718834262,2.7784766241489783e-05
28,5028,7,21,Fez,normal,none,89,162,45,0.8235156009060933,0.9536114135565598,7,0.0007346798630804128,0.0033999583821837653,0.005964006696428571,0.0107421875,0.00013337264399165073,9.562081555389064e-05,0.00011143495717471131,9.144599425726836e-05
28,5028,7,21,Fez,readout_4x,measure q143: 0.004395 -> 0.017578,89,162,45,0.8126107842192545,0.9469016998832491,7,0.0007346798630804128,0.0033999583821837653,0.007847377232142858,0.017578125,0.00013337264399165073,9.562081555389064e-05,0.00011143495717471131,9.144599425726836e-05
28,5028,7,21,Fez,readout_8x,measure q143: 0.004395 -> 0.035156,89,162,45,0.7980710286368025,0.9416827311265474,7,0.0007346798630804128,0.0033999583821837653,0.010358537946428572,0.03515625,0.00013337264399165073,9.562081555389064e-05,0.00011143495717471131,9.144599425726836e-05
28,5028,7,21,Fez,gate_4x,"cz (124, 123): 0.003249 -> 0.012997",89,162,45,0.8074867287136783,0.9431914060582892,7,0.0008288636583690277,0.01299736374982885,0.005964006696428571,0.0107421875,0.00013337264399165073,9.562081555389064e-05,0.00011143495717471131,9.144599425726836e-05
28,5028,7,21,Fez,combined_4x,"measure q143: 0.004395 -> 0.017578 | cz (124, 123): 0.003249 -> 0.012997",89,162,45,0.7967941629092302,0.9414543578021162,7,0.0008288636583690277,0.01299736374982885,0.007847377232142858,0.017578125,0.00013337264399165073,9.562081555389064e-05,0.00011143495717471131,9.144599425726836e-05
29,5029,6,14,Sherbrooke,normal,none,57,112,19,0.8185817190645788,0.9562708951101926,6,0.0010337879107650912,0.007850986624725387,0.010660807291666666,0.015625,0.00024311707603998786,0.00013252953230862786,0.00022593133173611567,7.063221921579745e-05
29,5029,6,14,Sherbrooke,readout_4x,measure q118: 0.012451 -> 0.049805,57,112,19,0.7876192955746207,0.9403450179435662,6,0.0010337879107650912,0.007850986624725387,0.016886393229166668,0.0498046875,0.00024311707603998786,0.00013252953230862786,0.00022593133173611567,7.063221921579745e-05
29,5029,6,14,Sherbrooke,readout_8x,measure q118: 0.012451 -> 0.099609,57,112,19,0.7463360642546766,0.9521397105175441,6,0.0010337879107650912,0.007850986624725387,0.025187174479166668,0.099609375,0.00024311707603998786,0.00013252953230862786,0.00022593133173611567,7.063221921579745e-05
29,5029,6,14,Sherbrooke,gate_4x,"ecr (119, 118): 0.006482 -> 0.025927",57,112,19,0.7415508845612885,0.9346559264734594,6,0.0017759622409631132,0.025926623268250903,0.010660807291666666,0.015625,0.00024311707603998786,0.00013252953230862786,0.00022593133173611567,7.063221921579745e-05
29,5029,6,14,Sherbrooke,combined_4x,"measure q118: 0.012451 -> 0.049805 | ecr (119, 118): 0.006482 -> 0.025927",57,112,19,0.7135021119190446,0.9276717615857395,6,0.0017759622409631132,0.025926623268250903,0.016886393229166668,0.0498046875,0.00024311707603998786,0.00013252953230862786,0.00022593133173611567,7.063221921579745e-05
29,5029,6,14,Torino,normal,none,45,78,22,0.8064990011114953,0.9554324197059948,6,0.001284665192851365,0.007149550828637552,0.014241536458333334,0.030517578125,0.00016149496557519023,5.9527434601436146e-05,0.00011883393753481318,3.136320201800166e-05
29,5029,6,14,Torino,readout_4x,measure q29: 0.011963 -> 0.047852,45,78,22,0.7772043746812038,0.94901339006632,6,0.001284665192851365,0.007149550828637552,0.020222981770833332,0.0478515625,0.00016149496557519023,5.9527434601436146e-05,0.00011883393753481318,3.136320201800166e-05
29,5029,6,14,Torino,readout_8x,measure q29: 0.011963 -> 0.095703,45,78,22,0.7381448727741485,0.935569819270095,6,0.001284665192851365,0.007149550828637552,0.0281982421875,0.095703125,0.00016149496557519023,5.9527434601436146e-05,0.00011883393753481318,3.136320201800166e-05
29,5029,6,14,Torino,gate_4x,"cz (36, 29): 0.003858 -> 0.015432",45,78,22,0.7878668070105799,0.937457331122964,6,0.0015161442832001123,0.015431939356583158,0.014241536458333334,0.030517578125,0.00016149496557519023,5.9527434601436146e-05,0.00011883393753481318,3.136320201800166e-05
29,5029,6,14,Torino,combined_4x,"measure q29: 0.011963 -> 0.047852 | cz (36, 29): 0.003858 -> 0.015432",45,78,22,0.7592489615372527,0.9369835017836728,6,0.0015161442832001123,0.015431939356583158,0.020222981770833332,0.0478515625,0.00016149496557519023,5.9527434601436146e-05,0.00011883393753481318,3.136320201800166e-05
29,5029,6,14,Fez,normal,none,45,73,19,0.904606533714465,0.9696142620657582,6,0.0007347768281171499,0.004046006358762122,0.005411783854166667,0.00634765625,0.00013520179862149434,9.562081555389064e-05,0.00010807474218878708,7.152777106683473e-05
29,5029,6,14,Fez,readout_4x,measure q143: 0.004395 -> 0.017578,45,73,19,0.8926279283146168,0.9648550912117426,6,0.0007347768281171499,0.004046006358762122,0.007609049479166667,0.017578125,0.00013520179862149434,9.562081555389064e-05,0.00010807474218878708,7.152777106683473e-05
29,5029,6,14,Fez,readout_8x,measure q143: 0.004395 -> 0.035156,45,73,19,0.8766564544481524,0.9665991737698219,6,0.0007347768281171499,0.004046006358762122,0.010538736979166666,0.03515625,0.00013520179862149434,9.562081555389064e-05,0.00010807474218878708,7.152777106683473e-05
29,5029,6,14,Fez,gate_4x,"cz (142, 143): 0.003311 -> 0.013245",45,73,19,0.8866638418548664,0.9645621659179183,6,0.0009507348270152515,0.0132454239324169,0.005411783854166667,0.00634765625,0.00013520179862149434,9.562081555389064e-05,0.00010807474218878708,7.152777106683473e-05
29,5029,6,14,Fez,combined_4x,"measure q143: 0.004395 -> 0.017578 | cz (142, 143): 0.003311 -> 0.013245",45,73,19,0.8749228297263321,0.9681057476022001,6,0.0009507348270152515,0.0132454239324169,0.007609049479166667,0.017578125,0.00013520179862149434,9.562081555389064e-05,0.00010807474218878708,7.152777106683473e-05
