circuit_id,circuit_seed,backend,candidate_seed,original_qubits,original_depth,transpiled_depth,one_qubit_gates,two_qubit_gates,esp,active_physical_qubits,avg_readout_error,max_readout_error,sum_readout_error,weighted_readout_total,weighted_readout_2q,top1_readout_risk,top2_readout_risk,activity_readout_corr,avg_sx_error,weighted_sx_total,avg_cz_error,max_cz_error,edge_exposure,max_edge_error,t2_exposure,avg_t1,min_t1,avg_t2,min_t2,physical_qubits,actual_fidelity,logical_0_physical,logical_0_readout,logical_0_activity_2q,logical_0_activity_total,logical_1_physical,logical_1_readout,logical_1_activity_2q,logical_1_activity_total,logical_2_physical,logical_2_readout,logical_2_activity_2q,logical_2_activity_total,logical_3_physical,logical_3_readout,logical_3_activity_2q,logical_3_activity_total,logical_4_physical,logical_4_readout,logical_4_activity_2q,logical_4_activity_total,logical_5_physical,logical_5_readout,logical_5_activity_2q,logical_5_activity_total,logical_6_physical,logical_6_readout,logical_6_activity_2q,logical_6_activity_total
0,20000,Sherbrooke,11,7,16,127,260,51,0.0,7,0.06483677455357142,0.340576171875,0.453857421875,4.929931640625,2.206787109375,1.702880859375,1.944091796875,-0.1611671947696214,0.0002333495111462572,0.009800679468142804,0.16225494312557834,1.0,8.2750020994045,1.0,598344.7426796166,0.00024293091278068682,0.00013252953230862786,0.00020113927304186543,5.706640093315378e-05,"83,92,100,101,102,103,104",0.643685827814719,102,0.060302734375,4,10,103,0.0087890625,7,13,104,0.003662109375,6,12,100,0.013427734375,5,11,83.0,0.0234375,4.0,10.0,92.0,0.340576171875,5.0,11.0,101.0,0.003662109375,5.0,11.0
0,20000,Sherbrooke,22,7,16,131,267,51,0.666931529090701,7,0.018484933035714284,0.03076171875,0.12939453125,1.43798828125,0.66162109375,0.1845703125,0.3115234375,-0.0658955355829636,0.00016351714378086177,0.006867720038796195,0.005004340584059439,0.007731650573851945,0.2552213697870314,0.007731650573851945,461245.175381066,0.00032514508799947293,0.00022879595524938841,0.0002985992620990054,4.6154859052423115e-05,"41,53,58,59,60,61,71",0.9232503205677411,61,0.03076171875,4,10,53,0.0263671875,7,13,60,0.010498046875,6,12,41,0.00927734375,5,11,71.0,0.017822265625,4.0,10.0,58.0,0.00927734375,5.0,11.0,59.0,0.025390625,5.0,11.0
0,20000,Sherbrooke,33,7,16,142,259,51,0.45168020531586905,7,0.036830357142857144,0.087158203125,0.2578125,2.914306640625,1.367431640625,0.52294921875,0.71826171875,0.2749725987236136,0.00030713765351495236,0.012899781447627994,0.0097227562823089,0.01994202941922424,0.49586057039775383,0.01994202941922424,2033982.9424065799,0.00034329455776175563,0.00011059051310535338,9.289291319300286e-05,1.511968364381515e-05,"15,19,20,21,22,23,24",0.8928805419722701,21,0.023193359375,4,10,22,0.022705078125,7,13,15,0.087158203125,6,12,23,0.017578125,5,11,24.0,0.031005859375,4.0,10.0,19.0,0.037109375,5.0,11.0,20.0,0.0390625,5.0,11.0
0,20000,Sherbrooke,44,7,16,113,269,54,0.4373042081934831,7,0.051060267857142856,0.203125,0.357421875,3.97412109375,1.82958984375,1.015625,1.242919921875,-0.01960118767376969,0.00025372762609768637,0.010656560296102827,0.007621485775431951,0.0094729906641004,0.41156023187332536,0.0094729906641004,574429.3086910093,0.00028725306739399816,7.321640665178645e-05,0.00018562717878030754,6.175184273025624e-05,"43,44,45,54,63,64,65",0.791150290653497,43,0.0087890625,4,10,45,0.032470703125,7,13,44,0.01025390625,6,12,63,0.036865234375,5,11,65.0,0.02392578125,4.0,10.0,64.0,0.203125,5.0,11.0,54.0,0.0419921875,5.0,11.0
0,20000,Sherbrooke,55,7,16,145,264,51,0.44603281104585174,7,0.03407505580357143,0.1044921875,0.238525390625,2.5361328125,1.10498046875,0.41796875,0.6083984375,-0.5816154867556493,0.00042284334469585823,0.017759420477226045,0.010060198934280193,0.013510379588167087,0.5130701456482898,0.013510379588167087,1158920.4374566905,0.0003123068130835997,0.00013824687653823698,0.00019708401231443784,1.511968364381515e-05,"24,25,34,42,43,44,45",0.8591133848309763,34,0.1044921875,4,10,43,0.0087890625,7,13,42,0.03173828125,6,12,44,0.01025390625,5,11,45.0,0.032470703125,4.0,10.0,25.0,0.019775390625,5.0,11.0,24.0,0.031005859375,5.0,11.0
0,20000,Sherbrooke,66,7,16,129,259,51,0.395114674654194,7,0.05451311383928571,0.203125,0.381591796875,4.429931640625,2.140380859375,1.21875,1.5126953125,0.41886847241072,0.00132576042448908,0.05568193782854137,0.006847750820495714,0.008712740088968107,0.3492352918452814,0.008712740088968107,575640.8035750573,0.0002660813967457677,7.321640665178645e-05,0.00021342856792829043,6.175184273025624e-05,"45,54,61,62,63,64,65",0.8355664138674365,65,0.02392578125,4,10,54,0.0419921875,7,13,64,0.203125,6,12,45,0.032470703125,5,11,61.0,0.03076171875,4.0,10.0,62.0,0.012451171875,5.0,11.0,63.0,0.036865234375,5.0,11.0
0,20000,Torino,11,7,16,95,171,51,0.42294296525831304,7,0.047119140625,0.137939453125,0.329833984375,3.718994140625,1.739990234375,0.82763671875,1.15478515625,0.14335881484842672,0.0007449986464665816,0.03128994315159643,0.008697777395176224,0.017540421153037722,0.4435866471539874,0.017540421153037722,845765.9803987058,0.0001648591680489945,6.469120881427432e-05,0.00011313656339668141,4.898498898759491e-05,"84,93,101,102,103,104,105",0.8656014090456401,103,0.01611328125,4,10,104,0.025390625,7,13,105,0.137939453125,6,12,101,0.04736328125,5,11,84.0,0.081787109375,4.0,10.0,93.0,0.00927734375,5.0,11.0,102.0,0.011962890625,5.0,11.0
0,20000,Torino,22,7,16,98,176,51,0.5779993828572362,7,0.04694475446428571,0.141357421875,0.32861328125,3.662109375,1.6904296875,0.706787109375,1.304931640625,0.0011309824618099824,0.0002712259658224221,0.011391490564541728,0.003405107247442143,0.005393797820383628,0.17366046961954928,0.005393797820383628,608445.4813754361,0.00016564434492825762,5.541491119435325e-05,0.0001684338795669112,7.137361515906438e-05,"25,35,42,43,44,45,54",0.8521224612892113,45,0.00927734375,4,10,35,0.024169921875,7,13,44,0.016845703125,6,12,25,0.11962890625,5,11,54.0,0.008544921875,4.0,10.0,42.0,0.141357421875,5.0,11.0,43.0,0.0087890625,5.0,11.0
0,20000,Torino,33,7,16,113,178,51,0.5710810829941313,7,0.04694475446428571,0.141357421875,0.32861328125,3.529296875,1.5576171875,0.706787109375,1.185302734375,-0.35776745208589356,0.0002712259658224221,0.011391490564541725,0.003627548059286846,0.005393797820383628,0.18500495102362913,0.005393797820383628,618476.9374361723,0.00016564434492825762,5.541491119435325e-05,0.0001684338795669112,7.137361515906438e-05,"25,35,42,43,44,45,54",0.9414459570286255,43,0.0087890625,4,10,44,0.016845703125,7,13,45,0.00927734375,6,12,35,0.024169921875,5,11,25.0,0.11962890625,4.0,10.0,54.0,0.008544921875,5.0,11.0,42.0,0.141357421875,5.0,11.0
0,20000,Torino,44,7,16,109,175,51,0.18008286778985186,7,0.033412388392857144,0.141357421875,0.23388671875,2.841064453125,1.437744140625,0.989501953125,1.1640625,0.755258409274614,0.0018923714653063903,0.07947960154286839,0.024120009606669077,0.07151359904753574,1.230120489940123,0.07151359904753574,842882.9843083012,0.00011921177501045113,4.134690349780361e-05,0.00012481753376023815,4.993444267362083e-05,"40,41,42,43,44,45,54",0.827033871385969,43,0.0087890625,4,10,42,0.141357421875,7,13,54,0.008544921875,6,12,41,0.034912109375,5,11,40.0,0.01416015625,4.0,10.0,45.0,0.00927734375,5.0,11.0,44.0,0.016845703125,5.0,11.0
0,20000,Torino,55,7,16,113,178,51,0.5058447202195486,7,0.029506138392857144,0.086669921875,0.20654296875,2.356201171875,1.116943359375,0.433349609375,0.79052734375,0.29552267699473656,0.00036009301954735784,0.015123906820989028,0.008283822623845135,0.011973449649978707,0.4224749538161019,0.011973449649978707,817523.2284872629,0.0001572049291904428,5.541491119435325e-05,0.0001420841888101835,4.932106481026948e-05,"44,45,46,47,55,64,65",0.8842260612542634,55,0.014404296875,4,10,46,0.051025390625,7,13,47,0.013427734375,6,12,45,0.00927734375,5,11,44.0,0.016845703125,4.0,10.0,64.0,0.086669921875,5.0,11.0,65.0,0.014892578125,5.0,11.0
0,20000,Torino,66,7,16,109,175,51,0.36478136517104326,7,0.03717912946428571,0.137939453125,0.26025390625,3.10302734375,1.54150390625,0.965576171875,1.107177734375,0.7006914887618025,0.0008356796466272983,0.03509854515834653,0.011902547133995545,0.015038445348052099,0.6070299038337728,0.015038445348052099,765947.2395600667,0.00014912283958898976,6.469120881427432e-05,0.00013573049505126916,5.078757921641302e-05,"94,103,104,105,106,107,112",0.9047806897543124,106,0.035400390625,4,10,105,0.137939453125,7,13,112,0.015869140625,6,12,104,0.025390625,5,11,103.0,0.01611328125,4.0,10.0,94.0,0.009765625,5.0,11.0,107.0,0.019775390625,5.0,11.0
0,20000,Fez,11,7,16,113,178,51,0.6877049888219472,7,0.020298549107142856,0.076904296875,0.14208984375,1.521240234375,0.668701171875,0.3076171875,0.44677734375,-0.3664133147158377,0.00034527550595985125,0.014501571250313752,0.003813684899578362,0.00492645681832371,0.19449792987849646,0.00492645681832371,2609606.9202149366,0.0001249190874582162,8.896898620456324e-05,6.128005133400917e-05,1.1018438267643966e-05,"38,46,47,48,49,57,67",0.949513501645041,48,0.00390625,4,10,47,0.01611328125,7,13,46,0.0068359375,6,12,57,0.0048828125,5,11,67.0,0.076904296875,4.0,10.0,38.0,0.005615234375,5.0,11.0,49.0,0.02783203125,5.0,11.0
0,20000,Fez,22,7,16,113,178,51,0.0,7,0.014229910714285714,0.022705078125,0.099609375,1.091796875,0.494140625,0.117919921875,0.2314453125,-0.33932266516967075,0.00022899385722251005,0.009617742003345421,0.12111533080978316,1.0,6.1768818712989395,1.0,1496039.0034453748,0.00012390124781619526,8.554491547909988e-05,7.131278044348894e-05,1.660307930913441e-05,"68,69,78,88,89,90,91",0.6254839101085375,78,0.022705078125,4,10,89,0.016845703125,7,13,88,0.00439453125,6,12,90,0.002685546875,5,11,91.0,0.019287109375,4.0,10.0,68.0,0.010986328125,5.0,11.0,69.0,0.022705078125,5.0,11.0
0,20000,Fez,33,7,16,110,176,51,0.745941775843159,7,0.010219029017857142,0.02001953125,0.071533203125,0.802001953125,0.372802734375,0.10009765625,0.19677734375,0.12890572287044016,0.0002880544297454063,0.012098286049307065,0.0037385199450214067,0.00492645681832371,0.19066451719609173,0.00492645681832371,2137558.3780752425,0.00015078716763829617,8.896898620456324e-05,9.661157449378471e-05,1.1018438267643966e-05,"25,37,45,46,47,48,57",0.9538413348759488,48,0.00390625,4,10,46,0.0068359375,7,13,47,0.01611328125,6,12,57,0.0048828125,5,11,25.0,0.0107421875,4.0,10.0,37.0,0.009033203125,5.0,11.0,45.0,0.02001953125,5.0,11.0
0,20000,Fez,44,7,16,109,175,51,0.7022325191408486,7,0.017159598214285716,0.0458984375,0.1201171875,1.339111328125,0.618408203125,0.22900390625,0.41259765625,0.006235432409523209,0.0002780341167307662,0.011677432902692181,0.003984278096083346,0.006276649078569396,0.20319818290025066,0.006276649078569396,1706203.6804739118,0.00016847066768294473,0.00013679890666469776,0.00011512448187984068,1.1018438267643966e-05,"41,42,43,44,45,46,56",0.9379540594867278,44,0.00439453125,4,10,43,0.03271484375,7,13,56,0.002685546875,6,12,42,0.007568359375,5,11,41.0,0.0458984375,4.0,10.0,46.0,0.0068359375,5.0,11.0,45.0,0.02001953125,5.0,11.0
0,20000,Fez,55,7,16,103,174,51,0.7317780831151114,7,0.009416852678571428,0.015869140625,0.06591796875,0.745849609375,0.350341796875,0.111083984375,0.17578125,0.3525153117620991,0.0003622686040444215,0.015215281369865703,0.004241052043585206,0.0101566715843735,0.21629365422284552,0.0101566715843735,674233.1852258681,0.00019077358433928221,4.880620782230333e-05,0.00016369980573141733,4.2379597486132065e-05,"0,1,2,3,4,5,16",0.934689032722243,2,0.0048828125,4,10,3,0.015869140625,7,13,4,0.00146484375,6,12,16,0.012939453125,5,11,5.0,0.007568359375,4.0,10.0,0.0,0.011474609375,5.0,11.0,1.0,0.01171875,5.0,11.0
0,20000,Fez,66,7,16,113,178,51,0.7695011364777933,7,0.010707310267857142,0.02001953125,0.074951171875,0.84375,0.39404296875,0.14013671875,0.20458984375,0.24289144989944303,0.0002705696304051177,0.011363924477014942,0.003171764806178654,0.00492645681832371,0.16176000511511135,0.00492645681832371,1529028.650464823,0.00015216390279568343,6.956261627908302e-05,0.00012004214637899729,1.1018438267643966e-05,"24,25,37,44,45,46,47",0.9462025377537154,37,0.009033203125,4,10,45,0.02001953125,7,13,44,0.00439453125,6,12,46,0.0068359375,5,11,47.0,0.01611328125,4.0,10.0,24.0,0.0078125,5.0,11.0,25.0,0.0107421875,5.0,11.0
1,20001,Sherbrooke,11,7,10,29,66,10,0.0,7,0.07578822544642858,0.340576171875,0.530517578125,2.54296875,0.951416015625,0.68115234375,0.8017578125,-0.3139128201654322,0.0002744403565947678,0.0057632474884901225,0.20552624555684532,1.0,2.055262455568453,1.0,406239.5916889991,0.0002502600084720061,0.00013252953230862786,0.00017190625250603465,1.7282471331162923e-05,"8,92,99,100,101,102,103",0.759870355938222,103,0.0087890625,5,8,102,0.060302734375,2,5,101,0.003662109375,2,5,100,0.013427734375,5,8,8.0,0.088134765625,0.0,3.0,92.0,0.340576171875,2.0,5.0,99.0,0.015625,2.0,5.0
1,20001,Sherbrooke,22,7,10,25,60,10,0.7395214695441028,7,0.029052734375,0.054443359375,0.203369140625,1.14404296875,0.533935546875,0.213623046875,0.335693359375,0.062150766557681515,0.0003496304546235819,0.00734223954709522,0.008524829464558925,0.00878800548814962,0.08524829464558925,0.00878800548814962,458873.39092383016,0.0003491950203734154,0.0002337908986939142,0.00016981339890191928,2.1509071792367444e-05,"0,1,2,3,14,18,19",0.9364967433528464,1,0.0244140625,5,8,3,0.011962890625,2,5,0,0.01123046875,2,5,14,0.042724609375,5,8,19.0,0.037109375,0.0,3.0,2.0,0.021484375,2.0,5.0,18.0,0.054443359375,2.0,5.0
1,20001,Sherbrooke,33,7,10,30,64,10,0.7388073364197765,7,0.029052734375,0.054443359375,0.203369140625,1.14404296875,0.533935546875,0.213623046875,0.335693359375,0.062150766557681515,0.0003496304546235819,0.00734223954709522,0.008506167190747194,0.00878800548814962,0.08506167190747194,0.00878800548814962,458873.39092383016,0.0003491950203734154,0.0002337908986939142,0.00016981339890191928,2.1509071792367444e-05,"0,1,2,3,14,18,19",0.9359787974437768,1,0.0244140625,5,8,3,0.011962890625,2,5,0,0.01123046875,2,5,14,0.042724609375,5,8,19.0,0.037109375,0.0,3.0,2.0,0.021484375,2.0,5.0,18.0,0.054443359375,2.0,5.0
1,20001,Sherbrooke,44,7,10,25,60,10,0.7395214695441028,7,0.029052734375,0.054443359375,0.203369140625,1.14404296875,0.533935546875,0.213623046875,0.335693359375,0.062150766557681515,0.0003496304546235819,0.00734223954709522,0.008524829464558925,0.00878800548814962,0.08524829464558925,0.00878800548814962,458873.39092383016,0.0003491950203734154,0.0002337908986939142,0.00016981339890191928,2.1509071792367444e-05,"0,1,2,3,14,18,19",0.9368277761965784,1,0.0244140625,5,8,3,0.011962890625,2,5,0,0.01123046875,2,5,14,0.042724609375,5,8,19.0,0.037109375,0.0,3.0,2.0,0.021484375,2.0,5.0,18.0,0.054443359375,2.0,5.0
1,20001,Sherbrooke,55,7,10,30,64,10,0.7682835783003596,7,0.021902901785714284,0.0419921875,0.1533203125,0.808349609375,0.348388671875,0.083984375,0.14892578125,-0.3180941908626594,0.00024359105694765504,0.005115412195900756,0.010000926489483536,0.023940844660705507,0.10000926489483536,0.023940844660705507,284942.2254474137,0.00029517602669982765,0.00021016899498644905,0.00023999703154014822,5.796574626933414e-05,"35,44,45,46,47,54,118",0.9599030444985416,44,0.01025390625,5,8,54,0.0419921875,2,5,46,0.032470703125,2,5,47,0.011962890625,5,8,118.0,0.012451171875,0.0,3.0,45.0,0.032470703125,2.0,5.0,35.0,0.01171875,2.0,5.0
1,20001,Sherbrooke,66,7,10,25,60,10,0.7395214695441028,7,0.029052734375,0.054443359375,0.203369140625,1.14404296875,0.533935546875,0.213623046875,0.335693359375,0.062150766557681515,0.0003496304546235819,0.00734223954709522,0.008524829464558925,0.00878800548814962,0.08524829464558925,0.00878800548814962,458873.39092383016,0.0003491950203734154,0.0002337908986939142,0.00016981339890191928,2.1509071792367444e-05,"0,1,2,3,14,18,19",0.9414217984802996,1,0.0244140625,5,8,3,0.011962890625,2,5,0,0.01123046875,2,5,14,0.042724609375,5,8,19.0,0.037109375,0.0,3.0,2.0,0.021484375,2.0,5.0,18.0,0.054443359375,2.0,5.0
1,20001,Torino,11,7,10,20,49,10,0.8247481748049326,7,0.020926339285714284,0.04736328125,0.146484375,0.83349609375,0.39404296875,0.169677734375,0.264404296875,0.11089783798189527,0.0002964023307975974,0.0062244489467495456,0.0039044230029718742,0.00418663282219689,0.03904423002971874,0.00418663282219689,471565.018422337,0.00020094021938581332,0.00014912654716722746,0.00011336479762285982,3.136320201800166e-05,"8,93,99,100,101,102,103",0.956964392166434,102,0.011962890625,5,8,103,0.01611328125,2,5,101,0.04736328125,2,5,100,0.033935546875,5,8,8.0,0.018310546875,0.0,3.0,93.0,0.00927734375,2.0,5.0,99.0,0.009521484375,2.0,5.0
1,20001,Torino,22,7,10,21,49,10,0.0,7,0.07760184151785714,0.257080078125,0.543212890625,2.806396484375,1.1767578125,0.51416015625,0.84765625,-0.2106548892524063,0.000366170246041386,0.007689575166869106,0.2034404872199119,1.0,2.034404872199119,1.0,475227.09545882774,0.00019729260865573197,0.00014176878738743077,0.00015343428297726449,3.6492069022158956e-05,"0,1,2,3,15,19,20",0.751277909916224,1,0.02294921875,5,8,3,0.01513671875,2,5,0,0.166748046875,2,5,15,0.017578125,5,8,20.0,0.015625,0.0,3.0,2.0,0.048095703125,2.0,5.0,19.0,0.257080078125,2.0,5.0
1,20001,Torino,33,7,10,20,49,10,0.6207810379397456,7,0.05726841517857143,0.166748046875,0.40087890625,1.7705078125,0.56787109375,0.2080078125,0.31005859375,-0.7277536309196391,0.00033792238063189297,0.007096369993269754,0.00449885785139163,0.006559164689385055,0.0449885785139163,0.006559164689385055,375477.67314557737,0.00020352531045714388,0.00014786421855730303,0.000166962741782937,4.932106481026948e-05,"0,46,47,48,49,50,51",0.7920190347276861,49,0.019775390625,5,8,50,0.10400390625,2,5,48,0.040771484375,2,5,47,0.013427734375,5,8,0.0,0.166748046875,0.0,3.0,51.0,0.005126953125,2.0,5.0,46.0,0.051025390625,2.0,5.0
1,20001,Torino,44,7,10,21,49,10,0.0,7,0.07760184151785714,0.257080078125,0.543212890625,2.806396484375,1.1767578125,0.51416015625,0.84765625,-0.2106548892524063,0.000366170246041386,0.007689575166869106,0.2034404872199119,1.0,2.034404872199119,1.0,475227.09545882774,0.00019729260865573197,0.00014176878738743077,0.00015343428297726449,3.6492069022158956e-05,"0,1,2,3,15,19,20",0.7630255978651921,1,0.02294921875,5,8,3,0.01513671875,2,5,0,0.166748046875,2,5,15,0.017578125,5,8,20.0,0.015625,0.0,3.0,2.0,0.048095703125,2.0,5.0,19.0,0.257080078125,2.0,5.0
1,20001,Torino,55,7,10,21,49,10,0.0,7,0.07760184151785714,0.257080078125,0.543212890625,2.806396484375,1.1767578125,0.51416015625,0.84765625,-0.2106548892524063,0.000366170246041386,0.007689575166869106,0.2034404872199119,1.0,2.034404872199119,1.0,475227.09545882774,0.00019729260865573197,0.00014176878738743077,0.00015343428297726449,3.6492069022158956e-05,"0,1,2,3,15,19,20",0.7570803598296606,1,0.02294921875,5,8,3,0.01513671875,2,5,0,0.166748046875,2,5,15,0.017578125,5,8,20.0,0.015625,0.0,3.0,2.0,0.048095703125,2.0,5.0,19.0,0.257080078125,2.0,5.0
1,20001,Torino,66,7,10,21,49,10,0.0,7,0.07760184151785714,0.257080078125,0.543212890625,2.806396484375,1.1767578125,0.51416015625,0.84765625,-0.2106548892524063,0.000366170246041386,0.007689575166869106,0.2034404872199119,1.0,2.034404872199119,1.0,475227.09545882774,0.00019729260865573197,0.00014176878738743077,0.00015343428297726449,3.6492069022158956e-05,"0,1,2,3,15,19,20",0.7717504012564346,1,0.02294921875,5,8,3,0.01513671875,2,5,0,0.166748046875,2,5,15,0.017578125,5,8,20.0,0.015625,0.0,3.0,2.0,0.048095703125,2.0,5.0,19.0,0.257080078125,2.0,5.0
1,20001,Fez,11,7,10,20,49,10,0.882133314511557,7,0.013078962053571428,0.03271484375,0.091552734375,0.535400390625,0.2607421875,0.10009765625,0.16552734375,0.23335676127152638,0.00022743020526367117,0.0047760343105370945,0.0027832233115385684,0.0034711667686598835,0.027832233115385685,0.0034711667686598835,412433.12141777406,0.0001500191210017054,0.00011253478202101726,0.00012177092094418043,2.3114926485690192e-05,"25,26,37,43,44,45,107",0.970998627581754,45,0.02001953125,5,8,44,0.00439453125,2,5,37,0.009033203125,2,5,25,0.0107421875,5,8,107.0,0.00732421875,0.0,3.0,43.0,0.03271484375,2.0,5.0,26.0,0.00732421875,2.0,5.0
1,20001,Fez,22,7,10,21,49,10,0.8915995189292499,7,0.008544921875,0.015869140625,0.059814453125,0.304443359375,0.125,0.03173828125,0.05615234375,-0.5489245827584258,0.00030317710693249553,0.006366719245582405,0.0048264406816947766,0.0101566715843735,0.04826440681694777,0.0101566715843735,334265.55964503955,0.00019906038726812117,4.880620782230333e-05,0.00016580407507421646,4.2379597486132065e-05,"0,1,2,3,4,5,6",0.9805199927719408,2,0.0048828125,5,8,0,0.011474609375,2,5,3,0.015869140625,2,5,4,0.00146484375,5,8,6.0,0.0068359375,0.0,3.0,1.0,0.01171875,2.0,5.0,5.0,0.007568359375,2.0,5.0
1,20001,Fez,33,7,10,28,53,10,0.8793781108383644,7,0.008544921875,0.015869140625,0.059814453125,0.304443359375,0.125,0.03173828125,0.05615234375,-0.5489245827584258,0.00030317710693249553,0.006366719245582405,0.006103422510992074,0.0101566715843735,0.06103422510992074,0.0101566715843735,334265.55964503955,0.00019906038726812117,4.880620782230333e-05,0.00016580407507421646,4.2379597486132065e-05,"0,1,2,3,4,5,6",0.9701831669984796,2,0.0048828125,5,8,0,0.011474609375,2,5,3,0.015869140625,2,5,4,0.00146484375,5,8,6.0,0.0068359375,0.0,3.0,1.0,0.01171875,2.0,5.0,5.0,0.007568359375,2.0,5.0
1,20001,Fez,44,7,10,25,52,10,0.0,7,0.013044084821428572,0.022705078125,0.09130859375,0.5068359375,0.23291015625,0.084228515625,0.129638671875,-0.021903862287545848,0.0002355074420958359,0.004945656284012554,0.20386294485416162,1.0,2.038629448541616,1.0,504468.54586144845,0.00013365827536106372,8.554491547909988e-05,8.616605797738257e-05,4.6580465044079096e-05,"68,69,70,71,78,89,90",0.836038359683155,70,0.006103515625,5,8,68,0.010986328125,2,5,78,0.022705078125,2,5,89,0.016845703125,5,8,71.0,0.00927734375,0.0,3.0,69.0,0.022705078125,2.0,5.0,90.0,0.002685546875,2.0,5.0
1,20001,Fez,55,7,10,28,53,10,0.8793781108383644,7,0.008544921875,0.015869140625,0.059814453125,0.304443359375,0.125,0.03173828125,0.05615234375,-0.5489245827584258,0.00030317710693249553,0.006366719245582405,0.006103422510992074,0.0101566715843735,0.06103422510992074,0.0101566715843735,334265.55964503955,0.00019906038726812117,4.880620782230333e-05,0.00016580407507421646,4.2379597486132065e-05,"0,1,2,3,4,5,6",0.9733587438508088,2,0.0048828125,5,8,0,0.011474609375,2,5,3,0.015869140625,2,5,4,0.00146484375,5,8,6.0,0.0068359375,0.0,3.0,1.0,0.01171875,2.0,5.0,5.0,0.007568359375,2.0,5.0
1,20001,Fez,66,7,10,21,49,10,0.0,7,0.024867466517857144,0.076904296875,0.174072265625,1.145263671875,0.623046875,0.384521484375,0.498046875,0.6099533451279793,0.00028294991336776565,0.005941948180723079,0.10381081815100908,1.0,1.0381081815100908,1.0,729466.4726277337,0.00011960716745510986,9.862370959798505e-05,7.539552750077584e-05,1.6452646331419718e-05,"65,66,67,68,69,70,151",0.7228977135018322,67,0.076904296875,5,8,65,0.042236328125,2,5,68,0.010986328125,2,5,69,0.022705078125,5,8,151.0,0.011962890625,0.0,3.0,66.0,0.003173828125,2.0,5.0,70.0,0.006103515625,2.0,5.0
2,20002,Sherbrooke,11,6,22,143,251,48,0.0,6,0.1064453125,0.5,0.638671875,9.411865234375,4.941162109375,4.0,4.546875,0.4415746499977297,0.00033751026345253107,0.014175431065006306,0.3018819803972158,1.0,14.490335059066364,1.0,551149.9224088917,0.0002726705221194751,0.00014966741484017624,0.00021393117770135398,5.706640093315378e-05,"66,73,83,84,85,86",0.6142085529586199,83,0.0234375,5,12,85,0.078125,7,14,66,0.017333984375,8,15,84,0.5,8,15,86.0,0.012939453125,7.0,14.0,73.0,0.0068359375,7.0,14.0,,,,
2,20002,Sherbrooke,22,6,22,141,242,48,0.4457205761584165,6,0.024698893229166668,0.0419921875,0.148193359375,2.0810546875,1.043701171875,0.2939453125,0.5537109375,0.09034697181788681,0.00030077212879194595,0.012632429409261728,0.012944479517241246,0.023940844660705507,0.6213350168275797,0.023940844660705507,494939.79200290696,0.0003190382027562904,0.00021016899498644905,0.00026627618268881744,6.175184273025624e-05,"44,45,46,47,48,54",0.8974550761994989,48,0.01904296875,5,12,46,0.032470703125,7,14,45,0.032470703125,8,15,47,0.011962890625,8,15,44.0,0.01025390625,7.0,14.0,54.0,0.0419921875,7.0,14.0,,,,
2,20002,Sherbrooke,33,6,22,142,238,48,0.42344286442239215,6,0.058186848958333336,0.203125,0.34912109375,5.041748046875,2.597900390625,1.625,1.9189453125,0.39199049801212227,0.0014692661620932322,0.06170917880791576,0.006437888901368948,0.007470643071650518,0.30901866726570953,0.007470643071650518,645891.2751992462,0.00024070897793475963,7.321640665178645e-05,0.00020080691638025978,6.175184273025624e-05,"54,61,62,63,64,65",0.8759621694911423,61,0.03076171875,5,12,63,0.036865234375,7,14,64,0.203125,8,15,62,0.012451171875,8,15,65.0,0.02392578125,7.0,14.0,54.0,0.0419921875,7.0,14.0,,,,
2,20002,Sherbrooke,44,6,22,137,238,48,0.40951590517122644,6,0.046915690104166664,0.1044921875,0.281494140625,3.771240234375,1.80078125,0.716064453125,1.238525390625,-0.698249886371459,0.0008347213828174127,0.03505829807833133,0.011281475256456654,0.019673884817254017,0.5415108123099195,0.019673884817254017,2441081.903888047,0.0002672358233661344,0.00013824687653823698,0.0001056640614373956,1.511968364381515e-05,"16,24,25,26,27,34",0.8490522747285417,34,0.1044921875,5,12,25,0.019775390625,7,14,26,0.00830078125,8,15,24,0.031005859375,8,15,16.0,0.102294921875,7.0,14.0,27.0,0.015625,7.0,14.0,,,,
2,20002,Sherbrooke,55,6,22,139,245,48,0.4195009799586171,6,0.061808268229166664,0.203125,0.370849609375,5.362548828125,2.7666015625,1.625,1.9189453125,0.4483916409893717,0.0002511309693257656,0.010547500711682155,0.009175389804278934,0.023940844660705507,0.44041871060538884,0.023940844660705507,639354.2158307971,0.0002715166503883299,7.321640665178645e-05,0.00022007107443268816,6.175184273025624e-05,"45,46,54,63,64,65",0.8736459375773178,46,0.032470703125,5,12,54,0.0419921875,7,14,64,0.203125,8,15,45,0.032470703125,8,15,63.0,0.036865234375,7.0,14.0,65.0,0.02392578125,7.0,14.0,,,,
2,20002,Sherbrooke,66,6,22,148,246,51,0.6057517167932183,6,0.0211181640625,0.055908203125,0.126708984375,1.777587890625,0.890625,0.391357421875,0.533935546875,0.03844069363833482,0.00021399438635583235,0.00898776422694496,0.0068794268161802095,0.00843910434012407,0.3508507676251907,0.00843910434012407,1314438.240746843,0.00029936129940779326,0.00022879595524938841,0.00012125812936941851,2.4196989159075558e-05,"71,75,76,77,78,79",0.9244810682746312,79,0.015625,5,12,77,0.0087890625,7,14,71,0.017822265625,8,15,78,0.01708984375,8,15,75.0,0.055908203125,7.0,14.0,76.0,0.011474609375,7.0,14.0,,,,
2,20002,Torino,11,6,22,110,180,48,0.30415137250263397,6,0.034749348958333336,0.081787109375,0.20849609375,2.845947265625,1.386474609375,0.572509765625,0.84228515625,-0.4790362761559113,0.0009219819889421369,0.03872324353556976,0.018181836816864392,0.0435159752869026,0.8727281672094904,0.0435159752869026,2968130.0971359727,0.00015922573255115868,3.1636670345492487e-06,0.000105627591045294,6.131348483914939e-06,"82,83,84,85,93,103",0.8809070972992292,82,0.053955078125,5,12,84,0.081787109375,7,14,103,0.01611328125,8,15,83,0.018798828125,8,15,85.0,0.028564453125,7.0,14.0,93.0,0.00927734375,7.0,14.0,,,,
2,20002,Torino,22,6,22,112,171,51,0.5467431065101237,6,0.035563151041666664,0.086669921875,0.21337890625,2.927001953125,1.433349609375,0.606689453125,0.9638671875,-0.3616882863956954,0.0003930943027381109,0.01650996071500066,0.00679914972056229,0.011973449649978707,0.3467566357486768,0.011973449649978707,660807.1030411245,0.000201470980495354,0.00010450129441664454,0.000172748628932396,4.932106481026948e-05,"46,55,63,64,65,66",0.9096572914696516,63,0.04052734375,5,12,55,0.014404296875,7,14,66,0.005859375,8,15,65,0.014892578125,8,15,46.0,0.051025390625,7.0,14.0,64.0,0.086669921875,7.0,14.0,,,,
2,20002,Torino,33,6,22,103,162,48,0.0,6,0.07198079427083333,0.11474609375,0.431884765625,6.037841796875,3.0146484375,0.88671875,1.767578125,-0.03441341541686279,0.0003884822365676052,0.016316253935839416,0.11077155192623245,1.0,5.31703449245915,1.0,1413850.702887857,0.00011838537758662422,4.242049838087228e-05,0.00011120716181186638,1.880833651631802e-05,"16,21,22,23,24,34",0.7288547786436252,34,0.11474609375,5,12,22,0.0537109375,7,14,23,0.110107421875,8,15,21,0.11083984375,8,15,16.0,0.021484375,7.0,14.0,24.0,0.02099609375,7.0,14.0,,,,
2,20002,Torino,44,6,22,115,177,51,0.6743518781526842,6,0.0252685546875,0.053955078125,0.151611328125,2.100830078125,1.03955078125,0.377685546875,0.661376953125,-0.21316463376432335,0.00040675174166901343,0.01708357315009856,0.0040580066732757115,0.006600765149689991,0.2069583403370613,0.006600765149689991,1078121.8243241198,0.00019297884530531553,0.0001566544988539497,0.00011488370115415083,2.7784766241489783e-05,"63,73,80,81,82,83",0.9347171283527056,80,0.02294921875,5,12,82,0.053955078125,7,14,83,0.018798828125,8,15,81,0.00537109375,8,15,63.0,0.04052734375,7.0,14.0,73.0,0.010009765625,7.0,14.0,,,,
2,20002,Torino,55,6,22,103,162,48,0.5404161558889551,6,0.031046549479166668,0.086669921875,0.186279296875,2.64697265625,1.343017578125,0.606689453125,1.014892578125,0.22607418278314245,0.0003520718884804215,0.0147870193161777,0.008032921348476432,0.011973449649978707,0.3855802247268687,0.011973449649978707,778562.7957931391,0.0002095147074239911,0.00010450129441664454,0.000157118317621978,4.932106481026948e-05,"46,47,55,64,65,66",0.914048948727257,47,0.013427734375,5,12,55,0.014404296875,7,14,65,0.014892578125,8,15,46,0.051025390625,8,15,66.0,0.005859375,7.0,14.0,64.0,0.086669921875,7.0,14.0,,,,
2,20002,Torino,66,6,22,103,162,48,0.3574098846104071,6,0.033732096354166664,0.081787109375,0.202392578125,2.94921875,1.532470703125,0.654296875,1.0859375,0.7352478783256722,0.000937634605629776,0.0393806534364506,0.015342386543781616,0.0435159752869026,0.7364345541015171,0.0435159752869026,2908683.7141254796,0.00017791093814637881,3.1636670345492487e-06,0.000110583391438055,6.131348483914939e-06,"73,82,83,84,85,93",0.8957377680561756,73,0.010009765625,5,12,83,0.018798828125,7,14,84,0.081787109375,8,15,82,0.053955078125,8,15,85.0,0.028564453125,7.0,14.0,93.0,0.00927734375,7.0,14.0,,,,
2,20002,Fez,11,6,22,103,162,48,0.72354674081767,6,0.017740885416666668,0.0576171875,0.1064453125,1.560546875,0.8154296875,0.4609375,0.68359375,0.5952802386011365,0.00023716958341651664,0.0099611225034937,0.004027045804983028,0.00432421866764926,0.19329819863918535,0.00432421866764926,1999439.6939566622,0.00013423042276134716,8.896898620456324e-05,8.103610003243104e-05,2.0212896727624212e-05,"38,48,49,50,51,58",0.96049894506044,58,0.007568359375,5,12,50,0.00390625,7,14,49,0.02783203125,8,15,51,0.0576171875,8,15,48.0,0.00390625,7.0,14.0,38.0,0.005615234375,7.0,14.0,,,,
2,20002,Fez,22,6,22,103,162,48,0.7448290743529371,6,0.009724934895833334,0.015869140625,0.058349609375,0.821533203125,0.4130859375,0.126953125,0.220703125,0.1563005349016115,0.00037626393569010927,0.01580308529898459,0.004379778471556018,0.0101566715843735,0.21022936663468889,0.0101566715843735,750933.2855191152,0.00019090189880237285,4.880620782230333e-05,0.0001562041851651452,4.2379597486132065e-05,"0,1,2,3,4,16",0.9563954491810585,0,0.011474609375,5,12,2,0.0048828125,7,14,3,0.015869140625,8,15,1,0.01171875,8,15,16.0,0.012939453125,7.0,14.0,4.0,0.00146484375,7.0,14.0,,,,
2,20002,Fez,33,6,22,103,162,48,0.7991232485611035,6,0.008382161458333334,0.012939453125,0.05029296875,0.69140625,0.33935546875,0.0859375,0.150634765625,-0.6504066312565379,0.00027475018634462943,0.011539507826474435,0.0032047110844460568,0.003729788749903873,0.15382613205341072,0.003729788749903873,718608.8868197653,0.00014731314222411016,6.956261627908302e-05,0.0001229933559486687,9.36748750544994e-05,"16,23,24,25,26,37",0.972817880052882,16,0.012939453125,5,12,24,0.0078125,7,14,25,0.0107421875,8,15,23,0.00244140625,8,15,37.0,0.009033203125,7.0,14.0,26.0,0.00732421875,7.0,14.0,,,,
2,20002,Fez,44,6,22,103,162,48,0.5554067531957543,6,0.011515299479166666,0.03271484375,0.069091796875,0.996337890625,0.5126953125,0.26171875,0.353515625,0.49309721514532306,0.00032494827739239256,0.013647827650480492,0.009973122263332728,0.03325821922205768,0.47870986863997095,0.03325821922205768,2624117.212090002,0.00014727098737067756,9.65851238507667e-05,7.130146913732819e-05,1.0407388450935476e-05,"42,43,56,62,63,64",0.931959996858046,42,0.007568359375,5,12,56,0.002685546875,7,14,63,0.011474609375,8,15,43,0.03271484375,8,15,62.0,0.0078125,7.0,14.0,64.0,0.0068359375,7.0,14.0,,,,
2,20002,Fez,55,6,22,103,162,48,0.7661502800707094,6,0.012369791666666666,0.03271484375,0.07421875,1.078125,0.55859375,0.26171875,0.421875,0.6099765497116968,0.00029285552700409207,0.012299932134171864,0.0034874303369180335,0.005548863169461404,0.16739665617206562,0.005548863169461404,1886111.903000413,0.0001590938005887909,0.00013679890666469776,0.00011095315034708592,1.1018438267643966e-05,"42,43,44,45,46,56",0.960944318014811,46,0.0068359375,5,12,44,0.00439453125,7,14,43,0.03271484375,8,15,45,0.02001953125,8,15,56.0,0.002685546875,7.0,14.0,42.0,0.007568359375,7.0,14.0,,,,
2,20002,Fez,66,6,22,103,162,48,0.7943409848183095,6,0.0096435546875,0.019287109375,0.057861328125,0.83740234375,0.432373046875,0.154296875,0.2890625,0.7187021908976992,0.0001979669764326298,0.00831461301017045,0.003205498273678124,0.003906583001843877,0.15386391713654995,0.003906583001843877,2190031.045430051,0.0001269411787165679,9.448648053452447e-05,6.776552933571655e-05,1.660307930913441e-05,"88,89,90,91,92,98",0.9694847237727326,88,0.00439453125,5,12,90,0.002685546875,7,14,91,0.019287109375,8,15,89,0.016845703125,8,15,92.0,0.009521484375,7.0,14.0,98.0,0.005126953125,7.0,14.0,,,,
3,20003,Sherbrooke,11,6,16,85,156,30,0.7691822004659636,6,0.009684244791666666,0.012451171875,0.05810546875,0.582275390625,0.291748046875,0.087890625,0.16259765625,0.029343477583754496,0.000237535892296231,0.00712607676888693,0.006255524647518229,0.009034455276413444,0.18766573942554687,0.009034455276413444,876234.1859078968,0.00030505735870340743,0.0002359677205156871,0.00021874966976858043,2.7133052989838604e-05,"87,93,103,104,105,106",0.9426893765986384,105,0.010986328125,8,13,106,0.012451171875,6,11,103,0.0087890625,2,7,104,0.003662109375,5,10,87.0,0.012451171875,2.0,7.0,93.0,0.009765625,7.0,12.0,,,,
3,20003,Sherbrooke,22,6,16,82,144,27,0.6028441907143473,6,0.0325927734375,0.1044921875,0.195556640625,2.149169921875,1.17138671875,0.7314453125,0.9853515625,0.41558374641683227,0.00040193032651593684,0.012057909795478106,0.010260185732452343,0.013510379588167087,0.2770250147762133,0.013510379588167087,871341.5189761501,0.0002834811727620751,0.00013824687653823698,0.00018765484792181362,1.511968364381515e-05,"24,34,41,42,43,44",0.8748383705047509,42,0.03173828125,8,13,44,0.01025390625,6,11,41,0.00927734375,2,7,43,0.0087890625,5,10,24.0,0.031005859375,2.0,7.0,34.0,0.1044921875,7.0,12.0,,,,
3,20003,Sherbrooke,33,6,16,85,152,27,0.6313017878259121,6,0.033732096354166664,0.087158203125,0.202392578125,2.1884765625,1.176513671875,0.697265625,0.83642578125,0.49002093413709674,0.00031887125373556156,0.009566137612066847,0.00862889773559211,0.01994202941922424,0.23298023886098695,0.01994202941922424,1741451.3331750552,0.0003093069405418209,0.00011059051310535338,0.000104325432658746,1.511968364381515e-05,"4,15,21,22,23,24",0.9069299057680094,15,0.087158203125,8,13,21,0.023193359375,6,11,4,0.020751953125,2,7,22,0.022705078125,5,10,24.0,0.031005859375,2.0,7.0,23.0,0.017578125,7.0,12.0,,,,
3,20003,Sherbrooke,44,6,16,87,161,30,0.4548153232144903,6,0.06620279947916667,0.203125,0.397216796875,4.309814453125,2.32373046875,1.421875,1.90771484375,0.3585434620082055,0.001480642086191684,0.04441926258575051,0.005853577965960451,0.008316168208496233,0.17560733897881353,0.008316168208496233,452654.128286709,0.00022201805229234565,7.321640665178645e-05,0.00018498876007850076,6.175184273025624e-05,"54,62,63,64,72,81",0.8011903060495194,62,0.012451171875,8,13,63,0.036865234375,6,11,81,0.005615234375,2,7,72,0.09716796875,5,10,54.0,0.0419921875,2.0,7.0,64.0,0.203125,7.0,12.0,,,,
3,20003,Sherbrooke,55,6,16,88,162,30,0.565568404355418,6,0.034830729166666664,0.054443359375,0.208984375,2.1279296875,1.0830078125,0.435546875,0.69189453125,0.1997960607698502,0.00028767748253806513,0.008630324476141954,0.011013896582173388,0.01586635634658362,0.33041689746520164,0.01586635634658362,1020850.7668026922,0.00036154613510546346,0.0002337908986939142,0.00011705068404817108,2.1509071792367444e-05,"0,1,14,18,19,20",0.8835447025509539,18,0.054443359375,8,13,14,0.042724609375,6,11,20,0.0390625,2,7,19,0.037109375,5,10,1.0,0.0244140625,2.0,7.0,0.0,0.01123046875,7.0,12.0,,,,
3,20003,Sherbrooke,66,6,16,86,156,30,0.5238345007418339,6,0.0338134765625,0.1044921875,0.202880859375,2.333984375,1.319580078125,0.8359375,1.05810546875,0.6691679505591053,0.00047553666368907243,0.014266099910672174,0.013186938854210828,0.01994202941922424,0.39560816562632484,0.01994202941922424,1446969.4190772774,0.000251695394531487,0.00011059051310535338,0.00014028869029073348,1.511968364381515e-05,"23,24,34,41,42,43",0.8427559617291506,34,0.1044921875,8,13,43,0.0087890625,6,11,23,0.017578125,2,7,24,0.031005859375,5,10,41.0,0.00927734375,2.0,7.0,42.0,0.03173828125,7.0,12.0,,,,
3,20003,Torino,11,6,16,69,116,30,0.6578901779023624,6,0.0308837890625,0.081787109375,0.185302734375,1.875732421875,0.94921875,0.572509765625,0.701416015625,0.06305584720017784,0.000415218240489657,0.012456547214689712,0.006847674827160732,0.017540421153037722,0.20543024481482197,0.017540421153037722,664838.2452505361,0.00019546256451488927,0.00014912654716722746,0.00011259442643649438,4.898498898759491e-05,"83,84,93,101,102,103",0.9155422862017448,103,0.01611328125,8,13,93,0.00927734375,6,11,101,0.04736328125,2,7,102,0.011962890625,5,10,83.0,0.018798828125,2.0,7.0,84.0,0.081787109375,7.0,12.0,,,,
3,20003,Torino,22,6,16,71,119,27,0.6891414172073327,6,0.019978841145833332,0.051025390625,0.119873046875,1.173583984375,0.57421875,0.255126953125,0.35595703125,-0.12896673877215198,0.00039855551727630364,0.011956665518289108,0.008283045604533855,0.011973449649978707,0.22364223132241406,0.011973449649978707,670578.7162873324,0.00015007936648441756,5.541491119435325e-05,0.0001431774478400673,4.932106481026948e-05,"44,45,46,47,55,65",0.8973380563608091,45,0.00927734375,8,13,47,0.013427734375,6,11,44,0.016845703125,2,7,46,0.051025390625,5,10,65.0,0.014892578125,2.0,7.0,55.0,0.014404296875,7.0,12.0,,,,
3,20003,Torino,33,6,16,71,119,27,0.0,6,0.06986490885416667,0.11474609375,0.419189453125,4.286376953125,2.1904296875,0.91796875,1.47216796875,0.15495226686448488,0.00040492479729012143,0.012147743918703645,0.38310920773482793,1.0,10.34394860884035,1.0,1054556.212593487,0.00011731896693652715,4.242049838087228e-05,9.467595317412041e-05,1.880833651631802e-05,"20,21,22,23,34,40",0.5195812486392577,34,0.11474609375,8,13,20,0.015625,6,11,40,0.01416015625,2,7,21,0.11083984375,5,10,23.0,0.110107421875,2.0,7.0,22.0,0.0537109375,7.0,12.0,,,,
3,20003,Torino,44,6,16,69,116,30,0.0,6,0.1256103515625,0.565185546875,0.753662109375,6.020263671875,2.251953125,1.13037109375,1.62109375,-0.5522946633941854,0.0038075423080407077,0.11422626924122123,0.0804433214436676,1.0,2.413299643310028,1.0,2447009.425747514,0.00013105659778756573,3.1636670345492487e-06,0.00010428749515341691,6.131348483914939e-06,"81,82,83,84,85,86",0.6963925697583427,83,0.018798828125,8,13,84,0.081787109375,6,11,81,0.00537109375,2,7,82,0.053955078125,5,10,86.0,0.565185546875,2.0,7.0,85.0,0.028564453125,7.0,12.0,,,,
3,20003,Torino,55,6,16,69,116,30,0.639888566124802,6,0.039225260416666664,0.11962890625,0.2353515625,2.04443359375,0.86767578125,0.255126953125,0.494384765625,-0.58098273701026,0.0003995351396381794,0.011986054189145385,0.005885953614422131,0.011973449649978707,0.17657860843266393,0.011973449649978707,563069.2260173435,0.0001743553710783251,5.541491119435325e-05,0.00017278567074612407,4.932106481026948e-05,"25,35,44,45,46,55",0.9213161634984032,45,0.00927734375,8,13,44,0.016845703125,6,11,55,0.014404296875,2,7,46,0.051025390625,5,10,25.0,0.11962890625,2.0,7.0,35.0,0.024169921875,7.0,12.0,,,,
3,20003,Torino,66,6,16,69,116,30,0.0,6,0.12105305989583333,0.565185546875,0.726318359375,5.7783203125,2.146728515625,1.13037109375,1.78466796875,-0.5357959675153243,0.003896923131520614,0.11690769394561841,0.09009801649988144,1.0,2.7029404949964433,1.0,2065522.5826372106,0.00011974783718781457,3.1636670345492487e-06,0.00010627985137049573,6.131348483914939e-06,"84,85,86,93,103,104",0.5919234915582663,84,0.081787109375,8,13,93,0.00927734375,6,11,86,0.565185546875,2,7,85,0.028564453125,5,10,104.0,0.025390625,2.0,7.0,103.0,0.01611328125,7.0,12.0,,,,
3,20003,Fez,11,6,16,71,119,27,0.7567707638784988,6,0.025065104166666668,0.076904296875,0.150390625,1.27392578125,0.52197265625,0.211181640625,0.364990234375,-0.6258636560331019,0.00024678696999476656,0.007403609099842997,0.004004439562035496,0.0045245712543414696,0.10811986817495839,0.0045245712543414696,1630715.5317825377,0.00013480624426465932,9.862370959798505e-05,5.6462737903396856e-05,1.6452646331419718e-05,"64,65,66,67,77,85",0.9606754267098356,77,0.008544921875,8,13,64,0.0068359375,6,11,85,0.0126953125,2,7,65,0.042236328125,5,10,67.0,0.076904296875,2.0,7.0,66.0,0.003173828125,7.0,12.0,,,,
3,20003,Fez,22,6,16,64,123,30,0.8089046653893223,6,0.012939453125,0.042236328125,0.07763671875,0.9150390625,0.52685546875,0.337890625,0.4267578125,0.7433434368367279,0.00022259659716724795,0.006677897915017438,0.0039178872857341595,0.0045245712543414696,0.1175366185720248,0.0045245712543414696,1518658.3725215998,0.00013464962782756257,9.862370959798505e-05,5.8001503288688546e-05,1.6452646331419718e-05,"64,65,66,77,85,86",0.9568553953023764,65,0.042236328125,8,13,77,0.008544921875,6,11,66,0.003173828125,2,7,64,0.0068359375,5,10,86.0,0.004150390625,2.0,7.0,85.0,0.0126953125,7.0,12.0,,,,
3,20003,Fez,33,6,16,64,123,30,0.8195564124901137,6,0.010701497395833334,0.02783203125,0.064208984375,0.7294921875,0.408447265625,0.22265625,0.33544921875,0.7236197947756166,0.0002860109768865117,0.008580329306595351,0.0038526862511044165,0.00492645681832371,0.1155805875331325,0.00492645681832371,2032081.1513104588,0.00013222776651306958,8.896898620456324e-05,6.991081971723541e-05,1.1018438267643966e-05,"38,46,47,48,49,50",0.9638590631601194,49,0.02783203125,8,13,48,0.00390625,6,11,50,0.00390625,2,7,38,0.005615234375,5,10,46.0,0.0068359375,2.0,7.0,47.0,0.01611328125,7.0,12.0,,,,
3,20003,Fez,44,6,16,69,116,30,0.820740683761317,6,0.01513671875,0.042236328125,0.0908203125,0.810546875,0.3564453125,0.093994140625,0.178466796875,-0.5370448459763443,0.00022781822572368732,0.006834546771710621,0.00304118413511328,0.0045245712543414696,0.09123552405339841,0.0045245712543414696,1182782.2869953385,0.00012028403606407279,2.71485117609998e-05,7.058083833837912e-05,2.2436854432723044e-05,"65,77,85,86,87,88",0.9630771734037932,86,0.004150390625,8,13,85,0.0126953125,6,11,88,0.00439453125,2,7,87,0.018798828125,5,10,65.0,0.042236328125,2.0,7.0,77.0,0.008544921875,7.0,12.0,,,,
3,20003,Fez,55,6,16,71,119,27,0.0,6,0.019816080729166668,0.07080078125,0.118896484375,0.98486328125,0.390380859375,0.1416015625,0.266357421875,-0.6304176166268236,0.00037109079608315857,0.011132723882494757,0.2636735251950642,1.0,7.119185180266731,1.0,1260116.4152672086,0.00016039419792109622,0.00010138321118942003,8.786816149269196e-05,2.031782682225323e-05,"61,76,80,81,82,83",0.5096108697299714,82,0.002197265625,8,13,80,0.0048828125,6,11,83,0.07080078125,2,7,81,0.01025390625,5,10,61.0,0.012939453125,2.0,7.0,76.0,0.017822265625,7.0,12.0,,,,
3,20003,Fez,66,6,16,69,116,30,0.8446251554367642,6,0.008626302083333334,0.018798828125,0.0517578125,0.540771484375,0.281982421875,0.150390625,0.20166015625,0.30756955777709627,0.00024185911742822795,0.007255773522846838,0.003365962692532916,0.004731122371923191,0.10097888077598749,0.004731122371923191,1331330.6493800194,0.00011325624435337639,2.71485117609998e-05,7.009544367502044e-05,2.2436854432723044e-05,"85,86,87,97,107,108",0.9605721285406752,87,0.018798828125,8,13,97,0.004150390625,6,11,85,0.0126953125,2,7,86,0.004150390625,5,10,108.0,0.004638671875,2.0,7.0,107.0,0.00732421875,7.0,12.0,,,,
4,20004,Sherbrooke,11,5,16,63,112,21,0.6090848999306594,5,0.039111328125,0.1044921875,0.195556640625,1.9814453125,0.80810546875,0.3134765625,0.530517578125,-0.5963597545782108,0.00042610139015278385,0.012783041704583515,0.012880397812010095,0.01994202941922424,0.270488354052212,0.01994202941922424,1724848.6809571893,0.00024117887447887764,0.00011059051310535338,0.00013401620671494343,1.511968364381515e-05,"22,23,24,25,34",0.8777886134266293,34,0.1044921875,3,9,22,0.022705078125,4,10,23,0.017578125,5,11,25,0.019775390625,5,11,24.0,0.031005859375,7.0,13.0,,,,,,,,
4,20004,Sherbrooke,22,5,16,63,115,21,0.5873494674727022,5,0.06767578125,0.203125,0.33837890625,4.022216796875,1.991943359375,1.421875,1.6318359375,0.81543967561087,0.00027749697985619555,0.008324909395685866,0.007339560120105644,0.008712740088968107,0.15413076252221852,0.008712740088968107,475412.93560669274,0.0002526482280636886,7.321640665178645e-05,0.00016632231031174456,6.175184273025624e-05,"45,54,63,64,65",0.8902659732522694,63,0.036865234375,3,9,45,0.032470703125,4,10,54,0.0419921875,5,11,65,0.02392578125,5,11,64.0,0.203125,7.0,13.0,,,,,,,,
4,20004,Sherbrooke,33,5,16,91,133,24,0.6223778557894017,5,0.03623046875,0.1044921875,0.18115234375,1.8056640625,0.71875,0.3134765625,0.468505859375,-0.6515541691034505,0.00043890734785383253,0.013167220435614977,0.010928369181052576,0.01994202941922424,0.2622808603452618,0.01994202941922424,1604237.866192049,0.00023978120954658717,0.00011059051310535338,0.00010598586457388735,1.511968364381515e-05,"23,24,25,26,34",0.8330225179487336,34,0.1044921875,3,9,23,0.017578125,4,10,24,0.031005859375,5,11,26,0.00830078125,5,11,25.0,0.019775390625,7.0,13.0,,,,,,,,
4,20004,Sherbrooke,44,5,16,63,112,21,0.7626122832937262,5,0.02109375,0.03076171875,0.10546875,1.115966796875,0.483154296875,0.15380859375,0.28076171875,-0.43073679851333774,0.0016635389464569124,0.04990616839370737,0.0049707557088457905,0.005928022860568705,0.1043858698857616,0.005928022860568705,149247.3702935584,0.00032619358468798565,0.00027570164892536906,0.0003668831800483696,0.0003020747589025255,"53,59,60,61,62",0.9411838752380168,53,0.0263671875,3,9,62,0.012451171875,4,10,61,0.03076171875,5,11,59,0.025390625,5,11,60.0,0.010498046875,7.0,13.0,,,,,,,,
4,20004,Sherbrooke,55,5,16,61,111,21,0.0,5,0.087548828125,0.25732421875,0.437744140625,4.575439453125,1.948974609375,1.029296875,1.465087890625,-0.2574051163242424,0.0005571124390470431,0.016713373171411295,0.29115992602510965,1.0,6.114358446527303,1.0,545569.7834785955,0.0003008008161853875,0.00017275909991425791,0.0001552429429879883,4.444146850625187e-05,"3,4,5,6,15",0.5523516926856927,3,0.011962890625,3,9,6,0.25732421875,4,10,5,0.060546875,5,11,15,0.087158203125,5,11,4.0,0.020751953125,7.0,13.0,,,,,,,,
4,20004,Sherbrooke,66,5,16,64,113,21,0.8206011837513971,5,0.020458984375,0.03076171875,0.102294921875,1.086181640625,0.472412109375,0.15380859375,0.28564453125,-0.31771011116098585,0.0001372529703292278,0.004117589109876835,0.0041753010232930465,0.005432380911591206,0.08768132148915397,0.005432380911591206,141676.1980830215,0.00031597656800780424,0.00024905308533607187,0.00038115430253267646,0.0003205561005438467,"41,53,59,60,61",0.952322813506386,59,0.025390625,3,9,41,0.00927734375,4,10,53,0.0263671875,5,11,61,0.03076171875,5,11,60.0,0.010498046875,7.0,13.0,,,,,,,,
4,20004,Torino,11,5,16,51,82,21,0.7575009850101803,5,0.03818359375,0.141357421875,0.19091796875,1.992431640625,0.846923828125,0.5654296875,0.72607421875,-0.20179808937669155,0.00019788788619735034,0.00593663658592051,0.003182250493409459,0.004614540559466085,0.06682726036159864,0.004614540559466085,345635.4493327488,0.00019888606767903537,8.372342795432513e-05,0.00018453930887059002,7.933698395417266e-05,"42,54,60,61,62",0.9198136643716126,60,0.006103515625,3,9,42,0.141357421875,4,10,54,0.008544921875,5,11,62,0.011962890625,5,11,61.0,0.02294921875,7.0,13.0,,,,,,,,
4,20004,Torino,22,5,16,65,103,24,0.7094717625059098,5,0.041357421875,0.10400390625,0.206787109375,2.229736328125,0.989013671875,0.416015625,0.67236328125,-0.016025835284543915,0.00037814072229297755,0.011344221668789328,0.004615034583094951,0.005106236503410466,0.11076082999427883,0.005106236503410466,628185.4798435438,0.00021773351437772456,9.674916548056673e-05,0.00013226184400046755,4.184546932608388e-05,"50,56,68,69,70",0.8982940152995788,68,0.007080078125,3,9,50,0.10400390625,4,10,56,0.01904296875,5,11,70,0.0400390625,5,11,69.0,0.03662109375,7.0,13.0,,,,,,,,
4,20004,Torino,33,5,16,51,82,21,0.0,5,0.14228515625,0.565185546875,0.71142578125,8.86279296875,4.59423828125,3.956298828125,4.332275390625,0.8362556111165975,0.004306709718714776,0.12920129156144328,0.7154047199049897,1.0,15.023499118004782,1.0,1829012.4388343648,0.00011422466358513444,3.1636670345492487e-06,0.00012078963848515887,6.131348483914939e-06,"67,74,85,86,87",0.4638379777655167,85,0.028564453125,3,9,67,0.0361328125,4,10,74,0.0751953125,5,11,87,0.00634765625,5,11,86.0,0.565185546875,7.0,13.0,,,,,,,,
4,20004,Torino,44,5,16,63,91,24,0.7312956556168578,5,0.02314453125,0.051025390625,0.11572265625,1.165283203125,0.470947265625,0.153076171875,0.249755859375,-0.8642891148971739,0.00041566648388308093,0.012469994516492429,0.00733441228923476,0.011973449649978707,0.17602589494163423,0.011973449649978707,529206.2771141446,0.00016251865874836695,5.541491119435325e-05,0.0001473735506089611,4.932106481026948e-05,"35,44,45,46,55",0.9381809313487656,46,0.051025390625,3,9,35,0.024169921875,4,10,44,0.016845703125,5,11,55,0.014404296875,5,11,45.0,0.00927734375,7.0,13.0,,,,,,,,
4,20004,Torino,55,5,16,72,89,24,0.7623316191939437,5,0.0328125,0.086669921875,0.1640625,1.944091796875,0.959716796875,0.606689453125,0.809326171875,0.8919890372339474,0.0002975554760665677,0.008926664281997029,0.0035695520841356764,0.004846625269212701,0.08566925001925624,0.004846625269212701,366094.53967776056,0.0001812746485831822,0.00010450129441664454,0.00015347581661920257,0.00011301724235324616,"62,63,64,65,73",0.9405776721293816,62,0.011962890625,3,9,73,0.010009765625,4,10,63,0.04052734375,5,11,65,0.014892578125,5,11,64.0,0.086669921875,7.0,13.0,,,,,,,,
4,20004,Torino,66,5,16,51,82,21,0.7840087458920835,5,0.027783203125,0.0400390625,0.138916015625,1.527099609375,0.693603515625,0.25634765625,0.45654296875,0.3188835179928776,0.000394713481505405,0.011841404445162148,0.004125338056019546,0.005106236503410466,0.08663209917641046,0.005106236503410466,676456.1572385186,0.00019802873277078946,9.674916548056673e-05,0.00011394912140695074,4.184546932608388e-05,"56,67,68,69,70",0.9594788228193378,56,0.01904296875,3,9,67,0.0361328125,4,10,68,0.007080078125,5,11,70,0.0400390625,5,11,69.0,0.03662109375,7.0,13.0,,,,,,,,
4,20004,Fez,11,5,16,63,91,24,0.0,5,0.00703125,0.010009765625,0.03515625,0.37939453125,0.16845703125,0.050048828125,0.097900390625,-0.025341959828103538,0.0002323820060721324,0.006971460182163972,0.2524549595438529,1.0,6.058919029052469,1.0,756957.8777140828,0.0001416967444225102,0.00011253478202101726,0.00010422124990075686,2.3114926485690192e-05,"104,105,106,107,108",0.4639739424461742,107,0.00732421875,3,9,104,0.00634765625,4,10,105,0.010009765625,5,11,108,0.004638671875,5,11,106.0,0.0068359375,7.0,13.0,,,,,,,,
4,20004,Fez,22,5,16,63,91,24,0.7269722196383885,5,0.034814453125,0.10595703125,0.174072265625,2.06494140625,1.0205078125,0.74169921875,0.862548828125,0.7699463086365015,0.00029227250225809725,0.008768175067742917,0.005108630776610744,0.005607477683633899,0.12260713863865785,0.005607477683633899,1574713.3507783627,0.0001358521607868388,8.399410512638346e-05,4.367055046594135e-05,1.9669723740896218e-05,"111,112,113,119,133",0.9439599099576772,112,0.022705078125,3,9,133,0.016357421875,4,10,119,0.024169921875,5,11,111,0.0048828125,5,11,113.0,0.10595703125,7.0,13.0,,,,,,,,
4,20004,Fez,33,5,16,51,82,21,0.7033027840579859,5,0.014453125,0.042236328125,0.072265625,0.850830078125,0.417236328125,0.295654296875,0.341552734375,0.749706165743003,0.00032591106555669074,0.00977733196670072,0.01241807817782641,0.03325821922205768,0.26077964173435464,0.03325821922205768,2080202.3770230375,0.00012739909435830979,9.65851238507667e-05,5.041602262068794e-05,1.0407388450935476e-05,"63,64,65,66,77",0.8982297868190602,77,0.008544921875,3,9,63,0.011474609375,4,10,64,0.0068359375,5,11,66,0.003173828125,5,11,65.0,0.042236328125,7.0,13.0,,,,,,,,
4,20004,Fez,44,5,16,67,94,24,0.8009015689971918,5,0.021728515625,0.076904296875,0.108642578125,1.186279296875,0.534423828125,0.384521484375,0.465087890625,0.06985420287299415,0.00038441344392162755,0.011532403317648827,0.003873196428898905,0.00492645681832371,0.09295671429357372,0.00492645681832371,1903102.7443997646,0.00012764364813945252,8.896898620456324e-05,5.078628206290637e-05,1.1018438267643966e-05,"46,47,48,57,67",0.9558048304510356,57,0.0048828125,3,9,46,0.0068359375,4,10,47,0.01611328125,5,11,67,0.076904296875,5,11,48.0,0.00390625,7.0,13.0,,,,,,,,
4,20004,Fez,55,5,16,51,82,21,0.0,5,0.02373046875,0.076904296875,0.11865234375,1.426513671875,0.714599609375,0.538330078125,0.629150390625,0.7965881500667009,0.0003176217143847678,0.009528651431543033,0.2886462946186807,1.0,6.0615721869922945,1.0,1265102.993458789,0.00011579301906499639,9.862370959798505e-05,6.086946259491163e-05,1.6452646331419718e-05,"57,66,67,68,69",0.5865772145557602,57,0.0048828125,3,9,69,0.022705078125,4,10,68,0.010986328125,5,11,66,0.003173828125,5,11,67.0,0.076904296875,7.0,13.0,,,,,,,,
4,20004,Fez,66,5,16,51,82,21,0.8537009741014914,5,0.0134765625,0.03271484375,0.0673828125,0.771484375,0.3671875,0.22900390625,0.30908203125,0.5799169329872801,0.0002489831609058874,0.007469494827176621,0.003790047116914079,0.005548863169461404,0.07959098945519566,0.005548863169461404,580488.3260531862,0.00015670683300719385,0.00013679890666469776,0.0001309400927629743,3.860912417187856e-05,"42,43,44,45,56",0.9658538323807756,42,0.007568359375,3,9,45,0.02001953125,4,10,44,0.00439453125,5,11,56,0.002685546875,5,11,43.0,0.03271484375,7.0,13.0,,,,,,,,
5,20005,Sherbrooke,11,5,14,72,110,19,0.0,5,0.191357421875,0.5,0.956787109375,10.078857421875,5.294921875,3.0,5.04345703125,0.7975863332942941,0.0006762282514688568,0.016905706286721417,0.4264787890438671,1.0,8.103096991833477,1.0,307236.95975001453,0.00022739860132462027,0.00019889469747965714,0.00023085594239923195,5.706640093315378e-05,"82,83,84,92,102",0.293432303046514,92,0.340576171875,6,11,82,0.032470703125,3,8,102,0.060302734375,1,6,83,0.0234375,4,9,84.0,0.5,6.0,11.0,,,,,,,,
5,20005,Sherbrooke,22,5,14,66,100,19,0.7260914721021048,5,0.030859375,0.054443359375,0.154296875,1.338134765625,0.566650390625,0.25634765625,0.40283203125,-0.34219522780579775,0.00033788309840226835,0.008447077460056709,0.00787177000364807,0.00878800548814962,0.14956363006931334,0.00878800548814962,561073.0159070836,0.0003201393584721742,0.0002337908986939142,0.0001431787474020317,2.1509071792367444e-05,"0,1,2,14,18",0.8441162072654533,14,0.042724609375,6,11,2,0.021484375,3,8,18,0.054443359375,1,6,0,0.01123046875,4,9,1.0,0.0244140625,6.0,11.0,,,,,,,,
5,20005,Sherbrooke,33,5,14,68,108,19,0.669147534213453,5,0.03583984375,0.087158203125,0.17919921875,1.72900390625,0.8330078125,0.52294921875,0.62841796875,0.4704057074589347,0.0003205370818283957,0.008013427045709893,0.010643933031370003,0.01994202941922424,0.20223472759603006,0.01994202941922424,1300408.3489865076,0.00030334324936296374,0.00011059051310535338,0.0001200273280366717,1.511968364381515e-05,"4,15,22,23,24",0.8138018396597745,15,0.087158203125,6,11,24,0.031005859375,3,8,4,0.020751953125,1,6,22,0.022705078125,4,9,23.0,0.017578125,6.0,11.0,,,,,,,,
5,20005,Sherbrooke,44,5,14,66,100,19,0.7260914721021048,5,0.030859375,0.054443359375,0.154296875,1.338134765625,0.566650390625,0.25634765625,0.40283203125,-0.34219522780579775,0.00033788309840226835,0.008447077460056709,0.00787177000364807,0.00878800548814962,0.14956363006931334,0.00878800548814962,561073.0159070836,0.0003201393584721742,0.0002337908986939142,0.0001431787474020317,2.1509071792367444e-05,"0,1,2,14,18",0.8497075919085151,14,0.042724609375,6,11,2,0.021484375,3,8,18,0.054443359375,1,6,0,0.01123046875,4,9,1.0,0.0244140625,6.0,11.0,,,,,,,,
5,20005,Sherbrooke,55,5,14,72,110,19,0.7527706727135176,5,0.029931640625,0.0498046875,0.149658203125,1.33154296875,0.583251953125,0.2724609375,0.4716796875,-0.08767797207059227,0.00018527895759830882,0.004631973939957721,0.006461836808757002,0.0075004597922939675,0.12277489936638303,0.0075004597922939675,312500.29887751595,0.0004025674455281645,0.00032407470321102873,0.00019037822664944303,7.737102394967002e-05,"20,33,38,39,40",0.8750298871451679,33,0.0087890625,6,11,40,0.006591796875,3,8,20,0.0390625,1,6,39,0.0498046875,4,9,38.0,0.04541015625,6.0,11.0,,,,,,,,
5,20005,Sherbrooke,66,5,14,66,100,19,0.7260914721021048,5,0.030859375,0.054443359375,0.154296875,1.338134765625,0.566650390625,0.25634765625,0.40283203125,-0.34219522780579775,0.00033788309840226835,0.008447077460056709,0.00787177000364807,0.00878800548814962,0.14956363006931334,0.00878800548814962,561073.0159070836,0.0003201393584721742,0.0002337908986939142,0.0001431787474020317,2.1509071792367444e-05,"0,1,2,14,18",0.8375926594251943,14,0.042724609375,6,11,2,0.021484375,3,8,18,0.054443359375,1,6,0,0.01123046875,4,9,1.0,0.0244140625,6.0,11.0,,,,,,,,
5,20005,Torino,11,5,14,53,87,19,0.5875779483023652,5,0.045361328125,0.137939453125,0.226806640625,2.278076171875,1.14404296875,0.82763671875,0.933837890625,0.5312484038557984,0.0010928334520747616,0.027320836301869045,0.012287306359045992,0.015038445348052099,0.23345882082187386,0.015038445348052099,652718.4966700268,0.0001089048329606336,6.469120881427432e-05,7.198365966066998e-05,4.898498898759491e-05,"102,103,104,105,106",0.8580872628573238,103,0.01611328125,6,11,106,0.035400390625,3,8,102,0.011962890625,1,6,104,0.025390625,4,9,105.0,0.137939453125,6.0,11.0,,,,,,,,
5,20005,Torino,22,5,14,53,87,19,0.0,5,0.102490234375,0.257080078125,0.512451171875,3.873779296875,1.3115234375,0.6669921875,0.924072265625,-0.8246978921954711,0.00041934119174830804,0.010483529793707699,0.057378563735945055,1.0,1.0901927109829561,1.0,575525.2093426323,0.00019100808582829944,0.00014176878738743077,0.00014943826305319923,3.6492069022158956e-05,"0,1,2,15,19",0.2959962396698145,15,0.017578125,6,11,2,0.048095703125,3,8,19,0.257080078125,1,6,0,0.166748046875,4,9,1.0,0.02294921875,6.0,11.0,,,,,,,,
5,20005,Torino,33,5,14,53,87,19,0.6475029914608437,5,0.06640625,0.11962890625,0.33203125,2.774169921875,1.114013671875,0.4404296875,0.79931640625,-0.5359702609671106,0.0002836653808650334,0.007091634521625836,0.0038627270799575244,0.005422834255227826,0.07339181451919297,0.005422834255227826,257195.0733636942,0.00014464866862790642,6.659007056051414e-05,0.00019195515012810426,0.0001440040892058471,"4,16,23,24,25",0.8329690387394636,16,0.021484375,6,11,25,0.11962890625,3,8,4,0.059814453125,1,6,23,0.110107421875,4,9,24.0,0.02099609375,6.0,11.0,,,,,,,,
5,20005,Torino,44,5,14,53,87,19,0.0,5,0.102490234375,0.257080078125,0.512451171875,3.873779296875,1.3115234375,0.6669921875,0.924072265625,-0.8246978921954711,0.00041934119174830804,0.010483529793707699,0.057378563735945055,1.0,1.0901927109829561,1.0,575525.2093426323,0.00019100808582829944,0.00014176878738743077,0.00014943826305319923,3.6492069022158956e-05,"0,1,2,15,19",0.2815660808321495,15,0.017578125,6,11,2,0.048095703125,3,8,19,0.257080078125,1,6,0,0.166748046875,4,9,1.0,0.02294921875,6.0,11.0,,,,,,,,
5,20005,Torino,55,5,14,53,87,19,0.0,5,0.102490234375,0.257080078125,0.512451171875,3.873779296875,1.3115234375,0.6669921875,0.924072265625,-0.8246978921954711,0.00041934119174830804,0.010483529793707699,0.057378563735945055,1.0,1.0901927109829561,1.0,575525.2093426323,0.00019100808582829944,0.00014176878738743077,0.00014943826305319923,3.6492069022158956e-05,"0,1,2,15,19",0.2761773123979293,15,0.017578125,6,11,2,0.048095703125,3,8,19,0.257080078125,1,6,0,0.166748046875,4,9,1.0,0.02294921875,6.0,11.0,,,,,,,,
5,20005,Torino,66,5,14,53,87,19,0.0,5,0.080712890625,0.11474609375,0.403564453125,3.62451171875,1.606689453125,0.6884765625,1.1318359375,-0.019835209762756285,0.0004301052461773582,0.010752631154433954,0.47855212582914375,1.0,9.09249039075373,1.0,876549.3017126425,0.00010635749327645949,4.242049838087228e-05,9.029386985854531e-05,1.880833651631802e-05,"21,22,23,34,40",0.4923917537898651,22,0.0537109375,6,11,40,0.01416015625,3,8,23,0.110107421875,1,6,21,0.11083984375,4,9,34.0,0.11474609375,6.0,11.0,,,,,,,,
5,20005,Fez,11,5,14,53,87,19,0.8786790688937622,5,0.00908203125,0.015869140625,0.04541015625,0.427978515625,0.200927734375,0.09521484375,0.16552734375,0.3921361003871167,0.00031830172068549045,0.007957543017137261,0.0038262711788800085,0.0101566715843735,0.07269915239872016,0.0101566715843735,368357.21940155537,0.00019790463967804035,4.880620782230333e-05,0.0001645261613633366,4.2379597486132065e-05,"0,1,2,3,4",0.9479073607452966,1,0.01171875,6,11,4,0.00146484375,3,8,0,0.011474609375,1,6,2,0.0048828125,4,9,3.0,0.015869140625,6.0,11.0,,,,,,,,
5,20005,Fez,22,5,14,53,87,19,0.8786790688937622,5,0.00908203125,0.015869140625,0.04541015625,0.427978515625,0.200927734375,0.09521484375,0.16552734375,0.3921361003871167,0.00031830172068549045,0.007957543017137261,0.0038262711788800085,0.0101566715843735,0.07269915239872016,0.0101566715843735,368357.21940155537,0.00019790463967804035,4.880620782230333e-05,0.0001645261613633366,4.2379597486132065e-05,"0,1,2,3,4",0.9339846866577578,1,0.01171875,6,11,4,0.00146484375,3,8,0,0.011474609375,1,6,2,0.0048828125,4,9,3.0,0.015869140625,6.0,11.0,,,,,,,,
5,20005,Fez,33,5,14,53,87,19,0.8786790688937622,5,0.00908203125,0.015869140625,0.04541015625,0.427978515625,0.200927734375,0.09521484375,0.16552734375,0.3921361003871167,0.00031830172068549045,0.007957543017137261,0.0038262711788800085,0.0101566715843735,0.07269915239872016,0.0101566715843735,368357.21940155537,0.00019790463967804035,4.880620782230333e-05,0.0001645261613633366,4.2379597486132065e-05,"0,1,2,3,4",0.9421723206119887,1,0.01171875,6,11,4,0.00146484375,3,8,0,0.011474609375,1,6,2,0.0048828125,4,9,3.0,0.015869140625,6.0,11.0,,,,,,,,
5,20005,Fez,44,5,14,53,95,22,0.8419509509343471,5,0.01728515625,0.042236328125,0.08642578125,0.70458984375,0.2724609375,0.126708984375,0.177978515625,-0.5771040906178584,0.00022914165524795145,0.005728541381198786,0.003328193032030991,0.0045245712543414696,0.0732202467046818,0.0045245712543414696,926547.9282740072,0.00012137092442443104,2.71485117609998e-05,6.28950443264703e-05,2.2436854432723044e-05,"65,77,85,86,87",0.9370121780902816,86,0.004150390625,6,11,65,0.042236328125,3,8,87,0.018798828125,1,6,85,0.0126953125,4,9,77.0,0.008544921875,6.0,11.0,,,,,,,,
5,20005,Fez,55,5,14,53,87,19,0.8786790688937622,5,0.00908203125,0.015869140625,0.04541015625,0.427978515625,0.200927734375,0.09521484375,0.16552734375,0.3921361003871167,0.00031830172068549045,0.007957543017137261,0.0038262711788800085,0.0101566715843735,0.07269915239872016,0.0101566715843735,368357.21940155537,0.00019790463967804035,4.880620782230333e-05,0.0001645261613633366,4.2379597486132065e-05,"0,1,2,3,4",0.9376171593260542,1,0.01171875,6,11,4,0.00146484375,3,8,0,0.011474609375,1,6,2,0.0048828125,4,9,3.0,0.015869140625,6.0,11.0,,,,,,,,
5,20005,Fez,66,5,14,53,87,19,0.8769986350116017,5,0.012548828125,0.02001953125,0.062744140625,0.537353515625,0.2236328125,0.080078125,0.13427734375,-0.5964065220391829,0.00025371288981622094,0.006342822245405522,0.0030510983192747858,0.00492645681832371,0.057970868066220926,0.00492645681832371,1245370.1453892102,0.00017175715932520066,0.00013444650475566183,0.00011757865597021516,1.1018438267643966e-05,"25,37,45,46,47",0.9414905022822924,46,0.0068359375,6,11,25,0.0107421875,3,8,47,0.01611328125,1,6,45,0.02001953125,4,9,37.0,0.009033203125,6.0,11.0,,,,,,,,
6,20006,Sherbrooke,11,5,11,55,95,17,0.6669825098940277,5,0.037548828125,0.09716796875,0.187744140625,1.278564453125,0.527587890625,0.1943359375,0.34814453125,-0.47423754773267607,0.0017010316268769022,0.034020632537538044,0.005249432689476941,0.005928022860568705,0.089240355721108,0.005928022860568705,134351.39015393698,0.00030798785227729644,0.00024549441270415966,0.00032292865989546444,0.00012821631827769552,"60,61,62,63,72",0.8955001297907464,63,0.036865234375,3,7,61,0.03076171875,5,9,62,0.012451171875,3,7,72,0.09716796875,2,6,60.0,0.010498046875,3.0,7.0,,,,,,,,
6,20006,Sherbrooke,22,5,11,59,87,17,0.6095990282121216,5,0.06767578125,0.203125,0.33837890625,2.73291015625,1.37939453125,1.015625,1.126220703125,0.8905015829641426,0.00027749697985619555,0.0055499395971239105,0.007086133566699675,0.008712740088968107,0.12046427063389448,0.008712740088968107,306929.31099276803,0.0002526482280636886,7.321640665178645e-05,0.00016632231031174456,6.175184273025624e-05,"45,54,63,64,65",0.7598675428183707,45,0.032470703125,3,7,64,0.203125,5,9,63,0.036865234375,3,7,54,0.0419921875,2,6,65.0,0.02392578125,3.0,7.0,,,,,,,,
6,20006,Sherbrooke,33,5,11,53,115,20,0.6280171637316103,5,0.03583984375,0.087158203125,0.17919921875,1.212646484375,0.495849609375,0.17431640625,0.287841796875,-0.6081842322139814,0.0003205370818283957,0.006410741636567914,0.013092793652396337,0.01994202941922424,0.26185587304792673,0.01994202941922424,975665.1715520555,0.00030334324936296374,0.00011059051310535338,0.0001200273280366717,1.511968364381515e-05,"4,15,22,23,24",0.8548010559212035,4,0.020751953125,3,7,22,0.022705078125,5,9,24,0.031005859375,3,7,15,0.087158203125,2,6,23.0,0.017578125,3.0,7.0,,,,,,,,
6,20006,Sherbrooke,44,5,11,55,95,17,0.8086047162247446,5,0.02109375,0.03076171875,0.10546875,0.7744140625,0.3525390625,0.15380859375,0.23291015625,0.37977141168815626,0.0016635389464569124,0.033270778929138246,0.004552258753186152,0.005928022860568705,0.0773883988041646,0.005928022860568705,99868.88011559828,0.00032619358468798565,0.00027570164892536906,0.00036688318004836964,0.0003020747589025255,"53,59,60,61,62",0.917599769974187,53,0.0263671875,3,7,61,0.03076171875,5,9,60,0.010498046875,3,7,59,0.025390625,2,6,62.0,0.012451171875,3.0,7.0,,,,,,,,
6,20006,Sherbrooke,55,5,11,56,106,20,0.6863512005723175,5,0.031298828125,0.09716796875,0.156494140625,1.259033203125,0.633056640625,0.48583984375,0.54736328125,0.793683287053364,0.0016925205205631996,0.03385041041126399,0.005684486597335325,0.008316168208496233,0.11368973194670651,0.008316168208496233,123537.88987340187,0.0003095752028708206,0.00024549441270415966,0.00032905548561067523,0.00015885044685374998,"60,61,62,72,81",0.8529140617223917,60,0.010498046875,3,7,72,0.09716796875,5,9,62,0.012451171875,3,7,61,0.03076171875,2,6,81.0,0.005615234375,3.0,7.0,,,,,,,,
6,20006,Sherbrooke,66,5,11,53,115,20,0.0,5,0.125390625,0.5,0.626953125,4.044921875,1.537109375,1.0,1.390625,-0.507028265734966,0.0003122495973895671,0.006244991947791341,0.3556438479591905,1.0,7.112876959183811,1.0,259525.65678993586,0.0002606959381666409,0.00014966741484017624,0.00021511595507061487,5.706640093315378e-05,"83,84,85,86,87",0.3025547531612093,83,0.0234375,3,7,85,0.078125,5,9,87,0.012451171875,3,7,84,0.5,2,6,86.0,0.012939453125,3.0,7.0,,,,,,,,
6,20006,Torino,11,5,11,47,78,17,0.6967044217258829,5,0.04013671875,0.137939453125,0.20068359375,1.41162109375,0.60888671875,0.413818359375,0.494384765625,-0.13814438277898364,0.0008727757759211299,0.017455515518422598,0.0072019181818508285,0.013826342265450986,0.12243260909146408,0.013826342265450986,440261.59464063565,0.00014588629388806023,6.469120881427432e-05,0.00010349207095598058,4.898498898759491e-05,"93,102,103,104,105",0.9167426695776968,105,0.137939453125,3,7,103,0.01611328125,5,9,102,0.011962890625,3,7,104,0.025390625,2,6,93.0,0.00927734375,3.0,7.0,,,,,,,,
6,20006,Torino,22,5,11,46,74,17,0.7849938719496385,5,0.031591796875,0.086669921875,0.157958984375,1.12109375,0.4892578125,0.260009765625,0.368408203125,-0.11296030410071119,0.0003361259875832245,0.00672251975166449,0.003956114407164104,0.011802880976502228,0.06725394492178977,0.011802880976502228,203215.78968852846,0.00019353973076471648,0.00010450129441664454,0.00019194861389830556,0.00013505946449051252,"55,64,65,66,67",0.9245099097394772,64,0.086669921875,3,7,65,0.014892578125,5,9,67,0.0361328125,3,7,55,0.014404296875,2,6,66.0,0.005859375,3.0,7.0,,,,,,,,
6,20006,Torino,33,5,11,45,78,20,0.6635526751083571,5,0.0626953125,0.11962890625,0.3134765625,2.126220703125,0.872314453125,0.35888671875,0.5791015625,-0.6162856758447574,0.0002816760924013326,0.005633521848026652,0.0034152010394116585,0.005422834255227826,0.06830402078823317,0.005422834255227826,195893.19717163502,0.00015488137179989203,6.659007056051414e-05,0.00019682958585025525,0.0001440040892058471,"16,23,24,25,26",0.8854620394547368,16,0.021484375,3,7,24,0.02099609375,5,9,26,0.041259765625,3,7,23,0.110107421875,2,6,25.0,0.11962890625,3.0,7.0,,,,,,,,
6,20006,Torino,44,5,11,47,78,17,0.7666697266086889,5,0.03818359375,0.141357421875,0.19091796875,1.373779296875,0.610107421875,0.424072265625,0.538818359375,-0.0032642377930818603,0.00019788788619735034,0.003957757723947007,0.003279388969794187,0.004614540559466085,0.05574961248650118,0.004614540559466085,230806.01232716718,0.0001988860676790354,8.372342795432513e-05,0.00018453930887059002,7.933698395417266e-05,"42,54,60,61,62",0.9301986546310956,42,0.141357421875,3,7,61,0.02294921875,5,9,60,0.006103515625,3,7,54,0.008544921875,2,6,62.0,0.011962890625,3.0,7.0,,,,,,,,
6,20006,Torino,55,5,11,44,81,20,0.8070466959274718,5,0.024365234375,0.053955078125,0.121826171875,0.920166015625,0.432861328125,0.269775390625,0.350830078125,0.4555825164958459,0.000311210701269274,0.006224214025385481,0.0037967849429589168,0.004846625269212701,0.07593569885917834,0.004846625269212701,254848.29703542913,0.00019813742894508432,0.0001566544988539497,0.00014934733535457883,0.00011301724235324616,"62,63,73,81,82",0.924021634656805,62,0.011962890625,3,7,82,0.053955078125,5,9,73,0.010009765625,3,7,63,0.04052734375,2,6,81.0,0.00537109375,3.0,7.0,,,,,,,,
6,20006,Torino,66,5,11,46,74,17,0.8004465391952539,5,0.027783203125,0.0400390625,0.138916015625,1.026611328125,0.470947265625,0.18310546875,0.30322265625,0.4254785893162545,0.0003947134815054049,0.007894269630108098,0.003917740976927281,0.005106236503410466,0.06660159660776377,0.005106236503410466,444908.4205466779,0.00019802873277078946,9.674916548056673e-05,0.00011394912140695077,4.184546932608388e-05,"56,67,68,69,70",0.9061870540706816,70,0.0400390625,3,7,69,0.03662109375,5,9,67,0.0361328125,3,7,56,0.01904296875,2,6,68.0,0.007080078125,3.0,7.0,,,,,,,,
6,20006,Fez,11,5,11,42,73,17,0.7088260222591758,5,0.017626953125,0.0576171875,0.088134765625,0.6259765625,0.2734375,0.1728515625,0.210693359375,-0.0876203747179238,0.00024287968428510052,0.00485759368570201,0.014205223103861108,0.039803117388588716,0.24148879276563884,0.039803117388588716,484653.3449387398,0.00015476234773664074,0.0001125881017523706,9.751960642199636e-05,3.784505791420361e-05,"51,58,70,71,72",0.9223981724421906,72,0.007568359375,3,7,58,0.007568359375,5,9,71,0.00927734375,3,7,70,0.006103515625,2,6,51.0,0.0576171875,3.0,7.0,,,,,,,,
6,20006,Fez,22,5,11,47,78,17,0.7556258932403572,5,0.03291015625,0.10595703125,0.16455078125,1.341064453125,0.682861328125,0.52978515625,0.602294921875,0.8537919995653741,0.00031005601756394017,0.006201120351278803,0.005689805589139396,0.0071476255650051446,0.09672669501536973,0.0071476255650051446,1060120.1232461063,0.0001210919407983471,8.399410512638346e-05,4.370636378461017e-05,1.9669723740896218e-05,"111,112,113,114,119",0.8662378888606793,111,0.0048828125,3,7,113,0.10595703125,5,9,119,0.024169921875,3,7,112,0.022705078125,2,6,114.0,0.0068359375,3.0,7.0,,,,,,,,
6,20006,Fez,33,5,11,42,73,17,0.8844169908025857,5,0.008056640625,0.0107421875,0.040283203125,0.288818359375,0.127685546875,0.03662109375,0.06884765625,-0.13940616773295952,0.00022234789572626507,0.0044469579145253015,0.004349364030760479,0.010273846416775756,0.07393918852292813,0.010273846416775756,305597.877726647,0.00013166274968564625,6.956261627908302e-05,0.0001262227295499969,9.36748750544994e-05,"24,25,26,27,37",0.9539926681618928,37,0.009033203125,3,7,26,0.00732421875,5,9,25,0.0107421875,3,7,24,0.0078125,2,6,27.0,0.00537109375,3.0,7.0,,,,,,,,
6,20006,Fez,44,5,11,42,73,17,0.8051592693190246,5,0.008349609375,0.012939453125,0.041748046875,0.301025390625,0.134033203125,0.0390625,0.077880859375,0.02478520760856142,0.0003617082087836325,0.00723416417567265,0.009238746252861151,0.03325821922205768,0.15705868629863956,0.03325821922205768,1156851.98446785,0.00015412741481808315,9.65851238507667e-05,7.648428064560987e-05,1.0407388450935476e-05,"56,61,62,63,64",0.930128869357112,56,0.002685546875,3,7,62,0.0078125,5,9,63,0.011474609375,3,7,64,0.0068359375,2,6,61.0,0.012939453125,3.0,7.0,,,,,,,,
6,20006,Fez,55,5,11,44,81,20,0.8775420545929665,5,0.0078125,0.019287109375,0.0390625,0.263916015625,0.107666015625,0.03857421875,0.06298828125,-0.5993065798512367,0.00019631955322909337,0.003926391064581867,0.004158791585378302,0.006132283609759981,0.08317583170756604,0.006132283609759981,961977.040779114,0.0001236099846438232,9.448648053452447e-05,6.547141849746665e-05,1.660307930913441e-05,"90,91,98,110,111",0.9595565926806296,90,0.002685546875,3,7,111,0.0048828125,5,9,98,0.005126953125,3,7,91,0.019287109375,2,6,110.0,0.007080078125,3.0,7.0,,,,,,,,
6,20006,Fez,66,5,11,42,73,17,0.8744651183799365,5,0.01318359375,0.022705078125,0.06591796875,0.46240234375,0.19873046875,0.068115234375,0.1259765625,-0.30728209625874714,0.00021985163716667808,0.004397032743333562,0.003506552710713334,0.004388564137647377,0.05961139608212668,0.004388564137647377,804598.6236523321,0.00012270299860691242,8.554491547909988e-05,7.033651307718924e-05,1.660307930913441e-05,"78,88,89,90,91",0.94280449693421,78,0.022705078125,3,7,90,0.002685546875,5,9,89,0.016845703125,3,7,88,0.00439453125,2,6,91.0,0.019287109375,3.0,7.0,,,,,,,,
7,20007,Sherbrooke,11,6,23,155,245,48,0.0,6,0.10563151041666667,0.5,0.6337890625,8.029541015625,3.593017578125,2.5,3.203125,-0.3532370119215794,0.0002909687379634816,0.01222068699446623,0.4212898471578678,1.0,20.221912663577662,1.0,614837.6405923152,0.0002702150171140364,0.00014966741484017624,0.00020759875296291535,5.706640093315378e-05,"73,83,84,85,86,87",0.5953001927465902,86,0.012939453125,8,15,87,0.012451171875,3,10,85,0.078125,9,16,84,0.5,5,12,73.0,0.0068359375,9.0,16.0,83.0,0.0234375,8.0,15.0,,,,
7,20007,Sherbrooke,22,6,23,156,243,48,0.29428266634994266,6,0.057861328125,0.203125,0.34716796875,4.20654296875,1.7763671875,0.625,1.234375,-0.7069177479020651,0.00023022420363399986,0.009669416552627992,0.016860712657717578,0.030667210494451147,0.8093142075704436,0.030667210494451147,418262.29495307605,0.00026924131929267865,7.321640665178645e-05,0.00023190257748180768,8.596090779737319e-05,"64,65,66,67,73,85",0.7842659891184688,65,0.02392578125,8,15,64,0.203125,3,10,66,0.017333984375,9,16,73,0.0068359375,5,12,67.0,0.017822265625,9.0,16.0,85.0,0.078125,8.0,15.0,,,,
7,20007,Sherbrooke,33,6,23,179,282,57,0.3183270891531965,6,0.055379231770833336,0.203125,0.332275390625,3.925048828125,1.59912109375,0.609375,0.9873046875,-0.8078786663060122,0.00024031541269598216,0.01009324733323125,0.013087635114982715,0.023940844660705507,0.7459952015540154,0.023940844660705507,606738.8432599485,0.00027458260274517,7.321640665178645e-05,0.0002289811864921379,6.175184273025624e-05,"44,45,46,47,54,64",0.7881293593149945,46,0.032470703125,8,15,64,0.203125,3,10,54,0.0419921875,9,16,45,0.032470703125,5,12,47.0,0.011962890625,9.0,16.0,44.0,0.01025390625,8.0,15.0,,,,
7,20007,Sherbrooke,44,6,23,164,273,57,0.32648812449769565,6,0.07039388020833333,0.203125,0.42236328125,6.315185546875,3.358642578125,1.828125,2.70263671875,0.46252003239453365,0.0014685749103748374,0.06168014623574316,0.00599344522989479,0.007470643071650518,0.34162637810400304,0.007470643071650518,575834.8554559881,0.0002292975400163109,7.321640665178645e-05,0.00021856596310900652,6.175184273025624e-05,"54,61,62,63,64,72",0.7534055743958511,62,0.012451171875,8,15,54,0.0419921875,3,10,64,0.203125,9,16,63,0.036865234375,5,12,72.0,0.09716796875,9.0,16.0,61.0,0.03076171875,8.0,15.0,,,,
7,20007,Sherbrooke,55,6,23,176,275,54,0.6093756479711571,6,0.0264892578125,0.0498046875,0.158935546875,2.406494140625,1.2939453125,0.4482421875,0.85693359375,0.7287729335641335,0.00017580558822744596,0.00738383470555273,0.005785966800913839,0.007986948615168243,0.3124422072493473,0.007986948615168243,587856.0268311173,0.0003769817188294823,0.00024905308533607187,0.00022088691742854578,7.737102394967002e-05,"20,33,38,39,40,41",0.8799701650789505,40,0.006591796875,8,15,41,0.00927734375,3,10,39,0.0498046875,9,16,33,0.0087890625,5,12,38.0,0.04541015625,9.0,16.0,20.0,0.0390625,8.0,15.0,,,,
7,20007,Sherbrooke,66,6,23,179,298,60,0.5811393632098989,6,0.0211181640625,0.055908203125,0.126708984375,1.801513671875,0.91455078125,0.447265625,0.587890625,0.12950704614352435,0.0002139943863558324,0.008987764226944958,0.00648419075311088,0.00843910434012407,0.3890514451866528,0.00843910434012407,1439986.4986559974,0.0002993612994077932,0.00022879595524938841,0.00012125812936941852,2.4196989159075558e-05,"71,75,76,77,78,79",0.8796431894631583,78,0.01708984375,8,15,71,0.017822265625,3,10,77,0.0087890625,9,16,76,0.011474609375,5,12,79.0,0.015625,9.0,16.0,75.0,0.055908203125,8.0,15.0,,,,
7,20007,Torino,11,6,23,134,202,57,0.677386006282036,6,0.0216064453125,0.04736328125,0.129638671875,1.889404296875,0.98193359375,0.37890625,0.650390625,0.3919010528095211,0.00021707174543581005,0.009117013308304023,0.004000140908812953,0.00418663282219689,0.2280080318023383,0.00418663282219689,926090.5202153544,0.0002012458479939657,0.00014912654716722746,0.00011976743042986305,4.898498898759491e-05,"93,100,101,102,103,111",0.9416503353488866,101,0.04736328125,8,15,93,0.00927734375,3,10,103,0.01611328125,9,16,102,0.011962890625,5,12,111.0,0.010986328125,9.0,16.0,100.0,0.033935546875,8.0,15.0,,,,
7,20007,Torino,22,6,23,124,178,48,0.5865380444589555,6,0.034830729166666664,0.086669921875,0.208984375,2.963623046875,1.500732421875,0.780029296875,1.069091796875,0.10180725539653952,0.0003578233517468786,0.0150285807733689,0.005944702827934287,0.011973449649978707,0.28534573574084576,0.011973449649978707,632060.9799982082,0.000197162142378032,0.00010450129441664454,0.00016817735571696623,4.932106481026948e-05,"46,55,64,65,66,67",0.8630755574190274,55,0.014404296875,8,15,46,0.051025390625,3,10,65,0.014892578125,9,16,66,0.005859375,5,12,64.0,0.086669921875,9.0,16.0,67.0,0.0361328125,8.0,15.0,,,,
7,20007,Torino,33,6,23,132,202,57,0.4552190749309054,6,0.039225260416666664,0.141357421875,0.2353515625,3.47998046875,1.83251953125,1.272216796875,1.465576171875,0.29632715615094957,0.0021739770983994823,0.09130703813277827,0.007390090640420896,0.07151359904753574,0.42123516650399107,0.07151359904753574,902034.7948085638,0.00011655066537414509,4.134690349780361e-05,0.00012221702543000683,4.993444267362083e-05,"35,41,42,43,44,45",0.8044068153747073,44,0.016845703125,8,15,41,0.034912109375,3,10,42,0.141357421875,9,16,43,0.0087890625,5,12,45.0,0.00927734375,9.0,16.0,35.0,0.024169921875,8.0,15.0,,,,
7,20007,Torino,44,6,23,129,194,54,0.6309034568492787,6,0.042236328125,0.11962890625,0.25341796875,3.35205078125,1.578125,0.59814453125,0.969482421875,-0.41141190590720883,0.0002794280407221029,0.01173597771032832,0.0030557492158478855,0.004405473466501664,0.1650104576557858,0.004405473466501664,448123.49447657634,0.00018479766645545422,8.660238425506996e-05,0.00020573988123432916,0.00010796699543300328,"24,25,26,27,35,44",0.863781589917803,35,0.024169921875,8,15,27,0.030517578125,3,10,26,0.041259765625,9,16,25,0.11962890625,5,12,24.0,0.02099609375,9.0,16.0,44.0,0.016845703125,8.0,15.0,,,,
7,20007,Torino,55,6,23,121,175,48,0.5972448079934104,6,0.035563151041666664,0.086669921875,0.21337890625,2.921142578125,1.427490234375,0.693359375,1.017578125,-0.1774687046619569,0.0003930943027381109,0.01650996071500066,0.005488075187216425,0.011973449649978707,0.2634276089863884,0.011973449649978707,605874.7682071277,0.00020147098049535392,0.00010450129441664454,0.00017274862893239598,4.932106481026948e-05,"46,55,63,64,65,66",0.9052282798600412,64,0.086669921875,8,15,46,0.051025390625,3,10,55,0.014404296875,9,16,65,0.014892578125,5,12,66.0,0.005859375,9.0,16.0,63.0,0.04052734375,8.0,15.0,,,,
7,20007,Torino,66,6,23,126,181,51,0.5996409469686843,6,0.040486653645833336,0.10400390625,0.242919921875,3.37939453125,1.678955078125,0.83203125,1.15234375,-0.052210074940420965,0.00037899154478239646,0.015917644880860653,0.004406926959665581,0.005106236503410466,0.22475327494294461,0.005106236503410466,923738.7012735761,0.00020324484033977346,9.674916548056673e-05,0.00013272811408214174,4.184546932608388e-05,"50,56,67,68,69,70",0.913646165863762,70,0.0400390625,8,15,67,0.0361328125,3,10,68,0.007080078125,9,16,69,0.03662109375,5,12,56.0,0.01904296875,9.0,16.0,50.0,0.10400390625,8.0,15.0,,,,
7,20007,Fez,11,6,23,132,202,57,0.7280384020224846,6,0.009724934895833334,0.015869140625,0.058349609375,0.827880859375,0.41943359375,0.126953125,0.243408203125,0.1655519783492756,0.00037626393569010927,0.01580308529898459,0.003957680739669944,0.0101566715843735,0.2255878021611868,0.0101566715843735,710668.6215528683,0.00019090189880237283,4.880620782230333e-05,0.00015620418516514514,4.2379597486132065e-05,"0,1,2,3,4,16",0.921852658731018,3,0.015869140625,8,15,0,0.011474609375,3,10,1,0.01171875,9,16,2,0.0048828125,5,12,16.0,0.012939453125,9.0,16.0,4.0,0.00146484375,8.0,15.0,,,,
7,20007,Fez,22,6,23,138,203,57,0.5986222675400756,6,0.037556966145833336,0.10595703125,0.225341796875,2.885498046875,1.30810546875,0.54052734375,0.8583984375,-0.5703107445585761,0.0002550183264366311,0.010710769710338509,0.004354178062401153,0.005085078353570027,0.24818814955686574,0.005085078353570027,1880395.376519272,0.00014916373330735308,8.399410512638346e-05,6.78288899058562e-05,2.267885534486286e-05,"113,119,132,133,134,135",0.889598702788583,134,0.00537109375,8,15,113,0.10595703125,3,10,119,0.024169921875,9,16,133,0.016357421875,5,12,135.0,0.06005859375,9.0,16.0,132.0,0.013427734375,8.0,15.0,,,,
7,20007,Fez,33,6,23,132,202,57,0.7280384020224846,6,0.009724934895833334,0.015869140625,0.058349609375,0.827880859375,0.41943359375,0.126953125,0.243408203125,0.1655519783492756,0.00037626393569010927,0.01580308529898459,0.003957680739669944,0.0101566715843735,0.2255878021611868,0.0101566715843735,710668.6215528683,0.00019090189880237283,4.880620782230333e-05,0.00015620418516514514,4.2379597486132065e-05,"0,1,2,3,4,16",0.93398713354035,3,0.015869140625,8,15,0,0.011474609375,3,10,1,0.01171875,9,16,2,0.0048828125,5,12,16.0,0.012939453125,9.0,16.0,4.0,0.00146484375,8.0,15.0,,,,
7,20007,Fez,44,6,23,129,194,54,0.0,6,0.0147705078125,0.022705078125,0.088623046875,1.210693359375,0.59033203125,0.204345703125,0.31787109375,-0.34686441595898954,0.00023428449402556947,0.009839948749073919,0.18973881507373694,1.0,10.245896013981799,1.0,1116661.220201032,0.0001401869078321536,8.554491547909988e-05,8.496199092134449e-05,4.6580465044079096e-05,"68,69,70,71,78,89",0.6640124558723345,70,0.006103515625,8,15,89,0.016845703125,3,10,78,0.022705078125,9,16,69,0.022705078125,5,12,68.0,0.010986328125,9.0,16.0,71.0,0.00927734375,8.0,15.0,,,,
7,20007,Fez,55,6,23,132,197,54,0.7659116654695278,6,0.011189778645833334,0.02001953125,0.067138671875,0.923828125,0.453857421875,0.18017578125,0.26611328125,-0.22419300847299858,0.00027681323391496503,0.011626155824428532,0.003178446759952991,0.00492645681832371,0.1716361250374615,0.00492645681832371,1859089.611133622,0.00016593078388178352,0.00013444650475566183,0.00012443669159974694,1.1018438267643966e-05,"25,37,44,45,46,47",0.9420519369949352,46,0.0068359375,8,15,47,0.01611328125,3,10,45,0.02001953125,9,16,37,0.009033203125,5,12,44.0,0.00439453125,9.0,16.0,25.0,0.0107421875,8.0,15.0,,,,
7,20007,Fez,66,6,23,124,178,48,0.7413275316484732,6,0.011271158854166666,0.022705078125,0.067626953125,0.92431640625,0.450927734375,0.204345703125,0.272705078125,-0.23733342655189982,0.00025704196459996534,0.010795762513198543,0.004357743342655852,0.006132283609759981,0.2091716804474809,0.006132283609759981,2658202.042539531,0.00013141682705918308,9.576535699775392e-05,5.5608796792312814e-05,1.660307930913441e-05,"91,98,109,110,111,112",0.9417416602218248,98,0.005126953125,8,15,91,0.019287109375,3,10,111,0.0048828125,9,16,110,0.007080078125,5,12,112.0,0.022705078125,9.0,16.0,109.0,0.008544921875,8.0,15.0,,,,
8,20008,Sherbrooke,11,5,24,81,129,24,0.818388525371383,5,0.009130859375,0.012451171875,0.045654296875,0.661865234375,0.296630859375,0.1318359375,0.20654296875,0.09454393649679607,0.00025897597849281276,0.01035903913971251,0.005906169440117767,0.007018833327466167,0.1417480665628264,0.007018833327466167,1135366.2543594404,0.0003188752863409514,0.00027398859345376125,0.00019719221151201882,2.7133052989838604e-05,"93,103,104,105,106",0.9635500219092128,106,0.012451171875,6,14,105,0.010986328125,12,20,103,0.0087890625,4,12,93,0.009765625,3,11,104.0,0.003662109375,7.0,15.0,,,,,,,,
8,20008,Sherbrooke,22,5,24,88,142,24,0.4834840442421639,5,0.054052734375,0.21728515625,0.270263671875,3.4345703125,1.2724609375,0.869140625,1.07421875,-0.3567984026533854,0.001223099261717117,0.04892397046868468,0.015833160602409826,0.1168008787547794,0.3799958544578358,0.1168008787547794,5630933.412709485,0.0003219489072248399,0.00022879595524938841,8.658656914207082e-05,2.636993370529277e-06,"57,58,71,77,78",0.94379164523523,71,0.017822265625,6,14,78,0.01708984375,12,20,57,0.21728515625,4,12,77,0.0087890625,3,11,58.0,0.00927734375,7.0,15.0,,,,,,,,
8,20008,Sherbrooke,33,5,24,77,127,21,0.7099685568503707,5,0.03427734375,0.087158203125,0.17138671875,2.245361328125,0.874267578125,0.2724609375,0.533935546875,-0.5352997663706007,0.00031063465221056757,0.012425386088422703,0.007148886790577983,0.01264413227616501,0.15012662260213766,0.01264413227616501,1546516.8698273066,0.00031350947989307353,0.00011059051310535338,0.00012216658246173216,1.7823362341870028e-05,"4,15,21,22,23",0.9385239400560712,4,0.020751953125,6,14,22,0.022705078125,12,20,21,0.023193359375,4,12,15,0.087158203125,3,11,23.0,0.017578125,7.0,15.0,,,,,,,,
8,20008,Sherbrooke,44,5,24,76,118,21,0.7134235611235827,5,0.036669921875,0.060302734375,0.183349609375,2.721923828125,1.255126953125,0.6796875,0.9189453125,0.2725524168826291,0.0002993774295042373,0.011975097180169491,0.006587365286556427,0.011890757711695621,0.13833467101768498,0.011890757711695621,356435.078529234,0.0002933584556524587,0.00021627588978017566,0.0002162183231848103,0.00016891013176893155,"48,49,50,55,68",0.9497812887423868,68,0.01318359375,6,14,49,0.056640625,12,20,48,0.01904296875,4,12,55,0.060302734375,3,11,50.0,0.0341796875,7.0,15.0,,,,,,,,
8,20008,Sherbrooke,55,5,24,77,117,21,0.8008907691753384,5,0.01689453125,0.03173828125,0.08447265625,1.102294921875,0.426513671875,0.126953125,0.23828125,-0.716768523129696,0.00025603154718048456,0.010241261887219383,0.0060454570445039645,0.01080346065267418,0.12695459793458325,0.01080346065267418,215306.88595704653,0.000323514840433309,0.00024905308533607187,0.0003508088746093421,0.00021816100948427524,"40,41,42,53,60",0.9716193376438385,60,0.010498046875,6,14,41,0.00927734375,12,20,42,0.03173828125,4,12,53,0.0263671875,3,11,40.0,0.006591796875,7.0,15.0,,,,,,,,
8,20008,Sherbrooke,66,5,24,85,136,24,0.7016342492294309,5,0.033056640625,0.060302734375,0.165283203125,2.2880859375,0.9658203125,0.422119140625,0.648681640625,-0.2813588068195417,0.0002584413014615174,0.010337652058460697,0.0070292167785239055,0.008708478962980826,0.16870120268457373,0.008708478962980826,318494.40975693753,0.0002583428824309745,0.00021627588978017566,0.0002512639338875831,0.00016891013176893155,"49,55,66,67,68",0.9641640290491305,67,0.017822265625,6,14,68,0.01318359375,12,20,49,0.056640625,4,12,66,0.017333984375,3,11,55.0,0.060302734375,7.0,15.0,,,,,,,,
8,20008,Torino,11,5,24,72,111,24,0.7849726229181961,5,0.022021484375,0.04736328125,0.110107421875,1.45166015625,0.57080078125,0.189453125,0.3330078125,-0.6186205857292384,0.0005101089706131789,0.020404358824527156,0.004669151119023035,0.009979975599583468,0.11205962685655285,0.009979975599583468,850614.620256135,0.00017735951972750087,0.00010435852654009284,0.00011368310123806703,4.898498898759491e-05,"93,101,102,103,104",0.9666877895399832,103,0.01611328125,6,14,102,0.011962890625,12,20,101,0.04736328125,4,12,104,0.025390625,3,11,93.0,0.00927734375,7.0,15.0,,,,,,,,
8,20008,Torino,22,5,24,69,108,21,0.7370198332671407,5,0.040625,0.086669921875,0.203125,3.11962890625,1.49462890625,0.606689453125,1.093017578125,0.4356536115833767,0.0002951461640261493,0.011805846561045972,0.0036438370303442367,0.004846625269212701,0.07652057763722897,0.004846625269212701,527733.7203830722,0.000191870600832971,0.0001566544988539497,0.0001358476070622445,0.00011301724235324616,"62,63,64,73,82",0.9438634628050708,82,0.053955078125,6,14,63,0.04052734375,12,20,62,0.011962890625,4,12,73,0.010009765625,3,11,64.0,0.086669921875,7.0,15.0,,,,,,,,
8,20008,Torino,33,5,24,69,108,21,0.6796611424921687,5,0.05322265625,0.110107421875,0.26611328125,4.2353515625,2.1064453125,1.3212890625,1.68017578125,0.7879341697208885,0.0003115366491483691,0.012461465965934764,0.004510906590373044,0.006316093954111535,0.09472903839783392,0.006316093954111535,573931.8655340021,0.00010642498175845774,4.242049838087228e-05,0.00014363848094238297,5.826292550333278e-05,"4,16,22,23,24",0.9421147092682683,4,0.059814453125,6,14,23,0.110107421875,12,20,22,0.0537109375,4,12,16,0.021484375,3,11,24.0,0.02099609375,7.0,15.0,,,,,,,,
8,20008,Torino,44,5,24,79,106,24,0.706872482687563,5,0.041015625,0.081787109375,0.205078125,2.928466796875,1.287841796875,0.6474609375,0.974609375,-0.06133604043154871,0.0005414102709043606,0.021656410836174422,0.004683594376961764,0.008104273959057384,0.11240626504708234,0.008104273959057384,681272.3700857849,0.00019314193005000207,0.0001566544988539497,0.00012230529364690802,6.047390494485817e-05,"63,73,82,83,84",0.9541507678609767,73,0.010009765625,6,14,82,0.053955078125,12,20,84,0.081787109375,4,12,63,0.04052734375,3,11,83.0,0.018798828125,7.0,15.0,,,,,,,,
8,20008,Torino,55,5,24,69,108,21,0.7089394006818708,5,0.02060546875,0.051025390625,0.10302734375,1.7001953125,0.8759765625,0.6123046875,0.706298828125,0.9003641945719395,0.0004392513213400947,0.017570052853603788,0.010184289513326653,0.011973449649978707,0.21387007977985972,0.011973449649978707,920246.9102236098,0.0001627747629302871,5.541491119435325e-05,0.00011559362880334686,4.932106481026948e-05,"45,46,47,55,65",0.9518738907843812,65,0.014892578125,6,14,46,0.051025390625,12,20,45,0.00927734375,4,12,55,0.014404296875,3,11,47.0,0.013427734375,7.0,15.0,,,,,,,,
8,20008,Torino,66,5,24,69,108,21,0.7815357262228876,5,0.027783203125,0.0400390625,0.138916015625,2.145263671875,1.033935546875,0.439453125,0.7197265625,0.7288464774755753,0.0003947134815054049,0.015788539260216197,0.00405527052543926,0.005106236503410466,0.08516068103422447,0.005106236503410466,896867.3815692621,0.00019802873277078946,9.674916548056673e-05,0.00011394912140695074,4.184546932608388e-05,"56,67,68,69,70",0.9605690527850428,67,0.0361328125,6,14,69,0.03662109375,12,20,56,0.01904296875,4,12,68,0.007080078125,3,11,70.0,0.0400390625,7.0,15.0,,,,,,,,
8,20008,Fez,11,5,24,73,107,24,0.0,5,0.006884765625,0.008544921875,0.034423828125,0.482177734375,0.206787109375,0.0556640625,0.10693359375,-0.6802714854122915,0.0002590463714373497,0.01036185485749399,0.16953415923966783,1.0,4.068819821752023,1.0,1166065.641550371,0.00014143639015900424,0.00010851232981634074,9.995468962989572e-05,2.3114926485690192e-05,"106,107,108,109,110",0.7107461802668114,109,0.008544921875,6,14,108,0.004638671875,12,20,106,0.0068359375,4,12,110,0.007080078125,3,11,107.0,0.00732421875,7.0,15.0,,,,,,,,
8,20008,Fez,22,5,24,69,108,21,0.8426069814747918,5,0.014697265625,0.042236328125,0.073486328125,1.24609375,0.658203125,0.5068359375,0.5830078125,0.8492663782356986,0.0002169080333407686,0.008676321333630744,0.00398548013036831,0.0045245712543414696,0.08369508273773452,0.0045245712543414696,2108917.1353243175,0.0001380090424354541,9.862370959798505e-05,5.2821915817045464e-05,1.6452646331419718e-05,"64,65,66,77,85",0.9731421296404672,85,0.0126953125,6,14,65,0.042236328125,12,20,64,0.0068359375,4,12,77,0.008544921875,3,11,66.0,0.003173828125,7.0,15.0,,,,,,,,
8,20008,Fez,33,5,24,73,107,24,0.8629313249809814,5,0.00673828125,0.0107421875,0.03369140625,0.52294921875,0.25341796875,0.12890625,0.18359375,0.8756552589100581,0.00021244806780309843,0.008497922712123938,0.004279122609938337,0.010273846416775756,0.10269894263852009,0.010273846416775756,650480.0335657152,0.00012224239375708385,6.956261627908302e-05,0.0001132133190371072,9.36748750544994e-05,"23,24,25,26,27",0.9753260226273104,26,0.00732421875,6,14,25,0.0107421875,12,20,23,0.00244140625,4,12,27,0.00537109375,3,11,24.0,0.0078125,7.0,15.0,,,,,,,,
8,20008,Fez,44,5,24,79,106,24,0.7785231674856994,5,0.0271484375,0.076904296875,0.1357421875,1.929931640625,0.843994140625,0.46142578125,0.757080078125,-0.054985860460656434,0.0003228477590226684,0.012913910360906736,0.003941267717133885,0.0045245712543414696,0.09459042521121325,0.0045245712543414696,1949334.7118417944,0.0001274780089965479,9.862370959798505e-05,6.162812490173148e-05,1.6452646331419718e-05,"57,65,66,67,77",0.948594439315764,67,0.076904296875,6,14,66,0.003173828125,12,20,77,0.008544921875,4,12,57,0.0048828125,3,11,65.0,0.042236328125,7.0,15.0,,,,,,,,
8,20008,Fez,55,5,24,71,110,24,0.8753257432025042,5,0.007568359375,0.013916015625,0.037841796875,0.52587890625,0.22314453125,0.097412109375,0.141357421875,-0.335897502105857,0.000242715632781015,0.0097086253112406,0.0034052639816994127,0.0037353307106131606,0.0817263355607859,0.0037353307106131606,866591.2550242572,0.00014715317785570168,0.00010851232981634074,9.397717982955474e-05,5.7389370006379846e-05,"108,109,110,118,129",0.9801000964564206,108,0.004638671875,6,14,118,0.003662109375,12,20,110,0.007080078125,4,12,109,0.008544921875,3,11,129.0,0.013916015625,7.0,15.0,,,,,,,,
8,20008,Fez,66,5,24,73,107,24,0.8441019194909243,5,0.014208984375,0.022705078125,0.071044921875,0.95361328125,0.38525390625,0.117919921875,0.233642578125,-0.6142755489093699,0.00022437762394663757,0.008975104957865503,0.0035862746247722504,0.004388564137647377,0.08607059099453401,0.004388564137647377,1625211.1373500163,0.00012352251562107265,8.554491547909988e-05,6.471076652022485e-05,1.660307930913441e-05,"78,89,90,91,92",0.973394825633475,91,0.019287109375,6,14,90,0.002685546875,12,20,78,0.022705078125,4,12,92,0.009521484375,3,11,89.0,0.016845703125,7.0,15.0,,,,,,,,
9,20009,Sherbrooke,11,4,14,74,107,22,0.799720153409692,4,0.01910400390625,0.060302734375,0.076416015625,0.8310546875,0.448974609375,0.36181640625,0.42333984375,0.4429579215639424,0.00022663419714630668,0.004532683942926134,0.006157316829561312,0.0068023215061160935,0.13546097025034887,0.0068023215061160935,308735.2084380052,0.0002594800501095221,0.0002064310861537035,0.00018385593052621394,7.063221921579745e-05,"101,102,103,104",0.9922833675122966,102,0.060302734375,6,11,101,0.003662109375,4,9,103,0.0087890625,7,12,104,0.003662109375,3,8,,,,,,,,,,,,
9,20009,Sherbrooke,22,4,14,59,92,16,0.7947634169393464,4,0.01849365234375,0.03173828125,0.073974609375,0.753173828125,0.38330078125,0.22216796875,0.30126953125,0.19712438636602791,0.0002931882653238349,0.005863765306476697,0.008870580208326238,0.01080346065267418,0.1419292833332198,0.01080346065267418,133376.97013202118,0.0002925086948099231,0.00024905308533607187,0.0003257710254239497,0.00021816100948427524,"40,41,42,53",0.9749638924185748,41,0.00927734375,6,11,40,0.006591796875,4,9,42,0.03173828125,7,12,53,0.0263671875,3,8,,,,,,,,,,,,
9,20009,Sherbrooke,33,4,14,61,107,22,0.7199745812266983,4,0.03704833984375,0.087158203125,0.148193359375,1.5400390625,0.799072265625,0.52294921875,0.64599609375,0.3169258174483241,0.00031065778694536173,0.006213155738907235,0.007329028809852988,0.01264413227616501,0.16123863381676573,0.01264413227616501,837795.4739711381,0.00030710550075731523,0.00011059051310535338,0.00014625423913488584,1.7823362341870028e-05,"4,15,22,23",0.972434040177576,15,0.087158203125,6,11,22,0.022705078125,4,9,23,0.017578125,7,12,4,0.020751953125,3,8,,,,,,,,,,,,
9,20009,Sherbrooke,44,4,14,75,114,22,0.6466619043087902,4,0.03692626953125,0.09716796875,0.147705078125,1.61962890625,0.881103515625,0.68017578125,0.81005859375,0.6235504270543595,0.0025677043404612005,0.051354086809224014,0.009807735970827377,0.01918331990734612,0.2157701913582023,0.01918331990734612,169066.02312161273,0.00025068667238348707,0.0002016005662716495,0.0002631521075410402,0.00015885044685374998,"62,72,81,82",0.942305951641185,81,0.005615234375,6,11,82,0.032470703125,4,9,72,0.09716796875,7,12,62,0.012451171875,3,8,,,,,,,,,,,,
9,20009,Sherbrooke,55,4,14,56,83,16,0.6686832875327665,4,0.0443115234375,0.09716796875,0.17724609375,1.615234375,0.72900390625,0.29150390625,0.5068359375,-0.7814647802330494,0.0020994383649443568,0.04198876729888713,0.005618142334017591,0.005928022860568705,0.08989027734428146,0.005928022860568705,161356.23620757437,0.00027309995961490746,0.00024549441270415966,0.0002909207570316025,0.00012821631827769552,"61,62,63,72",0.929432767670492,62,0.012451171875,6,11,63,0.036865234375,4,9,61,0.03076171875,7,12,72,0.09716796875,3,8,,,,,,,,,,,,
9,20009,Sherbrooke,66,4,14,66,109,22,0.7308681726217061,4,0.0369873046875,0.060302734375,0.14794921875,1.448974609375,0.709228515625,0.36181640625,0.53173828125,-0.22353885226503478,0.00022065547326499205,0.004413109465299841,0.006796459404257796,0.008617942112713162,0.1495221068936715,0.008617942112713162,184085.93638366496,0.0002602534154016382,0.00021627588978017566,0.00022294703998897367,0.00016891013176893155,"49,55,67,68",0.9548646038166136,55,0.060302734375,6,11,68,0.01318359375,4,9,67,0.017822265625,7,12,49,0.056640625,3,8,,,,,,,,,,,,
9,20009,Torino,11,4,14,54,73,16,0.720408307531444,4,0.017333984375,0.031982421875,0.0693359375,0.7568359375,0.41015625,0.223876953125,0.361572265625,0.9378279199245776,0.0009522534967656365,0.01904506993531273,0.013553735030360104,0.021406591707524403,0.21685976048576167,0.021406591707524403,1936719.5611018774,0.00016721781811291495,6.171807947517145e-05,9.502047606330649e-05,8.334912884691768e-06,"79,80,81,92",0.9817158057764342,80,0.02294921875,6,11,81,0.00537109375,4,9,79,0.031982421875,7,12,92,0.009033203125,3,8,,,,,,,,,,,,
9,20009,Torino,22,4,14,65,85,22,0.7557326429624418,4,0.02862548828125,0.051025390625,0.114501953125,1.04443359375,0.471923828125,0.2041015625,0.326416015625,-0.8980159720330624,0.0003656721473844131,0.007313442947688261,0.006596243559947348,0.0071494023003074725,0.14511735831884165,0.0071494023003074725,543936.8774848615,0.00017329374631043815,5.541491119435325e-05,0.00010754477676160851,4.932106481026948e-05,"45,46,47,48",0.9715429608008026,47,0.013427734375,6,11,46,0.051025390625,4,9,45,0.00927734375,7,12,48,0.040771484375,3,8,,,,,,,,,,,,
9,20009,Torino,33,4,14,56,91,22,0.0,4,0.09735107421875,0.11474609375,0.389404296875,3.84619140625,1.899169921875,0.80322265625,1.24658203125,-0.29955712459909967,0.0004447930778931706,0.008895861557863413,0.2797049060830396,1.0,6.153507933826872,1.0,819383.5423275471,0.00011077204422472099,4.242049838087228e-05,8.742666949041929e-05,1.880833651631802e-05,"21,22,23,34",0.8006774711171528,22,0.0537109375,6,11,21,0.11083984375,4,9,34,0.11474609375,7,12,23,0.110107421875,3,8,,,,,,,,,,,,
9,20009,Torino,44,4,14,62,85,22,0.8294933515746699,4,0.0230712890625,0.053955078125,0.09228515625,0.931640625,0.47021484375,0.32373046875,0.392578125,0.07330014714057809,0.00023177288451342153,0.004635457690268432,0.0037218491535902635,0.00408020905993689,0.0818806813789858,0.00408020905993689,516452.2065649403,0.0002033519067193005,0.00015748105566558846,0.00011658529954923891,2.7784766241489783e-05,"73,80,81,82",0.9811165749766744,82,0.053955078125,6,11,73,0.010009765625,4,9,81,0.00537109375,7,12,80,0.02294921875,3,8,,,,,,,,,,,,
9,20009,Torino,55,4,14,54,73,16,0.8420470395183981,4,0.02569580078125,0.059814453125,0.102783203125,1.093994140625,0.580078125,0.35888671875,0.50927734375,0.5123363111603247,0.0002333858750498984,0.004667717500997969,0.0036207778677785248,0.004259668801398331,0.057932445884456396,0.004259668801398331,240803.75561455984,0.00017437384014412904,0.00011294016046758639,0.00017266600169726513,0.0001440040892058471,"3,4,5,16",0.986690423481418,4,0.059814453125,6,11,5,0.00634765625,4,9,16,0.021484375,7,12,3,0.01513671875,3,8,,,,,,,,,,,,
9,20009,Torino,66,4,14,56,91,22,0.7429517718124637,4,0.02154541015625,0.051025390625,0.086181640625,0.95263671875,0.521728515625,0.357177734375,0.446533203125,0.8255107417734703,0.0004085941050195244,0.008171882100390488,0.008577069253293247,0.011973449649978707,0.18869552357245145,0.011973449649978707,372722.6199449554,0.000213053269672895,0.00010450129441664454,0.00018462000879510105,4.932106481026948e-05,"46,55,65,66",0.9647377826721976,65,0.014892578125,6,11,55,0.014404296875,4,9,46,0.051025390625,7,12,66,0.005859375,3,8,,,,,,,,,,,,
9,20009,Fez,11,4,14,62,85,22,0.0,4,0.00762939453125,0.010009765625,0.030517578125,0.31201171875,0.159423828125,0.070068359375,0.111083984375,0.7627700713964738,0.00022508182853920455,0.004501636570784091,0.18419831560222483,1.0,4.052362943248947,1.0,632168.5331771115,0.00013579852167606735,0.00011253478202101726,0.00010252273580293458,2.3114926485690192e-05,"104,105,106,107",0.854797432121831,106,0.0068359375,6,11,107,0.00732421875,4,9,105,0.010009765625,7,12,104,0.00634765625,3,8,,,,,,,,,,,,
9,20009,Fez,22,4,14,54,73,16,0.9095153779322998,4,0.00872802734375,0.0107421875,0.034912109375,0.3486328125,0.174072265625,0.064453125,0.11572265625,-0.05853310342876193,0.0002086141292682496,0.004172282585364992,0.003285032969099169,0.003581549090163838,0.05256052750558671,0.003581549090163838,353076.933169084,0.00013830797554435033,6.956261627908302e-05,0.00012514466889957326,9.36748750544994e-05,"24,25,26,37",0.9966328211878628,25,0.0107421875,6,11,24,0.0078125,4,9,26,0.00732421875,7,12,37,0.009033203125,3,8,,,,,,,,,,,,
9,20009,Fez,33,4,14,56,91,22,0.8830775167627436,4,0.0057373046875,0.010498046875,0.02294921875,0.234619140625,0.119873046875,0.06298828125,0.09033203125,0.25226248955475655,0.00022887140230194969,0.0045774280460389935,0.004087660530784309,0.007514175990439742,0.08992853167725479,0.007514175990439742,365155.46005135105,0.00017107546875284825,0.00011943773177669697,0.00012387086495842844,7.424231364710219e-05,"21,22,23,36",0.991511702374979,22,0.010498046875,6,11,21,0.0068359375,4,9,36,0.003173828125,7,12,23,0.00244140625,3,8,,,,,,,,,,,,
9,20009,Fez,44,4,14,62,85,22,0.8831037858892988,4,0.01104736328125,0.018798828125,0.044189453125,0.416748046875,0.19580078125,0.076171875,0.132568359375,-0.736325012534072,0.00020327983210326016,0.004065596642065203,0.0031792581439278877,0.003426458992757342,0.06994367916641353,0.003426458992757342,943667.2779540833,0.00011784711916092403,2.71485117609998e-05,5.405830891544377e-05,2.2436854432723044e-05,"77,85,86,87",0.9899013431368404,85,0.0126953125,6,11,77,0.008544921875,4,9,86,0.004150390625,7,12,87,0.018798828125,3,8,,,,,,,,,,,,
9,20009,Fez,55,4,14,54,73,16,0.8937841577449658,4,0.0087890625,0.015869140625,0.03515625,0.382080078125,0.206298828125,0.09521484375,0.185791015625,0.8267456147214012,0.0003288032728176821,0.006576065456353642,0.003997102673850585,0.004349994010613423,0.06395364278160937,0.004349994010613423,291342.10241750075,0.00021022500339867324,0.00015588819442403516,0.00014801365992065147,9.998472093525107e-05,"2,3,4,16",0.9850093164619108,3,0.015869140625,6,11,4,0.00146484375,4,9,16,0.012939453125,7,12,2,0.0048828125,3,8,,,,,,,,,,,,
9,20009,Fez,66,4,14,54,73,16,0.0,4,0.0057373046875,0.00732421875,0.02294921875,0.228271484375,0.113525390625,0.0439453125,0.076416015625,-0.1414213562373095,0.0002613633888461236,0.005227267776922472,0.19016335544931437,1.0,3.04261368718903,1.0,707830.7372169286,0.0001340089426320928,0.00010707711790536659,0.0001036865315768651,2.3114926485690192e-05,"97,106,107,108",0.526717565112583,107,0.00732421875,6,11,97,0.004150390625,4,9,108,0.004638671875,7,12,106,0.0068359375,3,8,,,,,,,,,,,,
