circuit_id,circuit_seed,day,scenario_id,backend,original_qubits,original_depth,drift,transpiled_depth,one_qubit_gates,two_qubit_gates,esp,fidelity,active_physical_qubits,avg_gate_error,max_gate_error,avg_readout_error,max_readout_error,avg_t1,min_t1,avg_t2,min_t2
0,10000,0,c0_day0,Sherbrooke,4,19,normal,95,133,24,0.8093312540090515,0.9751822647313418,4,0.0008976259504516412,0.00650888298658403,0.01727294921875,0.045654296875,0.00025906419171606803,0.00016771136230027628,0.00016956264017812929,2.7133052989838604e-05
0,10000,0,c0_day0,Torino,4,19,normal,77,96,24,0.8503582020046716,0.9832517873306862,4,0.0010909333427855544,0.007659549953425382,0.0076904296875,0.011962890625,0.0001236753781531724,5.9527434601436146e-05,0.00014682518479433284,0.00010472429134423937
0,10000,0,c0_day0,Fez,4,19,normal,77,96,24,0.9007784734228859,0.9900171483780247,4,0.000653448695519192,0.003311355983104225,0.0064697265625,0.0107421875,0.00012731974073101004,9.562081555389064e-05,0.00011815294771328272,9.360064375549623e-05
0,10000,1,c0_day1,Sherbrooke,4,19,readout q125: 0.0078->0.0249,101,153,30,0.8000071338749964,0.9788481054896916,4,0.0009716727879685213,0.006303480430202679,0.01111874295385127,0.02494372181540508,0.0002806395150267347,0.00023928033542071583,0.00025041012594210815,6.337555301919867e-05
0,10000,1,c0_day1,Torino,4,19,"readout q36: 0.0071->0.0389 | readout q36: 0.0389->0.1281 | cz(29, 36): 0.0039->0.0163",69,88,24,0.6500165921844887,0.9324576525891143,4,0.0023942489317868116,0.016290813446735154,0.03795287858301898,0.12812987370707593,0.0001236753781531724,5.9527434601436146e-05,0.00014682518479433284,0.00010472429134423937
0,10000,1,c0_day1,Fez,4,19,"cz(136, 143): 0.0024->0.0078",69,88,24,0.8896982632794513,0.9894404196697764,4,0.0008099758953407213,0.007847900038426989,0.0064697265625,0.0107421875,0.00012731974073101004,9.562081555389064e-05,0.00011815294771328272,9.360064375549623e-05
0,10000,2,c0_day2,Sherbrooke,4,19,"readout q123: 0.0078->0.0377 | readout q122: 0.0076->0.0196 | ecr(123, 122): 0.0049->0.0097",107,153,30,0.7413835043203271,0.9675821963202379,4,0.0012467155682037293,0.0096662499702634,0.017323066741093955,0.037731943497168643,0.0002806395150267347,0.00023928033542071583,0.00025041012594210815,6.337555301919867e-05
0,10000,2,c0_day2,Torino,4,19,"readout q99: 0.0095->0.0146 | cz(92, 80): 0.0031->0.0105",87,109,30,0.8075878397979446,0.9786024620209081,4,0.0010579852094374984,0.010451827748256308,0.016402807690559698,0.02294921875,0.00019028067583305142,0.00015459493999167093,8.503649587806289e-05,2.7784766241489783e-05
0,10000,2,c0_day2,Fez,4,19,"readout q144: 0.0107->0.0547 | cz(143, 142): 0.0033->0.0124",69,88,24,0.8408143846266977,0.9841838575525337,4,0.0009074196942007158,0.012362848186343593,0.01746257941015217,0.054713598890608686,0.00012731974073101004,9.562081555389064e-05,0.00011815294771328272,9.360064375549623e-05
0,10000,3,c0_day3,Sherbrooke,4,19,"readout q124: 0.0042->0.0173 | readout q125: 0.0078->0.0154 | ecr(123, 122): 0.0049->0.0118",107,153,30,0.7402881809274958,0.9710391663883011,4,0.0013726807357369805,0.011761852302862034,0.012025669935417715,0.017278133205313465,0.0002806395150267347,0.00023928033542071583,0.00025041012594210815,6.337555301919867e-05
0,10000,3,c0_day3,Torino,4,19,"readout q36: 0.0071->0.0316 | readout q28: 0.0063->0.0189 | cz(29, 28): 0.0044->0.0178",77,96,24,0.7447986814876122,0.9741073246100537,4,0.001872701963412832,0.017795325866691702,0.01694859446723293,0.03161019906559288,0.0001236753781531724,5.9527434601436146e-05,0.00014682518479433284,0.00010472429134423937
0,10000,3,c0_day3,Fez,4,19,"readout q144: 0.0107->0.0583 | readout q136: 0.0046->0.0073 | cz(143, 136): 0.0024->0.0048",69,88,24,0.8362172964605813,0.9809297852185163,4,0.000900089816564134,0.004828266960605081,0.019011083798495768,0.05825716491640072,0.00012731974073101004,9.562081555389064e-05,0.00011815294771328272,9.360064375549623e-05
0,10000,4,c0_day4,Sherbrooke,4,19,"readout q123: 0.0078->0.0181 | ecr(123, 122): 0.0049->0.0210",101,153,30,0.6733702823919163,0.962341499920116,4,0.0019388054140935507,0.020989015115624003,0.009410102071818237,0.01810915828727295,0.0002806395150267347,0.00023928033542071583,0.00025041012594210815,6.337555301919867e-05
0,10000,4,c0_day4,Torino,4,19,"readout q36: 0.0071->0.0310 | cz(29, 36): 0.0039->0.0075",69,88,24,0.7969740614045292,0.9682660502866247,4,0.0015278315500712942,0.007659549953425382,0.013671856026303,0.031005783480211997,0.0001236753781531724,5.9527434601436146e-05,0.00014682518479433284,0.00010472429134423937
0,10000,4,c0_day4,Fez,4,19,"readout q141: 0.0049->0.0125 | readout q142: 0.0061->0.0141 | cz(142, 143): 0.0033->0.0086",78,104,30,0.8569581607718875,0.9868128856017951,4,0.0008827258948155414,0.008550888483821396,0.008907483664443498,0.01412940715554864,0.00014494155734598587,9.562081555389064e-05,0.00011309494030264407,9.144599425726836e-05
0,10000,5,c0_day5,Sherbrooke,4,19,readout q105: 0.0110->0.0266,95,133,24,0.7965661975200127,0.9671746834762377,4,0.0008976259504516412,0.00650888298658403,0.021172716874879205,0.045654296875,0.00025906419171606803,0.00016771136230027628,0.00016956264017812929,2.7133052989838604e-05
0,10000,5,c0_day5,Torino,4,19,"readout q80: 0.0229->0.1110 | readout q80: 0.1110->0.3534 | cz(92, 80): 0.0031->0.0131",87,109,30,0.5286690953251054,0.8770429263960319,4,0.0011718285723343348,0.013089198988699684,0.09774808863196129,0.35339469827784514,0.00019028067583305142,0.00015459493999167093,8.503649587806289e-05,2.7784766241489783e-05
0,10000,5,c0_day5,Fez,4,19,"readout q143: 0.0044->0.0249 | cz(144, 143): 0.0032->0.0155",77,96,24,0.8393841382661996,0.9852243729066803,4,0.0010646517635097125,0.015534826236233732,0.01158836406078854,0.024869081243154158,0.00012731974073101004,9.562081555389064e-05,0.00011815294771328272,9.360064375549623e-05
0,10000,6,c0_day6,Sherbrooke,4,19,"ecr(124, 123): 0.0053->0.0100",107,153,30,0.7737194529302732,0.9827441181658624,4,0.0012472711047172554,0.010049569371210454,0.0068359375,0.0078125,0.0002806395150267347,0.00023928033542071583,0.00025041012594210815,6.337555301919867e-05
0,10000,6,c0_day6,Torino,4,19,readout q30: 0.0054->0.0154 | readout q28: 0.0063->0.0237,77,96,24,0.8270802907824554,0.9800897466885816,4,0.0010909333427855544,0.007659549953425382,0.014536740230556008,0.023714679483703958,0.0001236753781531724,5.9527434601436146e-05,0.00014682518479433284,0.00010472429134423937
0,10000,6,c0_day6,Fez,4,19,readout q142: 0.0061->0.0310,77,96,24,0.8782400402332351,0.9898144286390105,4,0.000653448695519192,0.003311355983104225,0.012686812719486334,0.030971860252945335,0.00012731974073101004,9.562081555389064e-05,0.00011815294771328272,9.360064375549623e-05
0,10000,7,c0_day7,Sherbrooke,4,19,"readout q125: 0.0078->0.0194 | ecr(125, 124): 0.0063->0.0185",101,153,30,0.711119183065135,0.9700431730123218,4,0.0016380691749390687,0.018498534311763695,0.00972463255540914,0.019367280221636553,0.0002806395150267347,0.00023928033542071583,0.00025041012594210815,6.337555301919867e-05
0,10000,7,c0_day7,Torino,4,19,"readout q30: 0.0054->0.0131 | cz(29, 30): 0.0077->0.0268",69,88,24,0.7802822322044215,0.9634960106502539,4,0.0018552910868307713,0.026759008965527003,0.009614620687177187,0.01306785774870875,0.0001236753781531724,5.9527434601436146e-05,0.00014682518479433284,0.00010472429134423937
0,10000,7,c0_day7,Fez,4,19,readout q136: 0.0046->0.0108 | readout q141: 0.0049->0.0161,87,109,30,0.8726749703270887,0.9906514362818938,4,0.000708601222922492,0.003311355983104225,0.00933755124715092,0.01608953795068757,0.00014494155734598587,9.562081555389064e-05,0.00011309494030264407,9.144599425726836e-05
1,10001,0,c1_day0,Sherbrooke,6,24,normal,158,280,57,0.6391956242471403,0.9251830068555552,6,0.0011108545689454527,0.00880218456405496,0.011922200520833334,0.02587890625,0.00030084925849499625,0.00021071911926522037,0.0001806460441814413,2.7133052989838604e-05
1,10001,0,c1_day0,Torino,6,24,normal,123,187,54,0.6798405730496658,0.9582193682127909,6,0.001169187736856716,0.007659549953425382,0.017008463541666668,0.040771484375,0.00015300704376970922,5.9527434601436146e-05,0.00015600782096114192,0.00010472429134423937
1,10001,0,c1_day0,Fez,6,24,normal,127,189,57,0.8013649904106068,0.9660195872328122,6,0.0007408167860688406,0.003311355983104225,0.0064697265625,0.0107421875,0.00012886042566963535,9.562081555389064e-05,9.854934845505242e-05,2.723830561991519e-05
1,10001,1,c1_day1,Sherbrooke,6,24,readout q104: 0.0037->0.0073,170,282,54,0.6282277216270916,0.9154787841008183,6,0.0010996710618902043,0.01673895679641485,0.015462239583333334,0.045654296875,0.000304551025060814,0.00016771136230027628,0.0002237815924341482,2.7133052989838604e-05
1,10001,1,c1_day1,Torino,6,24,"cz(92, 80): 0.0031->0.0105",117,185,54,0.6729745042842339,0.9589048291749479,6,0.0012306640683288526,0.01052478270141167,0.016642252604166668,0.033935546875,0.00020496139583401252,0.00015459493999167093,0.00012209566271840193,2.7784766241489783e-05
1,10001,1,c1_day1,Fez,6,24,readout q143: 0.0044->0.0183 | readout q123: 0.0063->0.0098,125,197,51,0.7999588880799483,0.9612827196945662,6,0.0006793911228817876,0.0033999583821837653,0.009027842065361344,0.01827888098949663,0.0001275609111738412,9.562081555389064e-05,0.00011476645099428512,9.360064375549623e-05
1,10001,2,c1_day2,Sherbrooke,6,24,"readout q118: 0.0125->0.0227 | readout q118: 0.0227->0.0427 | ecr(110, 118): 0.0061->0.0226",154,274,54,0.47257213470073184,0.9320004030710604,6,0.0019791275379369756,0.022621426586445687,0.015708348666255752,0.0427364201225345,0.00024311707603998786,0.00013252953230862786,0.00022593133173611567,7.063221921579745e-05
1,10001,2,c1_day2,Torino,6,24,readout q92: 0.0090->0.0142,122,190,54,0.7321516970807246,0.948753591379425,6,0.0008413037844759988,0.004051016058839674,0.01749593065328441,0.033935546875,0.00020496139583401252,0.00015459493999167093,0.00012209566271840193,2.7784766241489783e-05
1,10001,2,c1_day2,Fez,6,24,"readout q144: 0.0107->0.0532 | cz(136, 143): 0.0024->0.0037",121,189,54,0.7675893042323458,0.9450509248528678,6,0.0007535188346600305,0.0036714181632261002,0.013266280656734271,0.05323049644040563,0.00013882111055209668,9.562081555389064e-05,0.00011291462876078286,9.144599425726836e-05
1,10001,3,c1_day3,Sherbrooke,6,24,"readout q77: 0.0088->0.0256 | readout q79: 0.0156->0.0572 | ecr(78, 79): 0.0062->0.0220",158,272,54,0.5219257936152552,0.9008160130094116,6,0.0015526132282562678,0.022022961700589632,0.023077750167973254,0.057240206642249464,0.00030045777999759745,0.00022879595524938841,9.443992520510245e-05,2.4196989159075558e-05
1,10001,3,c1_day3,Torino,6,24,"cz(92, 80): 0.0031->0.0130",132,190,57,0.6564791477507438,0.9401891329991786,6,0.001290212975220831,0.012976570254918492,0.016642252604166668,0.033935546875,0.00020496139583401252,0.00015459493999167093,0.00012209566271840193,2.7784766241489783e-05
1,10001,3,c1_day3,Fez,6,24,"readout q140: 0.0081->0.0278 | readout q136: 0.0046->0.0107 | cz(143, 136): 0.0024->0.0071",122,196,51,0.7657014048183244,0.9561860750691352,6,0.0008153680979194505,0.007076374723562525,0.010774182564400886,0.027791898840567104,0.00012886042566963535,9.562081555389064e-05,9.854934845505242e-05,2.723830561991519e-05
1,10001,4,c1_day4,Sherbrooke,6,24,"readout q71: 0.0178->0.0651 | ecr(78, 77): 0.0055->0.0268",158,272,54,0.387114701031603,0.8960476412922233,6,0.0024865639092990738,0.026752523592123077,0.021221560228175274,0.06507350199405164,0.00030045777999759745,0.00022879595524938841,9.443992520510245e-05,2.4196989159075558e-05
1,10001,4,c1_day4,Torino,6,24,"readout q27: 0.0305->0.1342 | cz(29, 36): 0.0039->0.0083",121,190,57,0.5378776418992747,0.931478015292152,6,0.0016282977235499054,0.008270139217967569,0.03429649808277106,0.13424578537162637,0.00015300704376970922,5.9527434601436146e-05,0.00015600782096114192,0.00010472429134423937
1,10001,4,c1_day4,Fez,6,24,"cz(142, 141): 0.0029->0.0044",117,186,54,0.8060733470149264,0.9677218800436772,6,0.0007420745834593809,0.0043965062880068195,0.006184895833333333,0.0107421875,0.00013882111055209668,9.562081555389064e-05,0.00011291462876078286,9.144599425726836e-05
1,10001,5,c1_day5,Sherbrooke,6,24,"ecr(78, 77): 0.0055->0.0117",158,272,54,0.5618712344974215,0.9306735893406598,6,0.0015140689304840606,0.011655696778137626,0.013346354166666666,0.017822265625,0.00030045777999759745,0.00022879595524938841,9.443992520510245e-05,2.4196989159075558e-05
1,10001,5,c1_day5,Torino,6,24,"readout q48: 0.0408->0.0619 | cz(36, 29): 0.0039->0.0086",127,190,54,0.6089597313055009,0.9432872560238265,6,0.0015127036837008223,0.008643518904751263,0.020526018725780863,0.06187681547968519,0.00015300704376970922,5.9527434601436146e-05,0.00015600782096114192,0.00010472429134423937
1,10001,5,c1_day5,Fez,6,24,readout q142: 0.0061->0.0122,110,196,60,0.7809882894123891,0.9557754014594929,6,0.0008189631339760059,0.0033999583821837653,0.006184895833333333,0.01220703125,0.00013930878891715842,9.562081555389064e-05,0.00011139444605385935,9.144599425726836e-05
1,10001,6,c1_day6,Sherbrooke,6,24,readout q79: 0.0156->0.0486 | readout q71: 0.0178->0.0569,158,272,54,0.5946441082760121,0.9209029626387544,6,0.0011144037366342813,0.007731650573851945,0.025363445132687828,0.056932526744742244,0.00030045777999759745,0.00022879595524938841,9.443992520510245e-05,2.4196989159075558e-05
1,10001,6,c1_day6,Torino,6,24,readout q29: 0.0120->0.0239,121,189,54,0.6555106923159703,0.9384907251870184,6,0.0012588731918905312,0.007659549953425382,0.019002278645833332,0.040771484375,0.00015300704376970922,5.9527434601436146e-05,0.00015600782096114192,0.00010472429134423937
1,10001,6,c1_day6,Fez,6,24,readout q143: 0.0044->0.0088,117,186,54,0.8060819576133833,0.9694299562089342,6,0.0007236656278760534,0.0033999583821837653,0.006917317708333333,0.0107421875,0.00013882111055209668,9.562081555389064e-05,0.00011291462876078286,9.144599425726836e-05
1,10001,7,c1_day7,Sherbrooke,6,24,"readout q107: 0.0259->0.1194 | ecr(93, 106): 0.0070->0.0113",159,278,54,0.5413835047909743,0.9189240610550554,6,0.001318630384580618,0.011319152208744042,0.02770640623762328,0.11936343742573968,0.0002782094089738624,0.00016310636822987974,0.00018524638550812252,2.7133052989838604e-05
1,10001,7,c1_day7,Torino,6,24,"cz(29, 36): 0.0039->0.0168",121,190,57,0.5242263661454769,0.9222647982621985,6,0.002183457278921221,0.016840414854012255,0.017008463541666668,0.040771484375,0.00015300704376970922,5.9527434601436146e-05,0.00015600782096114192,0.00010472429134423937
1,10001,7,c1_day7,Fez,6,24,readout q136: 0.0046->0.0213 | readout q142: 0.0061->0.0218,122,196,51,0.7822961890018078,0.9640385403858167,6,0.0007026053838076664,0.003311355983104225,0.011859367640384704,0.021818065410004372,0.00012886042566963535,9.562081555389064e-05,9.854934845505242e-05,2.723830561991519e-05
2,10002,0,c2_day0,Sherbrooke,8,22,normal,161,328,69,0.5548592029690671,0.8515039893950898,8,0.0012085189376650678,0.008072741155098095,0.01336669921875,0.01953125,0.0002601121519150617,0.0001469928637936869,0.00015136637352206818,2.4196989159075558e-05
2,10002,0,c2_day0,Torino,8,22,normal,118,217,69,0.599062607319416,0.8765133567080434,8,0.001339675126113067,0.007659549953425382,0.015838623046875,0.040771484375,0.0001586279394957063,5.9527434601436146e-05,0.00013790731069193544,6.870523592058317e-05
2,10002,0,c2_day0,Fez,8,22,normal,126,206,66,0.7523011373234267,0.8903219142210935,8,0.0008396878421990517,0.0033999583821837653,0.0069580078125,0.013916015625,0.00013576487081252563,9.562081555389064e-05,0.00011472926511939969,9.144599425726836e-05
2,10002,1,c2_day1,Sherbrooke,8,22,readout q107: 0.0259->0.1504,145,335,69,0.4752092243554836,0.8748891797181491,8,0.0012571842926284963,0.009034455276413444,0.0276774795167523,0.1503749142590184,0.0002738413357907301,0.00014966741484017624,0.000193632716159397,2.7133052989838604e-05
2,10002,1,c2_day1,Torino,8,22,"readout q36: 0.0071->0.0368 | readout q18: 0.0083->0.0145 | cz(29, 28): 0.0044->0.0211",123,206,66,0.5013208530727592,0.8806546910147114,8,0.0017946783305806486,0.02110218273017843,0.024564018473239965,0.05029296875,0.00017474598916055096,5.9527434601436146e-05,0.000165420942949757,0.00010472429134423937
2,10002,1,c2_day1,Fez,8,22,readout q145: 0.0139->0.0278,126,206,66,0.7416843596984118,0.9051935787016749,8,0.0008396878421990517,0.0033999583821837653,0.008697509765625,0.02783203125,0.00013576487081252563,9.562081555389064e-05,0.00011472926511939969,9.144599425726836e-05
2,10002,2,c2_day2,Sherbrooke,8,22,"readout q104: 0.0037->0.0057 | ecr(93, 106): 0.0070->0.0125",147,314,66,0.5041270522486752,0.846472643154754,8,0.0015412921474953346,0.012500574220656547,0.012007107470288677,0.02587890625,0.0002755212049644431,0.00016310636822987974,0.0002066806768379014,2.7133052989838604e-05
2,10002,2,c2_day2,Torino,8,22,readout q28: 0.0063->0.0164,113,206,66,0.5691853201813428,0.8615494975437432,8,0.0014299144300226546,0.007659549953425382,0.021335481193771818,0.05029296875,0.00017474598916055096,5.9527434601436146e-05,0.000165420942949757,0.00010472429134423937
2,10002,2,c2_day2,Fez,8,22,"readout q123: 0.0063->0.0191 | cz(136, 123): 0.0034->0.0168",126,206,66,0.6572009652003094,0.8778333474593638,8,0.0012845298211866456,0.016844071524919936,0.00855129180430357,0.019093928184428566,0.00013576487081252563,9.562081555389064e-05,0.00011472926511939969,9.144599425726836e-05
2,10002,3,c2_day3,Sherbrooke,8,22,readout q104: 0.0037->0.0147,152,339,69,0.5376574319911087,0.8691279949602273,8,0.0012499753054422808,0.009034455276413444,0.013499621366786105,0.02587890625,0.0002738413357907301,0.00014966741484017624,0.000193632716159397,2.7133052989838604e-05
2,10002,3,c2_day3,Torino,8,22,"cz(29, 28): 0.0044->0.0071",116,206,66,0.5678895775891994,0.8886295611364939,8,0.0014753591914101383,0.007659549953425382,0.02008056640625,0.05029296875,0.00017474598916055096,5.9527434601436146e-05,0.000165420942949757,0.00010472429134423937
2,10002,3,c2_day3,Fez,8,22,"readout q142: 0.0061->0.0258 | readout q145: 0.0139->0.0286 | cz(144, 145): 0.0027->0.0094",134,218,72,0.6502021467293795,0.8806639982739134,8,0.0011674882240313295,0.009432432589307774,0.011262554603912314,0.02862059630807579,0.00013576487081252563,9.562081555389064e-05,0.00011472926511939969,9.144599425726836e-05
2,10002,4,c2_day4,Sherbrooke,8,22,"readout q93: 0.0098->0.0478 | readout q105: 0.0110->0.0325 | ecr(93, 106): 0.0070->0.0323",152,339,69,0.42696987779106393,0.8506925070473379,8,0.001683569742698528,0.03229119481325886,0.019566409941739995,0.04781080381964084,0.0002738413357907301,0.00014966741484017624,0.000193632716159397,2.7133052989838604e-05
2,10002,4,c2_day4,Torino,8,22,"readout q47: 0.0134->0.0502 | cz(28, 29): 0.0044->0.0208",120,210,66,0.5242543027095766,0.8669542259148123,8,0.0016969064436195397,0.020849300136844436,0.021506260642321015,0.050223913263568114,0.00015885291770016642,5.9527434601436146e-05,0.00013906580923194272,6.870523592058317e-05
2,10002,4,c2_day4,Fez,8,22,"readout q144: 0.0107->0.0577 | cz(123, 124): 0.0032->0.0097",116,209,69,0.6626508200491431,0.8970336273120636,8,0.0011288659939070785,0.009684234807111875,0.011876760616681819,0.05766056930845455,0.0001346512008832598,9.562081555389064e-05,0.00010644655891122672,7.152777106683473e-05
2,10002,5,c2_day5,Sherbrooke,8,22,"readout q99: 0.0156->0.0792 | ecr(110, 118): 0.0061->0.0115",165,341,72,0.4450576788087692,0.8507544955532322,8,0.0015449304254411692,0.011535874054574005,0.020606674299778246,0.07916003502322597,0.00024926544952439154,0.00013252953230862786,0.00024832053114706644,7.063221921579745e-05
2,10002,5,c2_day5,Torino,8,22,"readout q8: 0.0183->0.0456 | readout q30: 0.0054->0.0213 | cz(17, 8): 0.0055->0.0179",114,211,69,0.5173331892627517,0.8724129604607986,8,0.0017131487454896657,0.01794871140463899,0.021852487459640593,0.045649960754960556,0.0001620376191833474,5.9527434601436146e-05,0.00013323955645411277,3.136320201800166e-05
2,10002,5,c2_day5,Fez,8,22,readout q122: 0.0063->0.0135,122,217,69,0.7525405585189882,0.9000280917943658,8,0.000799817581104964,0.004046006358762122,0.006875079329552373,0.013496728386418988,0.00013570192042702966,9.562081555389064e-05,9.369692986505837e-05,4.917429322867596e-05
2,10002,6,c2_day6,Sherbrooke,8,22,"readout q80: 0.0110->0.0401 | readout q91: 0.0195->0.0712 | ecr(71, 77): 0.0062->0.0295",153,336,69,0.36254132063444716,0.8092665638048775,8,0.0020131261637539653,0.029490520123785974,0.02347017999665235,0.07123122806189984,0.0002601121519150617,0.0001469928637936869,0.00015136637352206818,2.4196989159075558e-05
2,10002,6,c2_day6,Torino,8,22,readout q27: 0.0305->0.0459 | readout q29: 0.0120->0.0337,124,201,66,0.5847759791013238,0.8839133499199928,8,0.0013500489146589189,0.007659549953425382,0.02154227100359053,0.04589862668738926,0.00015885291770016642,5.9527434601436146e-05,0.00013906580923194272,6.870523592058317e-05
2,10002,6,c2_day6,Fez,8,22,"cz(143, 142): 0.0033->0.0099",123,206,66,0.7000038501672183,0.8836597191479129,8,0.0011028170149697209,0.009906376521414812,0.0069580078125,0.013916015625,0.00013576487081252563,9.562081555389064e-05,0.00011472926511939969,9.144599425726836e-05
2,10002,7,c2_day7,Sherbrooke,8,22,"readout q80: 0.0110->0.0423 | ecr(71, 77): 0.0062->0.0204",152,325,66,0.4520440104690004,0.8670400082477894,8,0.0016534888441563655,0.02043523605538559,0.0177383258745257,0.0422972319962056,0.00028659006177590425,0.0001469928637936869,0.00013727942504690232,2.4196989159075558e-05
2,10002,7,c2_day7,Torino,8,22,"readout q27: 0.0305->0.0531 | cz(27, 17): 0.0071->0.0297",121,224,72,0.5144067114110399,0.8701001102813506,8,0.001724131267699865,0.029696612821732717,0.018667237585902104,0.05314649443721684,0.0001586279394957063,5.9527434601436146e-05,0.00013790731069193544,6.870523592058317e-05
2,10002,7,c2_day7,Fez,8,22,"readout q143: 0.0044->0.0073 | cz(142, 141): 0.0029->0.0078",121,224,72,0.7082360756984672,0.899300619286109,8,0.0009846279109387728,0.007831039859333613,0.006593768850529778,0.0107421875,0.0001286561322671024,9.562081555389064e-05,0.00010091037573036179,2.723830561991519e-05
3,10003,0,c3_day0,Sherbrooke,5,19,normal,83,159,27,0.8184565277373637,0.9735188371256197,5,0.000820166311752577,0.006303480430202679,0.009423828125,0.019775390625,0.0002768752423068153,0.00023928033542071583,0.00022208770691632554,6.337555301919867e-05
3,10003,0,c3_day0,Torino,5,19,normal,82,130,27,0.8038393283759054,0.9716232154764981,5,0.0009942621087064602,0.007659549953425382,0.012255859375,0.030517578125,0.00014009464988824769,5.9527434601436146e-05,0.00013905354692206692,0.00010472429134423937
3,10003,0,c3_day0,Fez,5,19,normal,70,124,27,0.8885842531911912,0.9876292257354381,5,0.0005950146538755474,0.003311355983104225,0.005615234375,0.008056640625,0.0001350813559158415,9.562081555389064e-05,9.592361336609829e-05,2.723830561991519e-05
3,10003,1,c3_day1,Sherbrooke,5,19,"readout q126: 0.0198->0.0767 | ecr(125, 124): 0.0063->0.0282",86,164,27,0.6135044872524186,0.9404954596805172,5,0.0019743171940955354,0.0282401788929658,0.020802551639420366,0.07666900819710183,0.0002768752423068153,0.00023928033542071583,0.00022208770691632554,6.337555301919867e-05
3,10003,1,c3_day1,Torino,5,19,readout q27: 0.0305->0.0918,82,130,27,0.752986635674672,0.9665854713049296,5,0.0009942621087064602,0.007659549953425382,0.024522189209462187,0.09184922729731093,0.00014009464988824769,5.9527434601436146e-05,0.00013905354692206692,0.00010472429134423937
3,10003,1,c3_day1,Fez,5,19,"readout q143: 0.0044->0.0117 | readout q141: 0.0049->0.0113 | cz(143, 136): 0.0024->0.0104",69,124,27,0.8576274198626411,0.9888312845195782,5,0.0007373761964653645,0.010350591854899104,0.00835676068365197,0.011676371027405718,0.0001350813559158415,9.562081555389064e-05,9.592361336609829e-05,2.723830561991519e-05
3,10003,2,c3_day2,Sherbrooke,5,19,"readout q99: 0.0156->0.0534 | ecr(110, 118): 0.0061->0.0199",96,156,27,0.6702889084658755,0.9669222108484902,5,0.0016725568185150487,0.01988385231972163,0.018046334236171316,0.05336643680585658,0.0002497563615647794,0.00013252953230862786,0.00023682039453953814,7.063221921579745e-05
3,10003,2,c3_day2,Torino,5,19,"cz(99, 92): 0.0032->0.0113",70,124,27,0.8019209076501397,0.9826252731403696,5,0.0010180963933913584,0.011261814107656143,0.01318359375,0.02294921875,0.00019848302986387326,0.00015459493999167093,0.00010863385192096079,2.7784766241489783e-05
3,10003,2,c3_day2,Fez,5,19,"readout q136: 0.0046->0.0245 | cz(143, 136): 0.0024->0.0096",70,124,27,0.8340155534700187,0.980850527952499,5,0.0008797000979729842,0.009598893335746253,0.009582401864992174,0.02447450932496087,0.0001350813559158415,9.562081555389064e-05,9.592361336609829e-05,2.723830561991519e-05
3,10003,3,c3_day3,Sherbrooke,5,19,"readout q124: 0.0042->0.0121 | ecr(123, 122): 0.0049->0.0212",83,159,27,0.7114768560785507,0.9584681563210667,5,0.0015210975887543442,0.021196097253107785,0.01100640650367041,0.019775390625,0.0002768752423068153,0.00023928033542071583,0.00022208770691632554,6.337555301919867e-05
3,10003,3,c3_day3,Torino,5,19,"readout q81: 0.0054->0.0249 | cz(99, 92): 0.0032->0.0157",70,124,27,0.7620199990153144,0.9640615667198043,5,0.001221654913293848,0.015652862179838422,0.01709928780963854,0.024949564048192707,0.00019848302986387326,0.00015459493999167093,0.00010863385192096079,2.7784766241489783e-05
3,10003,3,c3_day3,Fez,5,19,"readout q140: 0.0081->0.0223 | cz(141, 142): 0.0029->0.0106",70,124,27,0.8622918235458975,0.978932717764708,5,0.0006972726731515071,0.01064427029667558,0.008469004554696636,0.022325491523483183,0.0001350813559158415,9.562081555389064e-05,9.592361336609829e-05,2.723830561991519e-05
3,10003,4,c3_day4,Sherbrooke,5,19,readout q106: 0.0125->0.0279,92,160,27,0.7688957860849476,0.9675138885969242,5,0.0008758740536414901,0.00650888298658403,0.019401483324379062,0.045654296875,0.0002948543489623218,0.00016771136230027628,0.00020751204447071138,2.7133052989838604e-05
3,10003,4,c3_day4,Torino,5,19,readout q92: 0.0090->0.0210 | readout q81: 0.0054->0.0110,70,124,27,0.8339767167196216,0.976951359945684,5,0.0006433970072006188,0.003746277807441689,0.016697029383556702,0.02294921875,0.00019848302986387326,0.00015459493999167093,0.00010863385192096079,2.7784766241489783e-05
3,10003,4,c3_day4,Fez,5,19,"readout q143: 0.0044->0.0108 | cz(143, 142): 0.0033->0.0100",70,124,27,0.8424514126169212,0.971758545977178,5,0.0009035705975303015,0.009967348481942492,0.006887508364329125,0.010755901196645623,0.0001350813559158415,9.562081555389064e-05,9.592361336609829e-05,2.723830561991519e-05
3,10003,5,c3_day5,Sherbrooke,5,19,"readout q125: 0.0078->0.0215 | readout q122: 0.0076->0.0188 | ecr(125, 124): 0.0063->0.0246",86,164,27,0.659225091831723,0.9605187914242524,5,0.001784096290450606,0.024606959633347653,0.014400136163496852,0.021500689070168603,0.0002768752423068153,0.00023928033542071583,0.00022208770691632554,6.337555301919867e-05
3,10003,5,c3_day5,Torino,5,19,"cz(28, 29): 0.0044->0.0076",81,129,27,0.7902667719571943,0.9788325733033223,5,0.0011091743226156997,0.007659549953425382,0.012255859375,0.030517578125,0.00014009464988824769,5.9527434601436146e-05,0.00013905354692206692,0.00010472429134423937
3,10003,5,c3_day5,Fez,5,19,"readout q140: 0.0081->0.0241 | readout q143: 0.0044->0.0159 | cz(143, 142): 0.0033->0.0065",69,124,27,0.8605479957421706,0.987577340941805,5,0.0006219808380818251,0.006473429718554533,0.011132196760530356,0.02410144885003565,0.0001350813559158415,9.562081555389064e-05,9.592361336609829e-05,2.723830561991519e-05
3,10003,6,c3_day6,Sherbrooke,5,19,"readout q122: 0.0076->0.0193 | ecr(123, 122): 0.0049->0.0106",83,159,27,0.7725510671231333,0.9702368425147933,5,0.0010647408100847226,0.010585802149039081,0.011767153212205514,0.019775390625,0.0002768752423068153,0.00023928033542071583,0.00022208770691632554,6.337555301919867e-05
3,10003,6,c3_day6,Torino,5,19,"readout q30: 0.0054->0.0124 | cz(29, 36): 0.0039->0.0176",82,130,27,0.7144218168188069,0.9790737811836956,5,0.0016928863122922168,0.01756848483451626,0.013653802745971621,0.030517578125,0.00014009464988824769,5.9527434601436146e-05,0.00013905354692206692,0.00010472429134423937
3,10003,6,c3_day6,Fez,5,19,"readout q142: 0.0061->0.0098 | readout q142: 0.0098->0.0227 | cz(142, 143): 0.0033->0.0119",70,124,27,0.8152186299456017,0.9826361100942042,5,0.0010507532513375898,0.011913422010200275,0.0089323620516984,0.022689154008492005,0.0001350813559158415,9.562081555389064e-05,9.592361336609829e-05,2.723830561991519e-05
3,10003,7,c3_day7,Sherbrooke,5,19,"ecr(123, 122): 0.0049->0.0231",83,159,27,0.7062864308999679,0.9692086589494391,5,0.0016015332220720316,0.023066225727744017,0.009423828125,0.019775390625,0.0002768752423068153,0.00023928033542071583,0.00022208770691632554,6.337555301919867e-05
3,10003,7,c3_day7,Torino,5,19,"cz(92, 99): 0.0032->0.0048",69,124,27,0.8419435719942993,0.9735869515643032,5,0.000698059547893515,0.004769492975774114,0.01318359375,0.02294921875,0.00019848302986387326,0.00015459493999167093,0.00010863385192096079,2.7784766241489783e-05
3,10003,7,c3_day7,Fez,5,19,"readout q136: 0.0046->0.0164 | readout q141: 0.0049->0.0192 | cz(143, 144): 0.0032->0.0124",82,130,27,0.8390727563907059,0.9839833673339997,5,0.0007509480141751335,0.01244358506108279,0.011362913534228797,0.019201169039162455,0.0001355044007645096,9.562081555389064e-05,0.00011281155702207986,9.144599425726836e-05
4,10004,0,c4_day0,Sherbrooke,6,29,normal,252,390,81,0.5346572684073964,0.9162712357122011,6,0.0011545799889531188,0.007731650573851945,0.013346354166666666,0.017822265625,0.00030045777999759745,0.00022879595524938841,9.443992520510245e-05,2.4196989159075558e-05
4,10004,0,c4_day0,Torino,6,29,normal,149,246,75,0.6785961047857689,0.9259248141680112,6,0.0008919169753734738,0.004051016058839674,0.016642252604166668,0.033935546875,0.00020496139583401252,0.00015459493999167093,0.00012209566271840193,2.7784766241489783e-05
4,10004,0,c4_day0,Fez,6,29,normal,146,223,66,0.7658108699432469,0.9428912913814899,6,0.0007932706615603955,0.0033999583821837653,0.006184895833333333,0.0107421875,0.00013882111055209668,9.562081555389064e-05,0.00011291462876078286,9.144599425726836e-05
4,10004,1,c4_day1,Sherbrooke,6,29,readout q58: 0.0093->0.0202,197,332,69,0.5650151448474047,0.9130243599730455,6,0.0011911057731937363,0.007731650573851945,0.015170122275794883,0.020219952404769297,0.00030045777999759745,0.00022879595524938841,9.443992520510245e-05,2.4196989159075558e-05
4,10004,1,c4_day1,Torino,6,29,readout q80: 0.0229->0.0347 | readout q100: 0.0339->0.1204,144,251,75,0.6145953233832343,0.9256901031789933,6,0.0008571502422178754,0.004051016058839674,0.03302420566068897,0.12043994504567851,0.00020496139583401252,0.00015459493999167093,0.00012209566271840193,2.7784766241489783e-05
4,10004,1,c4_day1,Fez,6,29,"readout q143: 0.0044->0.0230 | cz(143, 136): 0.0024->0.0089",146,228,66,0.7006987546938847,0.9470699450338212,6,0.0010165272170154964,0.008929973926222823,0.00928344702350714,0.02298583839104284,0.00013882111055209668,9.562081555389064e-05,0.00011291462876078286,9.144599425726836e-05
4,10004,2,c4_day2,Sherbrooke,6,29,"readout q58: 0.0093->0.0236 | ecr(77, 76): 0.0076->0.0197",235,349,72,0.4629629305818159,0.8916979908820712,6,0.0015933880149310235,0.01970370748301791,0.015740357345265334,0.023641362821592002,0.00030045777999759745,0.00022879595524938841,9.443992520510245e-05,2.4196989159075558e-05
4,10004,2,c4_day2,Torino,6,29,"readout q29: 0.0120->0.0321 | readout q29: 0.0321->0.0527 | cz(29, 36): 0.0039->0.0167",174,235,72,0.4973647391524807,0.9079660566160495,6,0.0017925214237693445,0.016718802649243268,0.023803664456123308,0.05273409611173986,0.00015300704376970922,5.9527434601436146e-05,0.00015600782096114192,0.00010472429134423937
4,10004,2,c4_day2,Fez,6,29,"cz(143, 142): 0.0033->0.0094",146,228,66,0.7084311034118435,0.9480103885667742,6,0.001042977834605342,0.009405878175998894,0.006184895833333333,0.0107421875,0.00013882111055209668,9.562081555389064e-05,0.00011291462876078286,9.144599425726836e-05
4,10004,3,c4_day3,Sherbrooke,6,29,readout q76: 0.0115->0.0254 | readout q71: 0.0178->0.0643,238,349,72,0.5308420406029718,0.9195950964394444,6,0.0011602120198639255,0.007731650573851945,0.023414938979172017,0.06429566384267663,0.00030045777999759745,0.00022879595524938841,9.443992520510245e-05,2.4196989159075558e-05
4,10004,3,c4_day3,Torino,6,29,readout q36: 0.0071->0.0185 | readout q28: 0.0063->0.0229,159,229,72,0.578826295913297,0.9184891641842171,6,0.0013750794299754955,0.007659549953425382,0.021662395530150397,0.040771484375,0.00015300704376970922,5.9527434601436146e-05,0.00015600782096114192,0.00010472429134423937
4,10004,3,c4_day3,Fez,6,29,readout q143: 0.0044->0.0227,158,241,72,0.7390423700974981,0.9443142797258791,6,0.0007812618708696413,0.003311355983104225,0.009522504552330282,0.022711199188981693,0.00012886042566963535,9.562081555389064e-05,9.854934845505242e-05,2.723830561991519e-05
4,10004,4,c4_day4,Sherbrooke,6,29,"readout q76: 0.0115->0.0497 | readout q76: 0.0497->0.1136 | ecr(78, 77): 0.0055->0.0144",239,379,78,0.3862254802896612,0.8760327847331971,6,0.0016578837508859562,0.014421938785850089,0.03037143060093785,0.11362506798062709,0.00030045777999759745,0.00022879595524938841,9.443992520510245e-05,2.4196989159075558e-05
4,10004,4,c4_day4,Torino,6,29,"readout q36: 0.0071->0.0228 | cz(29, 36): 0.0039->0.0113",145,229,69,0.5428157534653892,0.9088001058857144,6,0.0016436787053080496,0.011257114597175634,0.01962930869368622,0.040771484375,0.00015300704376970922,5.9527434601436146e-05,0.00015600782096114192,0.00010472429134423937
4,10004,4,c4_day4,Fez,6,29,"cz(143, 142): 0.0033->0.0134",179,239,72,0.627000885523492,0.9312635927525469,6,0.00137521333459299,0.013395168191686416,0.006184895833333333,0.0107421875,0.00013882111055209668,9.562081555389064e-05,0.00011291462876078286,9.144599425726836e-05
4,10004,5,c4_day5,Sherbrooke,6,29,"readout q103: 0.0088->0.0350 | readout q102: 0.0603->0.1137 | ecr(104, 103): 0.0047->0.0147",183,326,66,0.46298938586621596,0.8784836027491916,6,0.0013709689284398866,0.014726743635470819,0.03690830417232221,0.11370786545864801,0.0002801171384942188,0.00016771136230027628,0.00019086505536248857,2.7133052989838604e-05
4,10004,5,c4_day5,Torino,6,29,readout q27: 0.0305->0.0666,145,229,69,0.5807330298861322,0.9366810489251456,6,0.0013457271714276534,0.007659549953425382,0.023019143763024833,0.066581659453149,0.00015300704376970922,5.9527434601436146e-05,0.00015600782096114192,0.00010472429134423937
4,10004,5,c4_day5,Fez,6,29,readout q124: 0.0046->0.0105 | readout q124: 0.0105->0.0403,153,251,75,0.7110958167599792,0.9567116680836588,6,0.0008327903236078882,0.004046006358762122,0.011359128186527444,0.04032273786916467,0.00013520179862149434,9.562081555389064e-05,0.00010807474218878708,7.152777106683473e-05
4,10004,6,c4_day6,Sherbrooke,6,29,"ecr(71, 77): 0.0062->0.0097",238,349,72,0.5149220837403863,0.9082661982002033,6,0.0013796409019128182,0.009747108675467669,0.013346354166666666,0.017822265625,0.00030045777999759745,0.00022879595524938841,9.443992520510245e-05,2.4196989159075558e-05
4,10004,6,c4_day6,Torino,6,29,readout q98: 0.0190->0.0881 | readout q92: 0.0090->0.0144,158,241,72,0.6329169477187155,0.9215559995984298,6,0.0008867654763125942,0.004051016058839674,0.029047860866379876,0.08812309531709589,0.00020496139583401252,0.00015459493999167093,0.00012209566271840193,2.7784766241489783e-05
4,10004,6,c4_day6,Fez,6,29,"readout q144: 0.0107->0.0643 | readout q124: 0.0046->0.0136 | cz(144, 143): 0.0032->0.0115",181,239,75,0.6834481667217298,0.9205415048716351,6,0.0008865993354144743,0.011486522858386354,0.016561102368157957,0.06426328863605786,0.0001275609111738412,9.562081555389064e-05,0.00011476645099428512,9.360064375549623e-05
4,10004,7,c4_day7,Sherbrooke,6,29,"readout q111: 0.0457->0.1407 | readout q111: 0.1407->0.4000 | ecr(102, 103): 0.0063->0.0267",183,327,66,0.2676564770652192,0.7500703254599896,6,0.0017888182111112235,0.026678084738310313,0.08269856770833334,0.4,0.0002801171384942188,0.00016771136230027628,0.00019086505536248857,2.7133052989838604e-05
4,10004,7,c4_day7,Torino,6,29,"readout q27: 0.0305->0.0827 | cz(28, 27): 0.0062->0.0174",148,233,66,0.5475886138526002,0.9319614048159801,6,0.0014772527869400499,0.017404029185372944,0.02570029634741372,0.08266857495948232,0.00015300704376970922,5.9527434601436146e-05,0.00015600782096114192,0.00010472429134423937
4,10004,7,c4_day7,Fez,6,29,"readout q143: 0.0044->0.0074 | cz(143, 144): 0.0032->0.0082",145,229,69,0.7023361683486968,0.9430113066949051,6,0.0010479187949056713,0.008211356356209796,0.006691418522944283,0.0107421875,0.00013882111055209668,9.562081555389064e-05,0.00011291462876078286,9.144599425726836e-05
5,10005,0,c5_day0,Sherbrooke,5,11,normal,37,70,11,0.8738507649179842,0.9842127360184902,5,0.0010095144277643096,0.007850986624725387,0.010498046875,0.015625,0.0002497563615647794,0.00013252953230862786,0.00023682039453953814,7.063221921579745e-05
5,10005,0,c5_day0,Torino,5,11,normal,32,57,11,0.8814019483650088,0.9884469632460883,5,0.0009441907484728035,0.007659549953425382,0.012255859375,0.030517578125,0.00014009464988824769,5.9527434601436146e-05,0.00013905354692206692,0.00010472429134423937
5,10005,0,c5_day0,Fez,5,11,normal,40,66,14,0.9299805744451729,0.9895800217760918,5,0.0005761741056522346,0.0033999583821837653,0.0052734375,0.00634765625,0.00014703417777479512,9.562081555389064e-05,0.00011316194973297482,9.144599425726836e-05
5,10005,1,c5_day1,Sherbrooke,5,11,readout q101: 0.0037->0.0063,35,67,11,0.8716985136188693,0.9847781999247612,5,0.0010458028634768412,0.007850986624725387,0.011028199892642383,0.015625,0.0002497563615647794,0.00013252953230862786,0.00023682039453953814,7.063221921579745e-05
5,10005,1,c5_day1,Torino,5,11,"cz(29, 28): 0.0044->0.0172",32,57,11,0.8477326872244767,0.9869508328651876,5,0.0015107591052143528,0.01723579417065158,0.012255859375,0.030517578125,0.00014009464988824769,5.9527434601436146e-05,0.00013905354692206692,0.00010472429134423937
5,10005,1,c5_day1,Fez,5,11,"readout q141: 0.0049->0.0271 | cz(136, 143): 0.0024->0.0083",40,66,14,0.8879006990104004,0.9877905034231602,5,0.0008711375782543187,0.008333579111335768,0.009716816993525784,0.027099709967628918,0.00014703417777479512,9.562081555389064e-05,0.00011316194973297482,9.144599425726836e-05
5,10005,2,c5_day2,Sherbrooke,5,11,readout q100: 0.0134->0.0269,37,62,11,0.8619124350979287,0.985496012566068,5,0.0011208968536557792,0.007850986624725387,0.01318359375,0.02685546875,0.0002497563615647794,0.00013252953230862786,0.00023682039453953814,7.063221921579745e-05
5,10005,2,c5_day2,Torino,5,11,"readout q27: 0.0305->0.0715 | cz(29, 28): 0.0044->0.0129",32,57,11,0.8226411942317166,0.9884150444495257,5,0.0013201211253059534,0.012914666626061196,0.020455144911250746,0.07151400580625374,0.00014009464988824769,5.9527434601436146e-05,0.00013905354692206692,0.00010472429134423937
5,10005,2,c5_day2,Fez,5,11,readout q136: 0.0046->0.0093,32,57,11,0.9287741049156311,0.9892851155883121,5,0.0006281884846338164,0.004046006358762122,0.006201171875,0.00927734375,0.00012903326274513795,9.562081555389064e-05,0.00010072478293838896,7.152777106683473e-05
5,10005,3,c5_day3,Sherbrooke,5,11,"readout q118: 0.0125->0.0632 | ecr(99, 100): 0.0079->0.0372",35,67,11,0.7576916480034743,0.9795652100207761,5,0.002173985612629476,0.037183738102693896,0.02065584924428197,0.06324018372140985,0.0002497563615647794,0.00013252953230862786,0.00023682039453953814,7.063221921579745e-05
5,10005,3,c5_day3,Torino,5,11,"cz(98, 99): 0.0025->0.0063",40,66,14,0.8826202671870671,0.9765489821557697,5,0.0007286341637844888,0.00625290147758803,0.01318359375,0.02294921875,0.00019848302986387326,0.00015459493999167093,0.00010863385192096079,2.7784766241489783e-05
5,10005,3,c5_day3,Fez,5,11,readout q143: 0.0044->0.0161,32,57,11,0.9221853514697091,0.9899359947242288,5,0.0006281884846338164,0.004046006358762122,0.007607387895506306,0.016064283227531527,0.00012903326274513795,9.562081555389064e-05,0.00010072478293838896,7.152777106683473e-05
5,10005,4,c5_day4,Sherbrooke,5,11,readout q110: 0.0073->0.0146,37,70,11,0.8674032678821899,0.986816413766114,5,0.0010095144277643096,0.007850986624725387,0.011962890625,0.015625,0.0002497563615647794,0.00013252953230862786,0.00023682039453953814,7.063221921579745e-05
5,10005,4,c5_day4,Torino,5,11,readout q99: 0.0095->0.0178,40,66,14,0.8817755274437409,0.9851512748136695,5,0.0006357325343317279,0.003746277807441689,0.014845045532646275,0.02294921875,0.00019848302986387326,0.00015459493999167093,0.00010863385192096079,2.7784766241489783e-05
5,10005,4,c5_day4,Fez,5,11,"readout q142: 0.0061->0.0297 | cz(143, 142): 0.0033->0.0118",40,66,14,0.8773573976764664,0.9874109010189668,5,0.001000267042964549,0.011793214729350514,0.009999659196268924,0.029734624106344622,0.00014703417777479512,9.562081555389064e-05,0.00011316194973297482,9.144599425726836e-05
5,10005,5,c5_day5,Sherbrooke,5,11,readout q100: 0.0134->0.0269,38,63,11,0.8620831666153163,0.9816333828814923,5,0.0011030733110696813,0.007850986624725387,0.01318359375,0.02685546875,0.0002497563615647794,0.00013252953230862786,0.00023682039453953814,7.063221921579745e-05
5,10005,5,c5_day5,Torino,5,11,"readout q29: 0.0120->0.0329 | cz(30, 29): 0.0077->0.0299",32,57,11,0.8433241997070438,0.9840658835781434,5,0.0012717834633605694,0.029935854565793462,0.016450998655113642,0.0329385870255682,0.00014009464988824769,5.9527434601436146e-05,0.00013905354692206692,0.00010472429134423937
5,10005,5,c5_day5,Fez,5,11,"cz(136, 143): 0.0024->0.0113",40,66,14,0.8971988391959363,0.9918935647585018,5,0.0010216581681982344,0.011343990910214083,0.0052734375,0.00634765625,0.00014703417777479512,9.562081555389064e-05,0.00011316194973297482,9.144599425726836e-05
5,10005,6,c5_day6,Sherbrooke,5,11,readout q124: 0.0042->0.0214,46,77,14,0.8633286692625981,0.9839003937519493,5,0.0008996149155267555,0.006303480430202679,0.012873183444166589,0.021397167220832947,0.0002768752423068153,0.00023928033542071583,0.00022208770691632554,6.337555301919867e-05
5,10005,6,c5_day6,Torino,5,11,readout q80: 0.0229->0.0459,40,66,14,0.8683470865969467,0.9864689119650223,5,0.0006357325343317279,0.003746277807441689,0.0177734375,0.0458984375,0.00019848302986387326,0.00015459493999167093,0.00010863385192096079,2.7784766241489783e-05
5,10005,6,c5_day6,Fez,5,11,"readout q123: 0.0063->0.0193 | cz(136, 143): 0.0024->0.0083",40,66,14,0.8964927629788609,0.9846967465977945,5,0.0008686628790171019,0.008284085126591432,0.007869288982939439,0.019326913664697194,0.00014703417777479512,9.562081555389064e-05,0.00011316194973297482,9.144599425726836e-05
5,10005,7,c5_day7,Sherbrooke,5,11,"ecr(99, 100): 0.0079->0.0368",35,67,11,0.799755676053549,0.9753118462538889,5,0.002158790428184887,0.03678866330713459,0.010498046875,0.015625,0.0002497563615647794,0.00013252953230862786,0.00023682039453953814,7.063221921579745e-05
5,10005,7,c5_day7,Torino,5,11,"readout q98: 0.0190->0.0943 | cz(99, 92): 0.0032->0.0091",40,66,14,0.8065656331531392,0.9840266199503138,5,0.000856147026181841,0.00905673284535416,0.02823725459930655,0.09431127299653273,0.00019848302986387326,0.00015459493999167093,0.00010863385192096079,2.7784766241489783e-05
5,10005,7,c5_day7,Fez,5,11,"readout q123: 0.0063->0.0335 | cz(122, 123): 0.0040->0.0180",32,57,11,0.8822892872790955,0.9884825196950205,5,0.0010397350882293368,0.01803859088100982,0.010706329397361006,0.03351211573680503,0.00012903326274513795,9.562081555389064e-05,0.00010072478293838896,7.152777106683473e-05
6,10006,0,c6_day0,Sherbrooke,5,8,normal,30,70,12,0.8894606839562574,0.975785013709029,5,0.0008481937195622546,0.006303480430202679,0.009423828125,0.019775390625,0.0002768752423068153,0.00023928033542071583,0.00022208770691632554,6.337555301919867e-05
6,10006,0,c6_day0,Torino,5,8,normal,27,56,12,0.8942700846951966,0.9668840154465013,5,0.0006649169015196503,0.003746277807441689,0.01318359375,0.02294921875,0.00019848302986387326,0.00015459493999167093,0.00010863385192096079,2.7784766241489783e-05
6,10006,0,c6_day0,Fez,5,8,normal,25,57,12,0.9328542571960788,0.9723657845347302,5,0.0006233130848056621,0.0033999583821837653,0.0052734375,0.00634765625,0.00014703417777479512,9.562081555389064e-05,0.00011316194973297482,9.144599425726836e-05
6,10006,1,c6_day1,Sherbrooke,5,8,"ecr(123, 122): 0.0049->0.0092",34,73,12,0.8808955685852811,0.9731765397023965,5,0.0009313397354027242,0.009160420580700799,0.009423828125,0.019775390625,0.0002768752423068153,0.00023928033542071583,0.00022208770691632554,6.337555301919867e-05
6,10006,1,c6_day1,Torino,5,8,"cz(92, 80): 0.0031->0.0049",25,58,12,0.8926097174927785,0.9695338316917687,5,0.0006723334005919358,0.004945313842289225,0.01318359375,0.02294921875,0.00019848302986387326,0.00015459493999167093,0.00010863385192096079,2.7784766241489783e-05
6,10006,1,c6_day1,Fez,5,8,"readout q140: 0.0081->0.0249 | cz(141, 142): 0.0029->0.0072",30,59,12,0.9027516042291973,0.9669532933893163,5,0.0008007147659885764,0.007189581648158189,0.008990365199848275,0.024932294749241378,0.0001350813559158415,9.562081555389064e-05,9.592361336609829e-05,2.723830561991519e-05
6,10006,2,c6_day2,Sherbrooke,5,8,readout q123: 0.0078->0.0414 | readout q122: 0.0076->0.0282,29,74,12,0.8431136849884857,0.9515260748429026,5,0.000786225719713848,0.006303480430202679,0.020270500623939227,0.041364485807143386,0.0002768752423068153,0.00023928033542071583,0.00022208770691632554,6.337555301919867e-05
6,10006,2,c6_day2,Torino,5,8,"readout q29: 0.0120->0.0503 | readout q27: 0.0305->0.0893 | cz(28, 27): 0.0062->0.0216",33,56,12,0.7358547038763068,0.9180680982858969,5,0.002082429024823203,0.02163927636603249,0.031682465269416496,0.08928427276269163,0.00014009464988824769,5.9527434601436146e-05,0.00013905354692206692,0.00010472429134423937
6,10006,2,c6_day2,Fez,5,8,readout q142: 0.0061->0.0260 | readout q140: 0.0081->0.0285,30,59,12,0.8967202491860075,0.9684264520516378,5,0.0005603884670129385,0.003311355983104225,0.013676594620794536,0.028476816838569594,0.0001350813559158415,9.562081555389064e-05,9.592361336609829e-05,2.723830561991519e-05
6,10006,3,c6_day3,Sherbrooke,5,8,"readout q125: 0.0078->0.0406 | ecr(126, 125): 0.0046->0.0077",29,74,12,0.8512068587884131,0.9523754142160569,5,0.0009284801917319141,0.0076884620815732534,0.015980055112066467,0.04059363493533233,0.0002768752423068153,0.00023928033542071583,0.00022208770691632554,6.337555301919867e-05
6,10006,3,c6_day3,Torino,5,8,"readout q81: 0.0054->0.0286 | cz(92, 80): 0.0031->0.0112",27,56,12,0.8522243050285285,0.9701559489811039,5,0.0010233057054289255,0.011195254184701998,0.017825688707386277,0.02858156853693139,0.00019848302986387326,0.00015459493999167093,0.00010863385192096079,2.7784766241489783e-05
6,10006,3,c6_day3,Fez,5,8,readout q141: 0.0049->0.0265,30,59,12,0.913681165430313,0.9784262521666129,5,0.0005648055245038085,0.003311355983104225,0.009938263356272965,0.026497957406364826,0.0001350813559158415,9.562081555389064e-05,9.592361336609829e-05,2.723830561991519e-05
6,10006,4,c6_day4,Sherbrooke,5,8,readout q124: 0.0042->0.0126,34,73,12,0.8809683842351188,0.969518518517396,5,0.0008310814879230983,0.006303480430202679,0.011109526610426284,0.019775390625,0.0002768752423068153,0.00023928033542071583,0.00022208770691632554,6.337555301919867e-05
6,10006,4,c6_day4,Torino,5,8,readout q92: 0.0090->0.0228,25,57,12,0.8833491937537052,0.9579535658904751,5,0.0006300703585534744,0.003746277807441689,0.01594493321552903,0.02294921875,0.00019848302986387326,0.00015459493999167093,0.00010863385192096079,2.7784766241489783e-05
6,10006,4,c6_day4,Fez,5,8,readout q143: 0.0044->0.0168 | readout q141: 0.0049->0.0101,30,59,12,0.9175289797321974,0.9759360194324439,5,0.0005648055245038085,0.003311355983104225,0.00913247650047522,0.016775039412319618,0.0001350813559158415,9.562081555389064e-05,9.592361336609829e-05,2.723830561991519e-05
6,10006,5,c6_day5,Sherbrooke,5,8,readout q122: 0.0076->0.0270 | readout q123: 0.0078->0.0209,29,72,12,0.8623351932759381,0.959080707715088,5,0.0008031894875715412,0.006303480430202679,0.015930529744838887,0.026992106716175662,0.0002768752423068153,0.00023928033542071583,0.00022208770691632554,6.337555301919867e-05
6,10006,5,c6_day5,Torino,5,8,readout q98: 0.0190->0.0515 | readout q92: 0.0090->0.0214,30,59,12,0.8542517224373403,0.9709566976673475,5,0.0006319075221179252,0.003746277807441689,0.022134153640269036,0.051465601267268735,0.00019848302986387326,0.00015459493999167093,0.00010863385192096079,2.7784766241489783e-05
6,10006,5,c6_day5,Fez,5,8,"readout q140: 0.0081->0.0157 | cz(141, 140): 0.0027->0.0053",25,58,12,0.9204978997366516,0.9889793732470631,5,0.0006697890062260817,0.005264227185421063,0.007139749773875168,0.01567921761937584,0.0001350813559158415,9.562081555389064e-05,9.592361336609829e-05,2.723830561991519e-05
6,10006,6,c6_day6,Sherbrooke,5,8,readout q125: 0.0078->0.0156,29,74,12,0.8841768396147964,0.9611354589913123,5,0.000786225719713848,0.006303480430202679,0.010986328125,0.019775390625,0.0002768752423068153,0.00023928033542071583,0.00022208770691632554,6.337555301919867e-05
6,10006,6,c6_day6,Torino,5,8,"cz(92, 99): 0.0032->0.0136",27,56,12,0.8849480848713062,0.9662519872158101,5,0.0008177258009343535,0.0135700182228843,0.01318359375,0.02294921875,0.00019848302986387326,0.00015459493999167093,0.00010863385192096079,2.7784766241489783e-05
6,10006,6,c6_day6,Fez,5,8,"readout q123: 0.0063->0.0261 | cz(136, 143): 0.0024->0.0055",27,56,12,0.9077652381633481,0.9788693738532425,5,0.0007381114353228797,0.005451647967771711,0.009218306365602103,0.02607200057801052,0.00014703417777479512,9.562081555389064e-05,0.00011316194973297482,9.144599425726836e-05
6,10006,7,c6_day7,Sherbrooke,5,8,"readout q124: 0.0042->0.0173 | readout q124: 0.0173->0.0629 | ecr(125, 124): 0.0063->0.0276",35,73,12,0.7842017379246127,0.9248725050094901,5,0.0015715714893241764,0.027587845008479214,0.021174869333170414,0.06290559666585208,0.0002768752423068153,0.00023928033542071583,0.00022208770691632554,6.337555301919867e-05
6,10006,7,c6_day7,Torino,5,8,"cz(99, 98): 0.0025->0.0072",27,59,12,0.8798716907997988,0.9757468042012879,5,0.0008642464586063101,0.007228879385229842,0.01318359375,0.02294921875,0.00019848302986387326,0.00015459493999167093,0.00010863385192096079,2.7784766241489783e-05
6,10006,7,c6_day7,Fez,5,8,"readout q142: 0.0061->0.0193 | readout q143: 0.0044->0.0109 | cz(136, 143): 0.0024->0.0111",25,58,12,0.9004971303373298,0.9765309182383425,5,0.0008075672347293354,0.011057698585171052,0.00956129539946364,0.019294313773779798,0.0001350813559158415,9.562081555389064e-05,9.592361336609829e-05,2.723830561991519e-05
7,10007,0,c7_day0,Sherbrooke,4,22,normal,62,96,17,0.8433753924220293,0.9751772365987451,4,0.00114720093636298,0.007850986624725387,0.010009765625,0.015625,0.0002461171004796426,0.00013252953230862786,0.0002125036773353605,7.063221921579745e-05
7,10007,0,c7_day0,Torino,4,22,normal,56,83,17,0.8817902856975519,0.9840378500320569,4,0.0009468070581726442,0.007659549953425382,0.0076904296875,0.011962890625,0.0001236753781531724,5.9527434601436146e-05,0.00014682518479433284,0.00010472429134423937
7,10007,0,c7_day0,Fez,4,22,normal,69,94,23,0.9061948540526641,0.9805580647846898,4,0.0006694255723792801,0.003311355983104225,0.0050048828125,0.006103515625,0.00014494155734598587,9.562081555389064e-05,0.00011309494030264407,9.144599425726836e-05
7,10007,1,c7_day1,Sherbrooke,4,22,"ecr(99, 100): 0.0079->0.0137",62,96,17,0.8236271064670481,0.965948284004943,4,0.0013546254479953341,0.013706916813512455,0.010009765625,0.015625,0.0002461171004796426,0.00013252953230862786,0.0002125036773353605,7.063221921579745e-05
7,10007,1,c7_day1,Torino,4,22,readout q36: 0.0071->0.0338,56,83,17,0.8580331430593269,0.9794887500642838,4,0.0009468070581726442,0.007659549953425382,0.014378227397150214,0.033831268963600857,0.0001236753781531724,5.9527434601436146e-05,0.00014682518479433284,0.00010472429134423937
7,10007,1,c7_day1,Fez,4,22,"readout q96: 0.0024->0.0069 | readout q103: 0.0029->0.0068 | cz(103, 104): 0.0048->0.0233",56,83,17,0.8875360519335315,0.985998649877906,4,0.0009271173605427353,0.023304307507516497,0.006526392834524272,0.006860572477588816,0.0001515716190726661,0.00012339246491872296,0.00010502221049964733,8.856971895776478e-05
7,10007,2,c7_day2,Sherbrooke,4,22,"readout q99: 0.0156->0.0868 | ecr(101, 100): 0.0077->0.0251",62,96,17,0.728924877982557,0.9596574816246505,4,0.0017637925843261705,0.025081534895130077,0.02779282366972065,0.0867572321788826,0.0002461171004796426,0.00013252953230862786,0.0002125036773353605,7.063221921579745e-05
7,10007,2,c7_day2,Torino,4,22,readout q29: 0.0120->0.0391,56,83,17,0.8575798542691628,0.976001272076641,4,0.0009468070581726442,0.007659549953425382,0.014472315662322302,0.03909043452428921,0.0001236753781531724,5.9527434601436146e-05,0.00014682518479433284,0.00010472429134423937
7,10007,2,c7_day2,Fez,4,22,"readout q143: 0.0044->0.0117 | cz(143, 142): 0.0033->0.0115",69,94,23,0.8214976386290792,0.9634978036718301,4,0.0014397682559815844,0.011505000890510552,0.006820682328681254,0.011657729314725016,0.00014494155734598587,9.562081555389064e-05,0.00011309494030264407,9.144599425726836e-05
7,10007,3,c7_day3,Sherbrooke,4,22,"ecr(125, 124): 0.0063->0.0214",85,127,23,0.7740077315603486,0.9659044496257824,4,0.0015140784733888195,0.021358651426654916,0.0068359375,0.0078125,0.0002806395150267347,0.00023928033542071583,0.00025041012594210815,6.337555301919867e-05
7,10007,3,c7_day3,Torino,4,22,readout q29: 0.0120->0.0519,56,83,17,0.8445925123971734,0.9692313349141243,4,0.0009653641220644793,0.007659549953425382,0.017670652536650205,0.051883782021600815,0.0001236753781531724,5.9527434601436146e-05,0.00014682518479433284,0.00010472429134423937
7,10007,3,c7_day3,Fez,4,22,"readout q103: 0.0029->0.0120 | cz(104, 103): 0.0048->0.0173",56,83,17,0.869907847081937,0.9839519736845513,4,0.0011176295497678083,0.01729005552123152,0.0067329699720087635,0.012039301763035054,0.0001515716190726661,0.00012339246491872296,0.00010502221049964733,8.856971895776478e-05
7,10007,4,c7_day4,Sherbrooke,4,22,"ecr(110, 100): 0.0063->0.0294",62,96,17,0.682242272087728,0.9467551556893086,4,0.0029899546806711513,0.02942707715829257,0.010009765625,0.015625,0.0002461171004796426,0.00013252953230862786,0.0002125036773353605,7.063221921579745e-05
7,10007,4,c7_day4,Torino,4,22,readout q28: 0.0063->0.0117 | readout q29: 0.0120->0.0316,56,83,17,0.8580344638692807,0.9688878417126894,4,0.0009653641220644793,0.007659549953425382,0.013932104086842461,0.03160373153027615,0.0001236753781531724,5.9527434601436146e-05,0.00014682518479433284,0.00010472429134423937
7,10007,4,c7_day4,Fez,4,22,"readout q96: 0.0024->0.0093 | readout q104: 0.0063->0.0212 | cz(103, 102): 0.0033->0.0059",56,83,17,0.8782813766122466,0.9879456922900998,4,0.0008982310211011704,0.005934705011336948,0.009865081303225475,0.021169722213310052,0.0001515716190726661,0.00012339246491872296,0.00010502221049964733,8.856971895776478e-05
7,10007,5,c7_day5,Sherbrooke,4,22,readout q100: 0.0134->0.0269,62,96,17,0.8318839489847233,0.9715129924129766,4,0.0011473358837904822,0.007850986624725387,0.01336669921875,0.02685546875,0.0002461171004796426,0.00013252953230862786,0.0002125036773353605,7.063221921579745e-05
7,10007,5,c7_day5,Torino,4,22,"readout q29: 0.0120->0.0226 | readout q28: 0.0063->0.0176 | cz(29, 30): 0.0077->0.0376",56,83,17,0.7852157461132653,0.957743832017007,4,0.001863421854675252,0.03759480770711781,0.01317107430742396,0.0226102833504934,0.0001236753781531724,5.9527434601436146e-05,0.00014682518479433284,0.00010472429134423937
7,10007,5,c7_day5,Fez,4,22,readout q141: 0.0049->0.0210 | readout q136: 0.0046->0.0181,69,94,23,0.879517631634157,0.9682408801573594,4,0.0006694255723792801,0.003311355983104225,0.012383718306908539,0.020957011875147993,0.00014494155734598587,9.562081555389064e-05,0.00011309494030264407,9.144599425726836e-05
7,10007,6,c7_day6,Sherbrooke,4,22,"readout q125: 0.0078->0.0212 | ecr(124, 123): 0.0053->0.0190",85,127,23,0.698406204044464,0.9390917164811042,4,0.0021027670962629075,0.019014623849375037,0.01017367397712067,0.021163445908482684,0.0002806395150267347,0.00023928033542071583,0.00025041012594210815,6.337555301919867e-05
7,10007,6,c7_day6,Torino,4,22,readout q99: 0.0095->0.0524,69,94,23,0.8379609220501227,0.9726788866098459,4,0.0007281711084323747,0.003746277807441689,0.022430561706716742,0.052368731201866976,0.00019043703324203982,0.00015459493999167093,0.00012061807649362823,2.7784766241489783e-05
7,10007,6,c7_day6,Fez,4,22,"cz(103, 102): 0.0033->0.0146",56,83,17,0.8520005567270883,0.9786640432251088,4,0.0014155238132097197,0.014556251546479432,0.00445556640625,0.00634765625,0.0001515716190726661,0.00012339246491872296,0.00010502221049964733,8.856971895776478e-05
7,10007,7,c7_day7,Sherbrooke,4,22,"readout q101: 0.0037->0.0133 | ecr(101, 100): 0.0077->0.0315",62,96,17,0.7579280223338307,0.962007012366496,4,0.0019897730305594467,0.031469294766047075,0.012416193055315244,0.015625,0.0002461171004796426,0.00013252953230862786,0.0002125036773353605,7.063221921579745e-05
7,10007,7,c7_day7,Torino,4,22,"readout q80: 0.0229->0.0480 | cz(92, 80): 0.0031->0.0076",69,94,23,0.8114218245595791,0.9623373243208987,4,0.0011565403985020486,0.007628066169257079,0.017991836492380682,0.04804156471952272,0.00019043703324203982,0.00015459493999167093,0.00012061807649362823,2.7784766241489783e-05
7,10007,7,c7_day7,Fez,4,22,"readout q142: 0.0061->0.0155 | cz(143, 136): 0.0024->0.0087",69,94,23,0.8641763995066857,0.9744518997916741,4,0.0009925320351107647,0.008734885682558039,0.007344747176267501,0.015462973080070006,0.00014494155734598587,9.562081555389064e-05,0.00011309494030264407,9.144599425726836e-05
8,10008,0,c8_day0,Sherbrooke,6,19,normal,92,189,35,0.7063353170676482,0.9328322115255254,6,0.0012096452526276645,0.009034455276413444,0.012532552083333334,0.02587890625,0.0002903529676881636,0.00021071911926522037,0.00019916384758949157,2.7133052989838604e-05
8,10008,0,c8_day0,Torino,6,19,normal,83,128,35,0.7385654750801112,0.9454039052653019,6,0.0012212005615459198,0.007659549953425382,0.017008463541666668,0.040771484375,0.00015300704376970922,5.9527434601436146e-05,0.00015600782096114192,0.00010472429134423937
8,10008,0,c8_day0,Fez,6,19,normal,83,128,35,0.8572286043799366,0.9647833857249928,6,0.0007156692890512319,0.0033999583821837653,0.006184895833333333,0.0107421875,0.00013882111055209668,9.562081555389064e-05,0.00011291462876078286,9.144599425726836e-05
8,10008,1,c8_day1,Sherbrooke,6,19,"ecr(107, 106): 0.0088->0.0354",94,180,35,0.5614817666026217,0.8892852292912107,6,0.0023048913977430775,0.035372371227169914,0.012532552083333334,0.02587890625,0.0002903529676881636,0.00021071911926522037,0.00019916384758949157,2.7133052989838604e-05
8,10008,1,c8_day1,Torino,6,19,readout q28: 0.0063->0.0212 | readout q36: 0.0071->0.0217,83,128,35,0.7167533386968703,0.9362888058763077,6,0.0012212005615459198,0.007659549953425382,0.02193425457181869,0.040771484375,0.00015300704376970922,5.9527434601436146e-05,0.00015600782096114192,0.00010472429134423937
8,10008,1,c8_day1,Fez,6,19,"readout q142: 0.0061->0.0298 | readout q144: 0.0107->0.0410 | cz(142, 141): 0.0029->0.0094",83,128,35,0.7752992253835476,0.9296070616557035,6,0.0009917920996627234,0.009353506717008207,0.015173220116374717,0.04098178462481918,0.00013882111055209668,9.562081555389064e-05,0.00011291462876078286,9.144599425726836e-05
8,10008,2,c8_day2,Sherbrooke,6,19,"readout q107: 0.0259->0.0850 | readout q105: 0.0110->0.0384 | ecr(93, 87): 0.0090->0.0259",94,178,35,0.5656113145914862,0.9024387883827116,6,0.0018788756613878795,0.02594231325836337,0.026955951697483927,0.08502460179200645,0.0002903529676881636,0.00021071911926522037,0.00019916384758949157,2.7133052989838604e-05
8,10008,2,c8_day2,Torino,6,19,"readout q29: 0.0120->0.0521 | cz(29, 28): 0.0044->0.0138",77,127,35,0.6580608523334178,0.9126821218078323,6,0.0016811029309694026,0.013807211477074031,0.02369356260166997,0.05207348498501981,0.00015300704376970922,5.9527434601436146e-05,0.00015600782096114192,0.00010472429134423937
8,10008,2,c8_day2,Fez,6,19,readout q144: 0.0107->0.0354,77,131,38,0.8280288100499107,0.9642150887666256,6,0.0007356142507032408,0.003311355983104225,0.010583231330039246,0.03542321610523548,0.00012886042566963535,9.562081555389064e-05,9.854934845505242e-05,2.723830561991519e-05
8,10008,3,c8_day3,Sherbrooke,6,19,"readout q107: 0.0259->0.0777 | ecr(106, 105): 0.0062->0.0227",105,197,38,0.5436618990099698,0.9153032325301332,6,0.002036843859990508,0.02270873019100381,0.020565971058739762,0.07774152947743856,0.00030084925849499625,0.00021071911926522037,0.0001806460441814413,2.7133052989838604e-05
8,10008,3,c8_day3,Torino,6,19,"readout q36: 0.0071->0.0253 | readout q28: 0.0063->0.0167 | cz(36, 48): 0.0041->0.0086",83,128,35,0.6950910547870472,0.9447113737790888,6,0.0014142259884162153,0.00861357912134417,0.021771955295748838,0.040771484375,0.00015300704376970922,5.9527434601436146e-05,0.00015600782096114192,0.00010472429134423937
8,10008,3,c8_day3,Fez,6,19,readout q144: 0.0107->0.0215,78,128,35,0.8479523241224803,0.960719851503044,6,0.0007154315734713209,0.0033999583821837653,0.007975260416666666,0.021484375,0.00013882111055209668,9.562081555389064e-05,0.00011291462876078286,9.144599425726836e-05
8,10008,4,c8_day4,Sherbrooke,6,19,"ecr(106, 105): 0.0062->0.0141",94,180,35,0.6438654816321945,0.9307971564073072,6,0.0016866855170161363,0.014143621378742262,0.012532552083333334,0.02587890625,0.0002903529676881636,0.00021071911926522037,0.00019916384758949157,2.7133052989838604e-05
8,10008,4,c8_day4,Torino,6,19,"readout q92: 0.0090->0.0272 | cz(92, 99): 0.0032->0.0095",82,130,38,0.7374319749060685,0.9536219865054294,6,0.0010987290328601576,0.009502560576547674,0.019671537837829246,0.033935546875,0.00020496139583401252,0.00015459493999167093,0.00012209566271840193,2.7784766241489783e-05
8,10008,4,c8_day4,Fez,6,19,readout q136: 0.0046->0.0116 | readout q142: 0.0061->0.0126,86,131,38,0.83586757818699,0.9614412741830655,6,0.0007610048421732917,0.0033999583821837653,0.00837555660449509,0.012558564258377296,0.0001275609111738412,9.562081555389064e-05,0.00011476645099428512,9.360064375549623e-05
8,10008,5,c8_day5,Sherbrooke,6,19,"readout q101: 0.0037->0.0152 | ecr(99, 100): 0.0079->0.0325",97,177,35,0.5288893537457832,0.9173442753944318,6,0.002552239701106066,0.03252919635659726,0.014773575662460075,0.024658203125,0.0002506183673745268,0.00013252953230862786,0.00025753651351526893,7.063221921579745e-05
8,10008,5,c8_day5,Torino,6,19,"readout q28: 0.0063->0.0179 | cz(28, 27): 0.0062->0.0134",83,128,35,0.6934280127454308,0.9106916733036056,6,0.0015334877318803127,0.01344985186432232,0.018927392399135812,0.040771484375,0.00015300704376970922,5.9527434601436146e-05,0.00015600782096114192,0.00010472429134423937
8,10008,5,c8_day5,Fez,6,19,"readout q142: 0.0061->0.0330 | cz(143, 144): 0.0032->0.0109",76,125,35,0.7863708372728626,0.9545311213853725,6,0.0010945689522453054,0.010938091591919346,0.01066214049985819,0.03296698362414914,0.00013882111055209668,9.562081555389064e-05,0.00011291462876078286,9.144599425726836e-05
8,10008,6,c8_day6,Sherbrooke,6,19,readout q98: 0.0247->0.0554,97,177,35,0.6836577959616109,0.9216820963598094,6,0.001271766554641016,0.007850986624725387,0.017976408034108438,0.05536821382965063,0.0002506183673745268,0.00013252953230862786,0.00025753651351526893,7.063221921579745e-05
8,10008,6,c8_day6,Torino,6,19,"cz(29, 36): 0.0039->0.0080",83,128,35,0.7082745187499926,0.934671626806843,6,0.001476594474265364,0.008020905616472725,0.017008463541666668,0.040771484375,0.00015300704376970922,5.9527434601436146e-05,0.00015600782096114192,0.00010472429134423937
8,10008,6,c8_day6,Fez,6,19,readout q122: 0.0063->0.0212 | readout q122: 0.0212->0.0542,72,125,35,0.8126221440556917,0.9653364668130857,6,0.0007436272246129253,0.004046006358762122,0.014449268310979082,0.0542249067408745,0.0001351599649818646,9.562081555389064e-05,9.21330346534368e-05,4.917429322867596e-05
8,10008,7,c8_day7,Sherbrooke,6,19,"readout q71: 0.0178->0.0679 | ecr(78, 77): 0.0055->0.0088",112,199,38,0.6504409136699194,0.9268999404292014,6,0.001249066988693733,0.008817853266629098,0.021697146184336814,0.06792701773102088,0.00030045777999759745,0.00022879595524938841,9.443992520510245e-05,2.4196989159075558e-05
8,10008,7,c8_day7,Torino,6,19,readout q81: 0.0054->0.0092,82,130,38,0.7824148332006884,0.9560851518921577,6,0.0008352478864491911,0.004051016058839674,0.017278898870063793,0.033935546875,0.00020496139583401252,0.00015459493999167093,0.00012209566271840193,2.7784766241489783e-05
8,10008,7,c8_day7,Fez,6,19,readout q123: 0.0063->0.0231,76,125,35,0.8391620373868365,0.9589673669148042,6,0.0007559720661965015,0.0033999583821837653,0.008974254987219089,0.023083811173314532,0.00013882111055209668,9.562081555389064e-05,0.00011291462876078286,9.144599425726836e-05
9,10009,0,c9_day0,Sherbrooke,7,18,normal,92,231,43,0.5827543500898541,0.826275009752393,7,0.001602689924619117,0.01673895679641485,0.013846261160714286,0.045654296875,0.0002970185355217701,0.00016771136230027628,0.0002348170200384282,2.7133052989838604e-05
9,10009,0,c9_day0,Torino,7,18,normal,70,166,43,0.6850915591558462,0.8883310697323004,7,0.0012570650127367473,0.007659549953425382,0.016183035714285716,0.040771484375,0.00015201523650569675,5.9527434601436146e-05,0.0001477933213735572,9.850632384804888e-05
9,10009,0,c9_day0,Fez,7,18,normal,70,166,43,0.8226109800343172,0.9242851854914685,7,0.0007328713356901566,0.0033999583821837653,0.005964006696428571,0.0107421875,0.00013337264399165073,9.562081555389064e-05,0.00011143495717471131,9.144599425726836e-05
9,10009,1,c9_day1,Sherbrooke,7,18,"readout q111: 0.0457->0.2325 | readout q105: 0.0110->0.0345 | ecr(123, 122): 0.0049->0.0119",113,239,46,0.4676636722431869,0.7471294386431093,7,0.0014658973829865779,0.01673895679641485,0.04389623776305773,0.23247492480344892,0.0002970185355217701,0.00016771136230027628,0.0002348170200384282,2.7133052989838604e-05
9,10009,1,c9_day1,Torino,7,18,readout q47: 0.0134->0.0269,69,159,43,0.6926207829696029,0.8716377616620674,7,0.0011683537704381014,0.007659549953425382,0.018415178571428572,0.040771484375,0.00016042273186343259,5.9527434601436146e-05,0.00014353602309820495,6.870523592058317e-05
9,10009,1,c9_day1,Fez,7,18,"readout q141: 0.0049->0.0277 | readout q142: 0.0061->0.0139 | cz(142, 143): 0.0033->0.0096",70,166,43,0.7627834053405667,0.9319674869517556,7,0.000944080173355031,0.009617448421955476,0.010338507718508305,0.027695231068799436,0.00013337264399165073,9.562081555389064e-05,0.00011143495717471131,9.144599425726836e-05
9,10009,2,c9_day2,Sherbrooke,7,18,"readout q58: 0.0093->0.0240 | readout q58: 0.0240->0.0535 | ecr(77, 76): 0.0076->0.0162",95,219,43,0.6235664655380346,0.8471371974145973,7,0.0012732240314454683,0.016225509952399447,0.019326900354748027,0.05350119310823619,0.0002785342205398959,0.0001469928637936869,0.00011129393860718864,2.4196989159075558e-05
9,10009,2,c9_day2,Torino,7,18,readout q47: 0.0134->0.0269,69,159,43,0.6926207829696029,0.8812728932725631,7,0.0011683537704381014,0.007659549953425382,0.018415178571428572,0.040771484375,0.00016042273186343259,5.9527434601436146e-05,0.00014353602309820495,6.870523592058317e-05
9,10009,2,c9_day2,Fez,7,18,"readout q144: 0.0107->0.0242 | cz(136, 123): 0.0034->0.0151",70,166,43,0.6792034547447097,0.8588755960660501,7,0.0015759013072182565,0.015146175985475293,0.007889459192178075,0.02422035497024652,0.00013337264399165073,9.562081555389064e-05,0.00011143495717471131,9.144599425726836e-05
9,10009,3,c9_day3,Sherbrooke,7,18,"readout q119: 0.0115->0.0326 | ecr(119, 118): 0.0065->0.0114",95,260,49,0.5954434719574148,0.853082040702624,7,0.0013530304241129967,0.011441334979412719,0.013966876254709838,0.03258258690796887,0.0002484564571102669,0.00013252953230862786,0.0002322067343975155,7.063221921579745e-05
9,10009,3,c9_day3,Torino,7,18,"readout q29: 0.0120->0.0439 | cz(29, 28): 0.0044->0.0138",100,166,46,0.5993764250870233,0.8467822755994268,7,0.0015226657704742123,0.013773870422428275,0.026320036882719326,0.05029296875,0.0001733772831796748,5.9527434601436146e-05,0.00016260580396035445,0.00010472429134423937
9,10009,3,c9_day3,Fez,7,18,readout q124: 0.0046->0.0093,81,165,46,0.8148422330436055,0.919708566043323,7,0.0007487471563949699,0.0033999583821837653,0.006626674107142857,0.0107421875,0.00013337264399165073,9.562081555389064e-05,0.00011143495717471131,9.144599425726836e-05
9,10009,4,c9_day4,Sherbrooke,7,18,"readout q80: 0.0110->0.0582 | ecr(78, 77): 0.0055->0.0271",95,219,43,0.5277306789868,0.805456745145077,7,0.0018867930189893599,0.02712874243536139,0.019759410948473246,0.058237751639312704,0.0002785342205398959,0.0001469928637936869,0.00011129393860718864,2.4196989159075558e-05
9,10009,4,c9_day4,Torino,7,18,readout q30: 0.0054->0.0106,69,159,43,0.6984549667982364,0.8771810426386999,7,0.0011683537704381014,0.007659549953425382,0.017250261784896654,0.040771484375,0.00016042273186343259,5.9527434601436146e-05,0.00014353602309820495,6.870523592058317e-05
9,10009,4,c9_day4,Fez,7,18,"readout q143: 0.0044->0.0160 | cz(124, 123): 0.0032->0.0110",69,159,43,0.7952976871527406,0.9063145140841413,7,0.0008664669605248343,0.011000444529540387,0.007624983878607252,0.016021371525250766,0.00013337264399165073,9.562081555389064e-05,0.00011143495717471131,9.144599425726836e-05
9,10009,5,c9_day5,Sherbrooke,7,18,readout q103: 0.0088->0.0378,92,231,43,0.565680275367913,0.8336806467123024,7,0.001602689924619117,0.01673895679641485,0.01799503441053355,0.045654296875,0.0002970185355217701,0.00016771136230027628,0.0002348170200384282,2.7133052989838604e-05
9,10009,5,c9_day5,Torino,7,18,readout q27: 0.0305->0.0610,100,166,46,0.6289505025968817,0.8601832732055544,7,0.0013014324606176442,0.007659549953425382,0.026123046875,0.06103515625,0.0001733772831796748,5.9527434601436146e-05,0.00016260580396035445,0.00010472429134423937
9,10009,5,c9_day5,Fez,7,18,readout q136: 0.0046->0.0182,91,167,46,0.8063773058015946,0.9261082396967121,7,0.0007042416433088361,0.0033999583821837653,0.009231075187809506,0.018230807564666534,0.00014077673169589,9.562081555389064e-05,0.00011646817047098795,9.144599425726836e-05
9,10009,6,c9_day6,Sherbrooke,7,18,"ecr(78, 77): 0.0055->0.0109",92,215,43,0.6439796007132688,0.8591108275702943,7,0.0013451675333080995,0.010853605894697079,0.013009207589285714,0.017822265625,0.0002785342205398959,0.0001469928637936869,0.00011129393860718864,2.4196989159075558e-05
9,10009,6,c9_day6,Torino,7,18,"readout q30: 0.0054->0.0108 | cz(28, 27): 0.0062->0.0160",70,166,43,0.5873674679070352,0.8202110067960021,7,0.0019592926458367205,0.015962393728681086,0.016961276734009875,0.040771484375,0.00015201523650569675,5.9527434601436146e-05,0.0001477933213735572,9.850632384804888e-05
9,10009,6,c9_day6,Fez,7,18,"readout q136: 0.0046->0.0132 | readout q124: 0.0046->0.0081 | cz(143, 136): 0.0024->0.0096",69,159,43,0.7737691997496949,0.9134962207379856,7,0.0009998351082763442,0.009604834891016161,0.007680126805084441,0.013221701535302402,0.00013337264399165073,9.562081555389064e-05,0.00011143495717471131,9.144599425726836e-05
9,10009,7,c9_day7,Sherbrooke,7,18,"readout q77: 0.0088->0.0257 | ecr(78, 79): 0.0062->0.0137",95,219,43,0.601906681853259,0.8507487100434272,7,0.0015146600380942954,0.0136575406539472,0.015423908847946912,0.025691971310628385,0.0002785342205398959,0.0001469928637936869,0.00011129393860718864,2.4196989159075558e-05
9,10009,7,c9_day7,Torino,7,18,readout q27: 0.0305->0.1785 | readout q36: 0.0071->0.0162,70,166,43,0.5751789923639855,0.8419412479040539,7,0.0012570650127367473,0.007659549953425382,0.03862693108162664,0.1785418401285115,0.00015201523650569675,5.9527434601436146e-05,0.0001477933213735572,9.850632384804888e-05
9,10009,7,c9_day7,Fez,7,18,readout q124: 0.0046->0.0089,69,159,43,0.8202492208827266,0.9330920438530177,7,0.0007513515606424109,0.0033999583821837653,0.006570654779341077,0.0107421875,0.00013337264399165073,9.562081555389064e-05,0.00011143495717471131,9.144599425726836e-05
10,10010,0,c10_day0,Sherbrooke,7,11,normal,32,76,13,0.8588116623075319,0.9310416385482831,7,0.0008100028902058399,0.006303480430202679,0.011335100446428572,0.022216796875,0.00027221237170292894,0.00016310636822987974,0.00020730694258625754,6.337555301919867e-05
10,10010,0,c10_day0,Torino,7,11,normal,24,56,13,0.8326336557224232,0.8949418041549705,7,0.000740390506883911,0.00408020905993689,0.0185546875,0.053955078125,0.00020159056938907183,0.00015459493999167093,0.00011124320220967392,2.7784766241489783e-05
10,10010,0,c10_day0,Fez,7,11,normal,24,53,10,0.9267549480333366,0.9581981734920206,7,0.0005415852800834283,0.004046006358762122,0.005964006696428571,0.012451171875,0.00013136726934470872,9.562081555389064e-05,8.639298578281278e-05,4.917429322867596e-05
10,10010,1,c10_day1,Sherbrooke,7,11,readout q112: 0.0222->0.0850,44,80,13,0.8018009935502121,0.8635126118502956,7,0.0007994827779807313,0.006303480430202679,0.020310880053532165,0.08504725412472516,0.00027221237170292894,0.00016310636822987974,0.00020730694258625754,6.337555301919867e-05
10,10010,1,c10_day1,Torino,7,11,"readout q73: 0.0100->0.0523 | readout q92: 0.0090->0.0352 | cz(81, 82): 0.0041->0.0121",24,56,13,0.7513218369560247,0.8669438410825706,7,0.0012042820235068311,0.01208233772168226,0.02834424635119363,0.053955078125,0.00020159056938907183,0.00015459493999167093,0.00011124320220967392,2.7784766241489783e-05
10,10010,1,c10_day1,Fez,7,11,"readout q122: 0.0063->0.0171 | readout q143: 0.0044->0.0156 | cz(125, 126): 0.0029->0.0121",24,53,10,0.8980625010762884,0.9390707453587815,7,0.0006873734313038352,0.012115571778806903,0.00910033652280752,0.017088601126532096,0.00013136726934470872,9.562081555389064e-05,8.639298578281278e-05,4.917429322867596e-05
10,10010,2,c10_day2,Sherbrooke,7,11,readout q108: 0.0100->0.0424 | readout q122: 0.0076->0.0294,32,76,13,0.8124396237781687,0.9234403854576158,7,0.0008100028902058399,0.006303480430202679,0.01908096080693223,0.04242140447595531,0.00027221237170292894,0.00016310636822987974,0.00020730694258625754,6.337555301919867e-05
10,10010,2,c10_day2,Torino,7,11,"readout q81: 0.0054->0.0148 | readout q98: 0.0190->0.0300 | cz(99, 92): 0.0032->0.0147",24,56,13,0.7876451422622014,0.879513979483675,7,0.0012400071131768496,0.014670195007422062,0.02146761069240301,0.053955078125,0.00020159056938907183,0.00015459493999167093,0.00011124320220967392,2.7784766241489783e-05
10,10010,2,c10_day2,Fez,7,11,"readout q126: 0.0029->0.0082 | cz(136, 123): 0.0034->0.0159",24,53,10,0.9103246367633668,0.9607953896223201,7,0.0007401947339117364,0.015912353973367176,0.006710322876741959,0.012451171875,0.00013136726934470872,9.562081555389064e-05,8.639298578281278e-05,4.917429322867596e-05
10,10010,3,c10_day3,Sherbrooke,7,11,"ecr(124, 123): 0.0053->0.0212",44,80,13,0.8431468394985243,0.9352393659256858,7,0.0009706761861722179,0.021194509318119708,0.011335100446428572,0.022216796875,0.00027221237170292894,0.00016310636822987974,0.00020730694258625754,6.337555301919867e-05
10,10010,3,c10_day3,Torino,7,11,"cz(81, 82): 0.0041->0.0130",35,61,13,0.8028481740810451,0.8813605484286982,7,0.0011784560808865108,0.013044187911535252,0.0185546875,0.053955078125,0.00020159056938907183,0.00015459493999167093,0.00011124320220967392,2.7784766241489783e-05
10,10010,3,c10_day3,Fez,7,11,"readout q126: 0.0029->0.0140 | cz(124, 123): 0.0032->0.0154",24,53,10,0.894294421892292,0.951676226980617,7,0.0009268301265530995,0.015384553601251858,0.007544100589788195,0.013990344753517358,0.00013136726934470872,9.562081555389064e-05,8.639298578281278e-05,4.917429322867596e-05
10,10010,4,c10_day4,Sherbrooke,7,11,readout q108: 0.0100->0.0200,44,80,13,0.8481975375085515,0.9366514778846615,7,0.0007994827779807313,0.006303480430202679,0.012765066964285714,0.022216796875,0.00027221237170292894,0.00016310636822987974,0.00020730694258625754,6.337555301919867e-05
10,10010,4,c10_day4,Torino,7,11,"readout q99: 0.0095->0.0312 | readout q98: 0.0190->0.0505 | cz(80, 92): 0.0031->0.0051",35,61,13,0.7833636381206145,0.8682523128670576,7,0.0007741747131738242,0.005051472694643309,0.026152119114814586,0.053955078125,0.00020159056938907183,0.00015459493999167093,0.00011124320220967392,2.7784766241489783e-05
10,10010,4,c10_day4,Fez,7,11,"readout q126: 0.0029->0.0136 | readout q122: 0.0063->0.0177 | cz(124, 125): 0.0024->0.0059",24,53,10,0.8935605689031985,0.9307315984628783,7,0.0007664943961667256,0.005938475845707047,0.009109612145262689,0.017693311239146668,0.00013136726934470872,9.562081555389064e-05,8.639298578281278e-05,4.917429322867596e-05
10,10010,5,c10_day5,Sherbrooke,7,11,"readout q122: 0.0076->0.0323 | readout q125: 0.0078->0.0153 | ecr(125, 124): 0.0063->0.0271",44,80,13,0.761851773676782,0.8833162970117133,7,0.0016951303885784643,0.027127287376599966,0.015937632950280025,0.03229719657569237,0.00027221237170292894,0.00016310636822987974,0.00020730694258625754,6.337555301919867e-05
10,10010,5,c10_day5,Torino,7,11,"cz(81, 82): 0.0041->0.0094",35,61,13,0.8146148933791526,0.8737321183965846,7,0.0009840477948907576,0.009447634620613817,0.0185546875,0.053955078125,0.00020159056938907183,0.00015459493999167093,0.00011124320220967392,2.7784766241489783e-05
10,10010,5,c10_day5,Fez,7,11,"readout q124: 0.0046->0.0160 | cz(124, 123): 0.0032->0.0073",24,53,10,0.9087113913308199,0.9530518312164613,7,0.0006712352362972467,0.007333314558192495,0.007582880318792111,0.015970787231544777,0.00013136726934470872,9.562081555389064e-05,8.639298578281278e-05,4.917429322867596e-05
10,10010,6,c10_day6,Sherbrooke,7,11,"ecr(124, 123): 0.0053->0.0110",32,76,13,0.8441488641018811,0.9279560572476742,7,0.0010019231355308405,0.010967156300953143,0.011335100446428572,0.022216796875,0.00027221237170292894,0.00016310636822987974,0.00020730694258625754,6.337555301919867e-05
10,10010,6,c10_day6,Torino,7,11,"readout q73: 0.0100->0.0555 | cz(81, 82): 0.0041->0.0093",35,61,13,0.7778096381625398,0.8837080797818323,7,0.0009734000035326474,0.009250650480488778,0.02505189530387513,0.0554902202521259,0.00020159056938907183,0.00015459493999167093,0.00011124320220967392,2.7784766241489783e-05
10,10010,6,c10_day6,Fez,7,11,readout q126: 0.0029->0.0059,24,53,10,0.9240318678726119,0.9485653125274669,7,0.0005415852800834283,0.004046006358762122,0.006382533482142857,0.012451171875,0.00013136726934470872,9.562081555389064e-05,8.639298578281278e-05,4.917429322867596e-05
10,10010,7,c10_day7,Sherbrooke,7,11,"readout q122: 0.0076->0.0418 | ecr(126, 125): 0.0046->0.0082",32,76,13,0.8232440690841744,0.924489676116746,7,0.0008900369928802586,0.008191508502196467,0.016228937262354196,0.04182521708647936,0.00027221237170292894,0.00016310636822987974,0.00020730694258625754,6.337555301919867e-05
10,10010,7,c10_day7,Torino,7,11,readout q82: 0.0540->0.0820 | readout q92: 0.0090->0.0209,35,61,13,0.7980483433761284,0.8721066175122683,7,0.0006939166835028156,0.00408020905993689,0.024259449553404998,0.08200408393566871,0.00020159056938907183,0.00015459493999167093,0.00011124320220967392,2.7784766241489783e-05
10,10010,7,c10_day7,Fez,7,11,"cz(143, 136): 0.0024->0.0067",24,53,10,0.9227765814125116,0.9597888464067327,7,0.0006095589695916248,0.00671665209831047,0.005964006696428571,0.012451171875,0.00013136726934470872,9.562081555389064e-05,8.639298578281278e-05,4.917429322867596e-05
11,10011,0,c11_day0,Sherbrooke,7,15,normal,100,183,36,0.7433754010497245,0.9475007092785179,7,0.000977598366038967,0.006303480430202679,0.011614118303571428,0.021484375,0.0002730729771650103,0.00023928033542071583,0.00019942239479176744,1.565907859482999e-05
11,10011,0,c11_day0,Torino,7,15,normal,71,126,33,0.7391394814645489,0.9369083096956576,7,0.0013210357840466595,0.007659549953425382,0.012974330357142858,0.030517578125,0.00015410456289853745,5.9527434601436146e-05,0.00011787675149662644,3.136320201800166e-05
11,10011,0,c11_day0,Fez,7,15,normal,67,121,33,0.8498828430174533,0.9604731062537246,7,0.0007735082390742233,0.004046006358762122,0.006173270089285714,0.0107421875,0.00012985236659536722,9.562081555389064e-05,0.00010858949671893505,7.152777106683473e-05
11,10011,1,c11_day1,Sherbrooke,7,15,"readout q105: 0.0110->0.0347 | ecr(106, 105): 0.0062->0.0251",73,181,33,0.6039168763897949,0.943804410706174,7,0.0018330361242229261,0.025101359755324827,0.015380645297949205,0.03466647021064444,0.00029158046735509494,0.00021071911926522037,0.00020148760373429092,2.7133052989838604e-05
11,10011,1,c11_day1,Torino,7,15,readout q17: 0.0112->0.0322,68,125,36,0.7009990478446751,0.9469784568553574,7,0.001356741081395863,0.007659549953425382,0.019177965215650357,0.040771484375,0.00015201523650569675,5.9527434601436146e-05,0.0001477933213735572,9.850632384804888e-05
11,10011,1,c11_day1,Fez,7,15,"readout q142: 0.0061->0.0261 | cz(141, 140): 0.0027->0.0093",78,131,36,0.8173852444118466,0.9679249321421752,7,0.0008496865707676584,0.009310167649746286,0.008431212536908957,0.0260595033833627,0.00013307046909974494,9.562081555389064e-05,9.937214027758161e-05,2.723830561991519e-05
11,10011,2,c11_day2,Sherbrooke,7,15,"ecr(99, 100): 0.0079->0.0253",84,177,33,0.6742789082866482,0.9461413566486099,7,0.0015000928485399082,0.02527239741033888,0.010951450892857142,0.015625,0.0002484564571102669,0.00013252953230862786,0.0002322067343975155,7.063221921579745e-05
11,10011,2,c11_day2,Torino,7,15,"readout q30: 0.0054->0.0127 | cz(36, 29): 0.0039->0.0110",62,125,33,0.7132822208722717,0.9538611290367077,7,0.001360533565029349,0.011014070436166368,0.017236047125413444,0.040771484375,0.00015201523650569675,5.9527434601436146e-05,0.0001477933213735572,9.850632384804888e-05
11,10011,2,c11_day2,Fez,7,15,"readout q143: 0.0044->0.0147 | cz(143, 142): 0.0033->0.0096",71,126,36,0.7720038752603202,0.9520906929612939,7,0.001212753641797807,0.00955481740480679,0.008760322716223736,0.014691399638566149,0.00014077673169589,9.562081555389064e-05,0.00011646817047098795,9.144599425726836e-05
11,10011,3,c11_day3,Sherbrooke,7,15,readout q121: 0.0215->0.1220,100,184,36,0.6669179607451153,0.9254003028715947,7,0.0009738802640343247,0.006303480430202679,0.02597152863782964,0.12198624733980748,0.0002730729771650103,0.00023928033542071583,0.00019942239479176744,1.565907859482999e-05
11,10011,3,c11_day3,Torino,7,15,readout q29: 0.0120->0.0372,63,129,33,0.7151440062195163,0.9551828809409427,7,0.0011979513023572688,0.007659549953425382,0.019791621805737687,0.040771484375,0.00015201523650569675,5.9527434601436146e-05,0.0001477933213735572,9.850632384804888e-05
11,10011,3,c11_day3,Fez,7,15,"readout q122: 0.0063->0.0151 | readout q143: 0.0044->0.0067 | cz(136, 123): 0.0034->0.0052",75,126,36,0.8302186155104448,0.9552194634015283,7,0.0008468120009053821,0.005169104135140495,0.006921595295534919,0.015111800451688409,0.00013992197608963915,9.562081555389064e-05,0.0001056992067699987,7.152777106683473e-05
11,10011,4,c11_day4,Sherbrooke,7,15,readout q99: 0.0156->0.0680,84,178,33,0.6854412933604902,0.9391065132511397,7,0.0011617810888777788,0.007850986624725387,0.018429064562124287,0.06796829568486999,0.0002484564571102669,0.00013252953230862786,0.0002322067343975155,7.063221921579745e-05
11,10011,4,c11_day4,Torino,7,15,"readout q48: 0.0408->0.0874 | cz(28, 29): 0.0044->0.0079",62,125,33,0.6938693396644263,0.944396055989127,7,0.0012675071549418234,0.007875120483073107,0.022847783252393672,0.08742471714175572,0.00015201523650569675,5.9527434601436146e-05,0.0001477933213735572,9.850632384804888e-05
11,10011,4,c11_day4,Fez,7,15,"cz(123, 122): 0.0040->0.0079",68,125,36,0.8310139432972008,0.9555382995724327,7,0.0008680282955512083,0.007868380104338933,0.006417410714285714,0.012451171875,0.0001395720382706377,9.562081555389064e-05,9.966039233734263e-05,4.917429322867596e-05
11,10011,5,c11_day5,Sherbrooke,7,15,readout q119: 0.0115->0.0229,83,194,36,0.6941227637817208,0.9485653928140596,7,0.0011446917748198346,0.007850986624725387,0.014299665178571428,0.024658203125,0.00024480440752331305,0.00013252953230862786,0.00024524358554437386,7.063221921579745e-05
11,10011,5,c11_day5,Torino,7,15,readout q17: 0.0112->0.0225,68,125,36,0.708049591111859,0.9533633377379299,7,0.001356741081395863,0.007659549953425382,0.017787388392857144,0.040771484375,0.00015201523650569675,5.9527434601436146e-05,0.0001477933213735572,9.850632384804888e-05
11,10011,5,c11_day5,Fez,7,15,"readout q123: 0.0063->0.0141 | cz(136, 143): 0.0024->0.0084",63,129,33,0.8245629322348079,0.9652746767463714,7,0.0008607369635940154,0.008372499703751849,0.007558630565991361,0.014092054586939523,0.00013265245907254916,9.562081555389064e-05,0.00010067515402637319,2.723830561991519e-05
11,10011,6,c11_day6,Sherbrooke,7,15,"readout q93: 0.0098->0.0496 | ecr(93, 106): 0.0070->0.0149",71,176,33,0.6476284663167674,0.9315373359385799,7,0.0014698576516035077,0.014889206901374075,0.017694959413637128,0.04964596589545989,0.00029158046735509494,0.00021071911926522037,0.00020148760373429092,2.7133052989838604e-05
11,10011,6,c11_day6,Torino,7,15,"readout q28: 0.0063->0.0191 | cz(29, 36): 0.0039->0.0137",63,129,33,0.7032458708656193,0.9443009870577197,7,0.0013801667235338764,0.01369761758268259,0.018001767468985012,0.040771484375,0.00015201523650569675,5.9527434601436146e-05,0.0001477933213735572,9.850632384804888e-05
11,10011,6,c11_day6,Fez,7,15,"cz(136, 143): 0.0024->0.0111",68,125,36,0.8009550131880159,0.9609355400943211,7,0.0010952348295307206,0.011079267484795544,0.006417410714285714,0.012451171875,0.0001395720382706377,9.562081555389064e-05,9.966039233734263e-05,4.917429322867596e-05
11,10011,7,c11_day7,Sherbrooke,7,15,"readout q118: 0.0125->0.0371 | ecr(110, 118): 0.0061->0.0244",86,176,33,0.6056822024051575,0.92884189284325,7,0.0018073699269319046,0.024390688783765425,0.01705210328771995,0.03708933238903967,0.00024102067263949875,0.00013252953230862786,0.00021755675524040154,7.063221921579745e-05
11,10011,7,c11_day7,Torino,7,15,"readout q30: 0.0054->0.0103 | cz(28, 29): 0.0044->0.0210",68,125,36,0.6891159756435273,0.951014895632142,7,0.0015626529552736374,0.02096948393167063,0.016884523378376926,0.040771484375,0.00015201523650569675,5.9527434601436146e-05,0.0001477933213735572,9.850632384804888e-05
11,10011,7,c11_day7,Fez,7,15,"cz(136, 123): 0.0034->0.0064",68,128,36,0.8417049914154044,0.957814186498871,7,0.0007940686265570189,0.006417267917064505,0.005964006696428571,0.0107421875,0.00013337264399165073,9.562081555389064e-05,0.00011143495717471131,9.144599425726836e-05
12,10012,0,c12_day0,Sherbrooke,6,11,normal,55,90,18,0.8261191062421928,0.9766784069990375,6,0.0012483781723420804,0.007850986624725387,0.009236653645833334,0.015625,0.00023834331662973918,0.00013252953230862786,0.00022011669435759154,7.063221921579745e-05
12,10012,0,c12_day0,Torino,6,11,normal,44,62,15,0.8580196497466648,0.9809038603743111,6,0.0011122546365095606,0.007659549953425382,0.0111083984375,0.030517578125,0.00015529428257139984,5.9527434601436146e-05,0.00014971516845048116,0.00010472429134423937
12,10012,0,c12_day0,Fez,6,11,normal,39,62,15,0.9210960365303467,0.9881136395714454,6,0.0006465601572319505,0.003311355983104225,0.00537109375,0.0107421875,0.0001447365192250617,9.562081555389064e-05,0.00012099831177008259,9.144599425726836e-05
12,10012,1,c12_day1,Sherbrooke,6,11,"readout q111: 0.0457->0.1323 | ecr(105, 104): 0.0057->0.0097",52,87,15,0.7451218745921525,0.9817613298297391,6,0.0011072407078585543,0.009679810594428481,0.02851441320218627,0.13226811983811762,0.0002759249727943579,0.00016771136230027628,0.00019569306930023592,2.7133052989838604e-05
12,10012,1,c12_day1,Torino,6,11,"readout q27: 0.0305->0.1792 | readout q29: 0.0120->0.0330 | cz(29, 36): 0.0039->0.0143",44,62,15,0.6814908997804431,0.9695850471725479,6,0.0016565256429670323,0.014335201713452126,0.03940237101093917,0.17919818735255807,0.00015529428257139984,5.9527434601436146e-05,0.00014971516845048116,0.00010472429134423937
12,10012,1,c12_day1,Fez,6,11,readout q136: 0.0046->0.0142,44,62,15,0.9119240497729002,0.9878210162605612,6,0.000651785649766003,0.003311355983104225,0.006956631517465256,0.014151898479791536,0.0001447365192250617,9.562081555389064e-05,0.00012099831177008259,9.144599425726836e-05
12,10012,2,c12_day2,Sherbrooke,6,11,"ecr(124, 123): 0.0053->0.0093",42,98,18,0.8366130367815695,0.9777615180053941,6,0.0011000472598196713,0.009276557395822015,0.008341471354166666,0.019775390625,0.0002609423839147692,0.00018127809195453833,0.000207839454671581,6.337555301919867e-05
12,10012,2,c12_day2,Torino,6,11,"readout q99: 0.0095->0.0461 | readout q66: 0.0059->0.0200 | cz(98, 99): 0.0025->0.0122",35,67,18,0.8218992357556337,0.9600604876374419,6,0.0008437857714373808,0.012162563229673913,0.020409074122774897,0.04610459725033591,0.00021518103082993948,0.00015459493999167093,0.00014062666697468688,2.7784766241489783e-05
12,10012,2,c12_day2,Fez,6,11,readout q136: 0.0046->0.0093,35,67,18,0.912151969821051,0.9820288176693837,6,0.000677358715261388,0.003311355983104225,0.005696614583333333,0.00927734375,0.00014438398185117165,9.562081555389064e-05,0.00010692502539009795,2.723830561991519e-05
12,10012,3,c12_day3,Sherbrooke,6,11,"readout q123: 0.0078->0.0219 | ecr(124, 123): 0.0053->0.0089",60,103,18,0.8199901239918045,0.9829245591662299,6,0.0011018907013014213,0.00889929321521677,0.010691828973545458,0.021914645716272742,0.0002609423839147692,0.00018127809195453833,0.000207839454671581,6.337555301919867e-05
12,10012,3,c12_day3,Torino,6,11,readout q30: 0.0054->0.0196,39,62,15,0.8424683985147416,0.9787580392654314,6,0.0011617796855780656,0.007659549953425382,0.013487103793557421,0.030517578125,0.00015529428257139984,5.9527434601436146e-05,0.00014971516845048116,0.00010472429134423937
12,10012,3,c12_day3,Fez,6,11,"readout q142: 0.0061->0.0276 | readout q141: 0.0049->0.0086 | cz(142, 143): 0.0033->0.0055",35,67,18,0.8836979803520645,0.9809094005844873,6,0.0008034604205297229,0.005455084972665918,0.009123949929869722,0.02757180532882821,0.00014438398185117165,9.562081555389064e-05,0.00010692502539009795,2.723830561991519e-05
12,10012,4,c12_day4,Sherbrooke,6,11,readout q99: 0.0156->0.0312,45,80,15,0.8292329445594419,0.9752351536343559,6,0.0012118275451506848,0.007850986624725387,0.0118408203125,0.03125,0.00023834331662973918,0.00013252953230862786,0.00022011669435759154,7.063221921579745e-05
12,10012,4,c12_day4,Torino,6,11,"readout q92: 0.0090->0.0193 | readout q98: 0.0190->0.0588 | cz(92, 80): 0.0031->0.0066",35,67,18,0.818332285258706,0.9693136712229761,6,0.0008964351392681465,0.006597005428377947,0.020300279498640165,0.058839368840161776,0.00021518103082993948,0.00015459493999167093,0.00014062666697468688,2.7784766241489783e-05
12,10012,4,c12_day4,Fez,6,11,"readout q144: 0.0107->0.0626 | cz(143, 144): 0.0032->0.0099",44,62,15,0.8492861506369213,0.9805204442491167,6,0.000999672699198835,0.009895559898100129,0.01400706751468237,0.06255803008809421,0.0001447365192250617,9.562081555389064e-05,0.00012099831177008259,9.144599425726836e-05
12,10012,5,c12_day5,Sherbrooke,6,11,readout q74: 0.0029->0.0111,45,80,15,0.8357008099196915,0.9699865000553185,6,0.0012118275451506848,0.007850986624725387,0.010598818755688797,0.015625,0.00023834331662973918,0.00013252953230862786,0.00022011669435759154,7.063221921579745e-05
12,10012,5,c12_day5,Torino,6,11,"readout q80: 0.0229->0.1153 | cz(80, 81): 0.0037->0.0057",35,67,18,0.7899126023030127,0.975137461842037,6,0.0007540227687758658,0.005742149511409243,0.027356135403876575,0.11530868742325943,0.00021518103082993948,0.00015459493999167093,0.00014062666697468688,2.7784766241489783e-05
12,10012,5,c12_day5,Fez,6,11,"readout q142: 0.0061->0.0099 | cz(143, 142): 0.0033->0.0155",39,62,15,0.873609017161743,0.9816327003189914,6,0.0012783251932968098,0.01547283292735277,0.006003267257867655,0.0107421875,0.0001447365192250617,9.562081555389064e-05,0.00012099831177008259,9.144599425726836e-05
12,10012,6,c12_day6,Sherbrooke,6,11,readout q74: 0.0029->0.0047,45,80,15,0.8410897439366996,0.9780305762660091,6,0.0012118275451506848,0.007850986624725387,0.009536017660340545,0.015625,0.00023834331662973918,0.00013252953230862786,0.00022011669435759154,7.063221921579745e-05
12,10012,6,c12_day6,Torino,6,11,readout q29: 0.0120->0.0423,39,62,15,0.8284965947410686,0.9742674302011476,6,0.0011617796855780656,0.007659549953425382,0.01616314604975454,0.04229137629852724,0.00015529428257139984,5.9527434601436146e-05,0.00014971516845048116,0.00010472429134423937
12,10012,6,c12_day6,Fez,6,11,"readout q136: 0.0046->0.0208 | cz(140, 141): 0.0027->0.0044",35,67,18,0.9000396776769559,0.9819183515802993,6,0.0006974866128638582,0.004440997862788976,0.007609225460417684,0.020753009012506103,0.00014438398185117165,9.562081555389064e-05,0.00010692502539009795,2.723830561991519e-05
12,10012,7,c12_day7,Sherbrooke,6,11,readout q106: 0.0125->0.0281,52,87,15,0.8194764166589179,0.9854472274073495,6,0.0009518679748178546,0.00650888298658403,0.016690697004213946,0.045654296875,0.0002759249727943579,0.00016771136230027628,0.00019569306930023592,2.7133052989838604e-05
12,10012,7,c12_day7,Torino,6,11,readout q81: 0.0054->0.0312 | readout q98: 0.0190->0.0441,35,67,18,0.8296464241807288,0.9702566835377547,6,0.000730541925199777,0.003746277807441689,0.02045052506079943,0.044092788481102194,0.00021518103082993948,0.00015459493999167093,0.00014062666697468688,2.7784766241489783e-05
12,10012,7,c12_day7,Fez,6,11,readout q136: 0.0046->0.0104,39,62,15,0.9157347173800259,0.9867578219362682,6,0.0006465601572319505,0.003311355983104225,0.006336691533930514,0.0107421875,0.0001447365192250617,9.562081555389064e-05,0.00012099831177008259,9.144599425726836e-05
13,10013,0,c13_day0,Sherbrooke,6,16,normal,95,161,31,0.7796330751602437,0.9493880192180493,6,0.0009714227937186164,0.006303480430202679,0.01025390625,0.021484375,0.00027494878145465566,0.00023928033542071583,0.0002145264554548628,1.565907859482999e-05
13,10013,0,c13_day0,Torino,6,16,normal,71,117,31,0.7606419370575096,0.9523112119038769,6,0.0012625374858406411,0.007149550828637552,0.014241536458333334,0.030517578125,0.00016149496557519023,5.9527434601436146e-05,0.00011883393753481318,3.136320201800166e-05
13,10013,0,c13_day0,Fez,6,16,normal,59,111,28,0.8731279833441948,0.9766059776545196,6,0.0007089357057017237,0.0033999583821837653,0.006144205729166667,0.0107421875,0.0001275609111738412,9.562081555389064e-05,0.00011476645099428512,9.360064375549623e-05
13,10013,1,c13_day1,Sherbrooke,6,16,"readout q122: 0.0076->0.0285 | ecr(120, 121): 0.0056->0.0089",97,164,31,0.7437683918489686,0.9372861308800634,6,0.0010878403893273085,0.008903905961810978,0.013740598404606973,0.02848851230264184,0.00027494878145465566,0.00023928033542071583,0.0002145264554548628,1.565907859482999e-05
13,10013,1,c13_day1,Torino,6,16,"readout q8: 0.0183->0.0577 | cz(28, 29): 0.0044->0.0103",67,117,31,0.7026925359203497,0.9547158348290283,6,0.0015196679736547744,0.010342919653746748,0.020800916540542214,0.05766682736825328,0.00016149496557519023,5.9527434601436146e-05,0.00011883393753481318,3.136320201800166e-05
13,10013,1,c13_day1,Fez,6,16,"readout q123: 0.0063->0.0279 | cz(142, 143): 0.0033->0.0076",71,117,31,0.8275135540596493,0.9662078159338939,6,0.0009192903053699686,0.007619078580233188,0.0087540414495246,0.0278660455721476,0.00013930878891715842,9.562081555389064e-05,0.00011139444605385935,9.144599425726836e-05
13,10013,2,c13_day2,Sherbrooke,6,16,"ecr(111, 104): 0.0065->0.0251",81,150,28,0.6241918482057576,0.925249206618147,6,0.0021076385080864334,0.025076178555930848,0.015218098958333334,0.045654296875,0.0002936812990008389,0.00016771136230027628,0.00017998619536918145,2.7133052989838604e-05
13,10013,2,c13_day2,Torino,6,16,"readout q99: 0.0095->0.0276 | readout q100: 0.0339->0.0938 | cz(99, 98): 0.0025->0.0048",59,111,28,0.7417057208166413,0.9514600967895154,6,0.000828937225303188,0.0048424602469447145,0.029633733443448083,0.09376616503943783,0.00020496139583401252,0.00015459493999167093,0.00012209566271840193,2.7784766241489783e-05
13,10013,2,c13_day2,Fez,6,16,"readout q136: 0.0046->0.0091 | cz(142, 143): 0.0033->0.0111",59,111,28,0.8624620602495575,0.968948186825086,6,0.0007647657657859976,0.011071734334818303,0.006884814362338682,0.0107421875,0.0001275609111738412,9.562081555389064e-05,0.00011476645099428512,9.360064375549623e-05
13,10013,3,c13_day3,Sherbrooke,6,16,readout q105: 0.0110->0.0491,81,150,28,0.7247596913487846,0.9504006658819774,6,0.0010645320154265,0.007018833327466167,0.021566609949848225,0.04907739407408933,0.0002936812990008389,0.00016771136230027628,0.00017998619536918145,2.7133052989838604e-05
13,10013,3,c13_day3,Torino,6,16,readout q27: 0.0305->0.1366 | readout q28: 0.0063->0.0233,67,117,31,0.6643167652520953,0.9464500786205828,6,0.0012784784505776006,0.007149550828637552,0.03473873729740091,0.13658714599825653,0.00016149496557519023,5.9527434601436146e-05,0.00011883393753481318,3.136320201800166e-05
13,10013,3,c13_day3,Fez,6,16,"readout q144: 0.0107->0.0450 | cz(143, 142): 0.0033->0.0158",59,111,28,0.8219317809912825,0.9661325394915192,6,0.0008886129147244061,0.01579892201018065,0.011848222526328446,0.04496628828297068,0.0001275609111738412,9.562081555389064e-05,0.00011476645099428512,9.360064375549623e-05
13,10013,4,c13_day4,Sherbrooke,6,16,"readout q125: 0.0078->0.0207 | readout q125: 0.0207->0.0382 | ecr(123, 122): 0.0049->0.0106",95,162,31,0.72995659695099,0.9568069950940079,6,0.0011447848653396758,0.010601696112750813,0.015324112360486891,0.03823373666292135,0.00027494878145465566,0.00023928033542071583,0.0002145264554548628,1.565907859482999e-05
13,10013,4,c13_day4,Torino,6,16,readout q92: 0.0090->0.0511,62,106,25,0.7853511592527935,0.964214698208938,6,0.0007416264624755284,0.004051016058839674,0.02364549181336284,0.05105263838017703,0.00020496139583401252,0.00015459493999167093,0.00012209566271840193,2.7784766241489783e-05
13,10013,4,c13_day4,Fez,6,16,"readout q142: 0.0061->0.0105 | cz(143, 136): 0.0024->0.0114",62,106,25,0.8627284797603025,0.9754151356775154,6,0.0008093079362139154,0.011364363857790265,0.006870815158641955,0.0107421875,0.0001275609111738412,9.562081555389064e-05,0.00011476645099428512,9.360064375549623e-05
13,10013,5,c13_day5,Sherbrooke,6,16,readout q125: 0.0078->0.0156,92,164,31,0.7703177756377951,0.9497341390379996,6,0.0009774718349017367,0.006303480430202679,0.011555989583333334,0.021484375,0.00027494878145465566,0.00023928033542071583,0.0002145264554548628,1.565907859482999e-05
13,10013,5,c13_day5,Torino,6,16,readout q27: 0.0305->0.0799,67,117,31,0.7201903830328655,0.9570706146513922,6,0.0012784784505776006,0.007149550828637552,0.02247210910716757,0.07990101401800544,0.00016149496557519023,5.9527434601436146e-05,0.00011883393753481318,3.136320201800166e-05
13,10013,5,c13_day5,Fez,6,16,readout q124: 0.0046->0.0093,59,111,28,0.8690589542336873,0.975891991783804,6,0.0007089357057017237,0.0033999583821837653,0.006917317708333333,0.0107421875,0.0001275609111738412,9.562081555389064e-05,0.00011476645099428512,9.360064375549623e-05
13,10013,6,c13_day6,Sherbrooke,6,16,"readout q104: 0.0037->0.0065 | readout q111: 0.0457->0.1210 | ecr(106, 105): 0.0062->0.0158",81,150,28,0.6531019959012608,0.9498760327651676,6,0.001388610458466912,0.01579322562741176,0.028242530781075043,0.1209914558745935,0.0002936812990008389,0.00016771136230027628,0.00017998619536918145,2.7133052989838604e-05
13,10013,6,c13_day6,Torino,6,16,"readout q92: 0.0090->0.0233 | cz(81, 80): 0.0037->0.0126",59,111,28,0.7904727104318695,0.9569203964515884,6,0.0008591112270891789,0.012551711950628654,0.019014424364688625,0.033935546875,0.00020496139583401252,0.00015459493999167093,0.00012209566271840193,2.7784766241489783e-05
13,10013,6,c13_day6,Fez,6,16,readout q142: 0.0061->0.0288,59,111,28,0.8532237036395923,0.971904606951341,6,0.0007089357057017237,0.0033999583821837653,0.009920435942033125,0.02876089690219875,0.0001275609111738412,9.562081555389064e-05,0.00011476645099428512,9.360064375549623e-05
13,10013,7,c13_day7,Sherbrooke,6,16,readout q120: 0.0127->0.0561,95,161,31,0.7453798609884326,0.9524293952250059,6,0.0009714227937186164,0.006303480430202679,0.01748345221447384,0.05607258828684304,0.00027494878145465566,0.00023928033542071583,0.0002145264554548628,1.565907859482999e-05
13,10013,7,c13_day7,Torino,6,16,"readout q80: 0.0229->0.0390 | cz(99, 98): 0.0025->0.0072",59,111,28,0.7884885912260733,0.9587811520018874,6,0.0008623882222667265,0.007167304535910639,0.01931540060005828,0.03898810672534969,0.00020496139583401252,0.00015459493999167093,0.00012209566271840193,2.7784766241489783e-05
13,10013,7,c13_day7,Fez,6,16,"cz(143, 144): 0.0032->0.0146",59,111,28,0.7869533634093364,0.952886080021135,6,0.0014498356777382273,0.014641522653526341,0.006144205729166667,0.0107421875,0.0001275609111738412,9.562081555389064e-05,0.00011476645099428512,9.360064375549623e-05
14,10014,0,c14_day0,Sherbrooke,5,9,normal,42,69,12,0.9028967031377843,0.9899007006588684,5,0.000883802495958919,0.006303480430202679,0.0060546875,0.0078125,0.00026076723041229544,0.00018127809195453833,0.00022764773944325818,6.337555301919867e-05
14,10014,0,c14_day0,Torino,5,9,normal,35,57,12,0.9046809993602887,0.9779891993019159,5,0.0006809391392719763,0.003746277807441689,0.010546875,0.02294921875,0.00021208383372568605,0.00015459493999167093,0.00015661260964356608,2.7784766241489783e-05
14,10014,0,c14_day0,Fez,5,9,normal,35,57,12,0.9387358736024133,0.9854902367019994,5,0.0006033373827906767,0.003311355983104225,0.004296875,0.006103515625,0.00015413266818235314,9.562081555389064e-05,0.0001228623693441345,9.144599425726836e-05
14,10014,1,c14_day1,Sherbrooke,5,9,"readout q74: 0.0029->0.0148 | ecr(125, 124): 0.0063->0.0151",42,69,12,0.8608959366818806,0.9708351869454582,5,0.0013187248017777864,0.015110657123034742,0.008438143513045376,0.014846967565226884,0.00026076723041229544,0.00018127809195453833,0.00022764773944325818,6.337555301919867e-05
14,10014,1,c14_day1,Torino,5,9,readout q92: 0.0090->0.0503 | readout q92: 0.0503->0.0896,36,63,12,0.8303306401168433,0.9916012968312842,5,0.0006388464367371691,0.003746277807441689,0.026666054619349466,0.08962910122174733,0.00021208383372568605,0.00015459493999167093,0.00015661260964356608,2.7784766241489783e-05
14,10014,1,c14_day1,Fez,5,9,"readout q4: 0.0015->0.0066 | cz(143, 142): 0.0033->0.0131",35,57,12,0.8891067072416272,0.9855901615500762,5,0.0013102251072586973,0.013066406580762913,0.005320444285312106,0.00658269017656053,0.00015413266818235314,9.562081555389064e-05,0.0001228623693441345,9.144599425726836e-05
14,10014,2,c14_day2,Sherbrooke,5,9,readout q123: 0.0078->0.0432,41,70,12,0.8702418624209928,0.9758021286048502,5,0.0008793806906394972,0.006303480430202679,0.013131098191880602,0.04319455345940301,0.00026076723041229544,0.00018127809195453833,0.00022764773944325818,6.337555301919867e-05
14,10014,2,c14_day2,Torino,5,9,readout q80: 0.0229->0.1009,35,57,12,0.8324860585504749,0.9458343654955278,5,0.0006809391392719763,0.003746277807441689,0.026140907232445377,0.10091937991222688,0.00021208383372568605,0.00015459493999167093,0.00015661260964356608,2.7784766241489783e-05
14,10014,2,c14_day2,Fez,5,9,"cz(102, 103): 0.0033->0.0071",43,58,12,0.9180462302409341,0.9876512520834241,5,0.0009430860243307437,0.00706486846911656,0.003857421875,0.00634765625,0.00015943671756369731,0.00012339246491872296,0.00011640418550173713,8.856971895776478e-05
14,10014,3,c14_day3,Sherbrooke,5,9,"ecr(123, 122): 0.0049->0.0179",42,69,12,0.8453720556448634,0.9726978818822897,5,0.0016872520939030804,0.01791532854951211,0.0060546875,0.0078125,0.00026076723041229544,0.00018127809195453833,0.00022764773944325818,6.337555301919867e-05
14,10014,3,c14_day3,Torino,5,9,"readout q81: 0.0054->0.0091 | cz(99, 92): 0.0032->0.0120",36,63,12,0.8845759202783129,0.9804124379130699,5,0.0008738261963806222,0.011990754049313972,0.011298639263198509,0.02294921875,0.00021208383372568605,0.00015459493999167093,0.00015661260964356608,2.7784766241489783e-05
14,10014,3,c14_day3,Fez,5,9,readout q102: 0.0061->0.0107 | readout q96: 0.0024->0.0065,40,62,12,0.9193315367757132,0.9823492785129366,5,0.000756415046932061,0.00475732006683538,0.005584725436173499,0.010699133958574355,0.00015943671756369731,0.00012339246491872296,0.00011640418550173713,8.856971895776478e-05
14,10014,4,c14_day4,Sherbrooke,5,9,"readout q123: 0.0078->0.0385 | ecr(124, 123): 0.0053->0.0188",41,70,12,0.8164999707420106,0.9661614136139782,5,0.0017058213256180175,0.01882714876995919,0.012200454540552158,0.03854133520276079,0.00026076723041229544,0.00018127809195453833,0.00022764773944325818,6.337555301919867e-05
14,10014,4,c14_day4,Torino,5,9,readout q81: 0.0054->0.0121 | readout q81: 0.0121->0.0435,35,57,12,0.8700015105193925,0.9865645346097877,5,0.0006809391392719763,0.003746277807441689,0.018172374392497546,0.04349859071248774,0.00021208383372568605,0.00015459493999167093,0.00015661260964356608,2.7784766241489783e-05
14,10014,4,c14_day4,Fez,5,9,readout q96: 0.0024->0.0079 | readout q96: 0.0079->0.0218,40,62,12,0.9093680819282122,0.9859346275734565,5,0.000756415046932061,0.00475732006683538,0.007727910420281411,0.021793848976407057,0.00015943671756369731,0.00012339246491872296,0.00011640418550173713,8.856971895776478e-05
14,10014,5,c14_day5,Sherbrooke,5,9,"readout q122: 0.0076->0.0300 | ecr(123, 122): 0.0049->0.0121",41,70,12,0.8630276265864502,0.989831111525961,5,0.0011428602044525845,0.012101218440374423,0.010537871496095199,0.02998427935547599,0.00026076723041229544,0.00018127809195453833,0.00022764773944325818,6.337555301919867e-05
14,10014,5,c14_day5,Torino,5,9,readout q92: 0.0090->0.0181,36,63,12,0.8956015076326238,0.9821915821188203,5,0.0006388464367371691,0.003746277807441689,0.012353515625,0.02294921875,0.00021208383372568605,0.00015459493999167093,0.00015661260964356608,2.7784766241489783e-05
14,10014,5,c14_day5,Fez,5,9,"readout q143: 0.0044->0.0107 | cz(141, 142): 0.0029->0.0144",36,63,12,0.9237260230716744,0.9838178303463594,5,0.000684249824932285,0.014360561617722976,0.005554408664240154,0.010682199571200767,0.00015413266818235314,9.562081555389064e-05,0.0001228623693441345,9.144599425726836e-05
14,10014,6,c14_day6,Sherbrooke,5,9,"readout q124: 0.0042->0.0165 | ecr(123, 122): 0.0049->0.0121",42,69,12,0.8596919243967608,0.9799275076002518,5,0.0013311970215108813,0.012147236376758486,0.008525551745321398,0.01650471185160699,0.00026076723041229544,0.00018127809195453833,0.00022764773944325818,6.337555301919867e-05
14,10014,6,c14_day6,Torino,5,9,"readout q36: 0.0071->0.0391 | readout q30: 0.0054->0.0132 | cz(36, 29): 0.0039->0.0169",40,62,12,0.8370910735967061,0.9797895198336349,5,0.0013567250463762505,0.01690266341939004,0.015196572488989438,0.0391348863095514,0.00014519879171997005,5.9527434601436146e-05,0.00015806480305397672,0.00010472429134423937
14,10014,6,c14_day6,Fez,5,9,"readout q141: 0.0049->0.0200 | cz(143, 136): 0.0024->0.0121",36,63,12,0.8995202058632371,0.9780943085305449,5,0.0009169128005295264,0.012063141308019245,0.007324324643066251,0.020020060715331255,0.00015413266818235314,9.562081555389064e-05,0.0001228623693441345,9.144599425726836e-05
14,10014,7,c14_day7,Sherbrooke,5,9,"readout q125: 0.0078->0.0250 | ecr(124, 123): 0.0053->0.0239",41,70,12,0.8066684708473623,0.9725147755768524,5,0.0020167673796468648,0.02392666405603228,0.009501041438103656,0.025044269690518275,0.00026076723041229544,0.00018127809195453833,0.00022764773944325818,6.337555301919867e-05
14,10014,7,c14_day7,Torino,5,9,readout q81: 0.0054->0.0235,43,58,12,0.8864298362865269,0.9762025375589605,5,0.0009385673226993207,0.007659549953425382,0.010859483523220378,0.023535698866101892,0.00014519879171997005,5.9527434601436146e-05,0.00015806480305397672,0.00010472429134423937
14,10014,7,c14_day7,Fez,5,9,readout q136: 0.0046->0.0093,35,57,12,0.9343610927345088,0.9903882209344848,5,0.0006033373827906767,0.003311355983104225,0.005224609375,0.00927734375,0.00015413266818235314,9.562081555389064e-05,0.0001228623693441345,9.144599425726836e-05
15,10015,0,c15_day0,Sherbrooke,8,19,normal,141,278,53,0.6029877155324563,0.8929145177836357,8,0.0011969883995055497,0.008122971041865934,0.013427734375,0.03076171875,0.000245954681501054,0.00013252953230862786,0.00022409455463109063,7.063221921579745e-05
15,10015,0,c15_day0,Torino,8,19,normal,110,192,56,0.6188642003932958,0.8883005302863055,8,0.001393837877389081,0.007659549953425382,0.016448974609375,0.040771484375,0.0001620376191833474,5.9527434601436146e-05,0.00013323955645411277,3.136320201800166e-05
15,10015,0,c15_day0,Fez,8,19,normal,101,183,53,0.7854728391700605,0.9176645269615905,8,0.0008102278106628143,0.004046006358762122,0.0062255859375,0.012451171875,0.00014315591359912147,9.562081555389064e-05,9.863359257733334e-05,4.917429322867596e-05
15,10015,1,c15_day1,Sherbrooke,8,19,"ecr(93, 106): 0.0070->0.0172",156,309,59,0.5276507525966712,0.9125582324685965,8,0.001464774348053607,0.0171572726602349,0.012115478515625,0.02587890625,0.0002738413357907301,0.00014966741484017624,0.000193632716159397,2.7133052989838604e-05
15,10015,1,c15_day1,Torino,8,19,"cz(29, 30): 0.0077->0.0358",112,193,56,0.5510639832485906,0.9121975247109361,8,0.0018441529421708732,0.03579955241331045,0.016448974609375,0.040771484375,0.0001620376191833474,5.9527434601436146e-05,0.00013323955645411277,3.136320201800166e-05
15,10015,1,c15_day1,Fez,8,19,readout q136: 0.0046->0.0276,108,196,56,0.7613505516204478,0.9159544520911875,8,0.000766467168583561,0.0033999583821837653,0.00982829012586635,0.0276009303819308,0.00013576487081252563,9.562081555389064e-05,0.00011472926511939969,9.144599425726836e-05
15,10015,2,c15_day2,Sherbrooke,8,19,"readout q107: 0.0259->0.1024 | readout q105: 0.0110->0.0324 | ecr(93, 106): 0.0070->0.0289",127,269,53,0.44209053959598776,0.8956263369267402,8,0.0018941083483466955,0.028881686790088745,0.02435055788222412,0.10236969394733027,0.0002738413357907301,0.00014966741484017624,0.000193632716159397,2.7133052989838604e-05
15,10015,2,c15_day2,Torino,8,19,"readout q31: 0.0503->0.1479 | cz(32, 33): 0.0023->0.0044",113,200,59,0.5610532950565673,0.896143328433445,8,0.0013196400479199115,0.007659549953425382,0.027825492281640288,0.1478969070031223,0.00017295803587674647,5.9527434601436146e-05,0.00014654901255385964,6.947727011386484e-05
15,10015,2,c15_day2,Fez,8,19,"readout q143: 0.0044->0.0207 | readout q141: 0.0049->0.0133 | cz(123, 124): 0.0032->0.0129",112,193,56,0.7016784050549375,0.9069407290475029,8,0.0011180111537079011,0.012892245214781885,0.009314350347429444,0.02065027238155014,0.00014315591359912147,9.562081555389064e-05,9.863359257733334e-05,4.917429322867596e-05
15,10015,3,c15_day3,Sherbrooke,8,19,"ecr(106, 105): 0.0062->0.0207",109,244,50,0.558240008063163,0.9098784181273385,8,0.0016516369337570024,0.020707521051527546,0.011749267578125,0.02587890625,0.0002755212049644431,0.00016310636822987974,0.0002066806768379014,2.7133052989838604e-05
15,10015,3,c15_day3,Torino,8,19,"readout q92: 0.0090->0.0301 | cz(98, 99): 0.0025->0.0116",122,203,59,0.6364579039005435,0.8970002729795892,8,0.0010024241690404728,0.011618090710850236,0.023227124750140517,0.04736328125,0.0001955280542101387,0.00015459493999167093,9.589231130022294e-05,2.7784766241489783e-05
15,10015,3,c15_day3,Fez,8,19,"readout q124: 0.0046->0.0263 | readout q144: 0.0107->0.0305 | cz(123, 136): 0.0034->0.0096",108,193,56,0.7427842983055404,0.9044835605717855,8,0.0007990707875128072,0.00964882664738336,0.012134184543742564,0.030458079531460895,0.00013576487081252563,9.562081555389064e-05,0.00011472926511939969,9.144599425726836e-05
15,10015,4,c15_day4,Sherbrooke,8,19,"readout q87: 0.0125->0.0521 | readout q105: 0.0110->0.0325 | ecr(107, 106): 0.0088->0.0364",130,287,59,0.37300940023909707,0.878228759402295,8,0.0023657542816242325,0.036441569843806164,0.019392757079535083,0.05210816326447205,0.0002755212049644431,0.00016310636822987974,0.0002066806768379014,2.7133052989838604e-05
15,10015,4,c15_day4,Torino,8,19,"readout q32: 0.0122->0.0355 | cz(52, 37): 0.0034->0.0123",104,184,53,0.6509125718159932,0.9024202255936481,8,0.0010683510099518997,0.012347004493503233,0.021589235490460077,0.05029296875,0.000188300568729621,0.00010976214683862074,0.00014708375238025413,6.947727011386484e-05
15,10015,4,c15_day4,Fez,8,19,readout q123: 0.0063->0.0174,100,201,59,0.763718871162356,0.920511442014382,8,0.0007775835220091081,0.0033999583821837653,0.008341705198320327,0.01741723533656262,0.00013576487081252563,9.562081555389064e-05,0.00011472926511939969,9.144599425726836e-05
15,10015,5,c15_day5,Sherbrooke,8,19,"ecr(71, 77): 0.0062->0.0207",132,284,56,0.5102799099451883,0.8798422704877336,8,0.0016818430357555718,0.02065375923950977,0.0120849609375,0.017822265625,0.000275656635700054,0.0001469928637936869,0.0001172385021380088,2.4196989159075558e-05
15,10015,5,c15_day5,Torino,8,19,readout q17: 0.0112->0.0225,103,194,56,0.603855738286095,0.9111296706095486,8,0.0014349448220364667,0.007659549953425382,0.017852783203125,0.040771484375,0.0001620376191833474,5.9527434601436146e-05,0.00013323955645411277,3.136320201800166e-05
15,10015,5,c15_day5,Fez,8,19,"cz(123, 136): 0.0034->0.0053",101,189,53,0.7766374438138502,0.91343901606831,8,0.0008437811820710745,0.005327742479346946,0.006011962890625,0.0107421875,0.0001346512008832598,9.562081555389064e-05,0.00010644655891122672,7.152777106683473e-05
15,10015,6,c15_day6,Sherbrooke,8,19,"readout q86: 0.0129->0.0774 | ecr(86, 87): 0.0079->0.0141",135,274,53,0.5366262196622755,0.9083337883694511,8,0.0013928079419559805,0.014067714849975573,0.020166804506585922,0.07735006105268737,0.0002738413357907301,0.00014966741484017624,0.000193632716159397,2.7133052989838604e-05
15,10015,6,c15_day6,Torino,8,19,readout q28: 0.0063->0.0238,134,209,62,0.6175292817642629,0.9125296149813944,8,0.0012049283691631923,0.007659549953425382,0.019092644068477854,0.040771484375,0.00015885291770016642,5.9527434601436146e-05,0.00013906580923194272,6.870523592058317e-05
15,10015,6,c15_day6,Fez,8,19,"readout q136: 0.0046->0.0086 | cz(142, 143): 0.0033->0.0094",115,194,56,0.7771318427451573,0.9164631112353184,8,0.0007912538955086415,0.009414749158283926,0.006726025245778553,0.0107421875,0.0001286561322671024,9.562081555389064e-05,0.00010091037573036179,2.723830561991519e-05
15,10015,7,c15_day7,Sherbrooke,8,19,"readout q77: 0.0088->0.0200 | readout q80: 0.0110->0.0386 | ecr(71, 58): 0.0077->0.0146",130,294,56,0.5634234001967825,0.8996430627090439,8,0.0012428505288128251,0.01459478412849741,0.016941619122079556,0.03862816545092704,0.000275656635700054,0.0001469928637936869,0.0001172385021380088,2.4196989159075558e-05
15,10015,7,c15_day7,Torino,8,19,"cz(48, 36): 0.0041->0.0146",120,191,56,0.5965631509499176,0.9035609662320799,8,0.0015660520312208031,0.01456295515312702,0.015838623046875,0.040771484375,0.0001586279394957063,5.9527434601436146e-05,0.00013790731069193544,6.870523592058317e-05
15,10015,7,c15_day7,Fez,8,19,readout q143: 0.0044->0.0088,107,186,53,0.787826799532314,0.909568669426072,8,0.0007691298829508688,0.0033999583821837653,0.00677490234375,0.0107421875,0.0001286561322671024,9.562081555389064e-05,0.00010091037573036179,2.723830561991519e-05
16,10016,0,c16_day0,Sherbrooke,7,9,normal,49,113,21,0.7889834908769178,0.877638490426199,7,0.0011335047226162537,0.009034455276413444,0.011997767857142858,0.02587890625,0.00029158046735509494,0.00021071911926522037,0.00020148760373429092,2.7133052989838604e-05
16,10016,0,c16_day0,Torino,7,9,normal,52,89,24,0.7938611258497389,0.8703087993592122,7,0.000981288665176748,0.007659549953425382,0.016845703125,0.05029296875,0.00018816176277000875,0.00010976214683862074,0.0001344637261326572,6.947727011386484e-05
16,10016,0,c16_day0,Fez,7,9,normal,37,73,21,0.8912435503454725,0.9395309758116758,7,0.0007781568388204065,0.0033999583821837653,0.005964006696428571,0.0107421875,0.00013337264399165073,9.562081555389064e-05,0.00011143495717471131,9.144599425726836e-05
16,10016,1,c16_day1,Sherbrooke,7,9,"readout q106: 0.0125->0.0390 | ecr(107, 108): 0.0094->0.0273",46,111,21,0.7068265127487185,0.7728293121075478,7,0.001784757181099622,0.027277932318902916,0.015448804006730214,0.0390498311721115,0.0002811717027428368,0.00016310636822987974,0.0001895583505216889,2.7133052989838604e-05
16,10016,1,c16_day1,Torino,7,9,readout q28: 0.0063->0.0127,44,83,21,0.7819342806822622,0.891550217246393,7,0.0011966423064393693,0.007659549953425382,0.01708984375,0.040771484375,0.00015201523650569675,5.9527434601436146e-05,0.0001477933213735572,9.850632384804888e-05
16,10016,1,c16_day1,Fez,7,9,"readout q124: 0.0046->0.0273 | cz(136, 123): 0.0034->0.0068",40,73,21,0.8512664609835162,0.9361403754270816,7,0.0010205012850096537,0.006765762268704734,0.009197411869024863,0.027272508083174038,0.00013337264399165073,9.562081555389064e-05,0.00011143495717471131,9.144599425726836e-05
16,10016,2,c16_day2,Sherbrooke,7,9,readout q118: 0.0125->0.0249,55,129,24,0.7605172669965973,0.8803478663587316,7,0.001198252158878359,0.007850986624725387,0.012730189732142858,0.02490234375,0.0002484564571102669,0.00013252953230862786,0.0002322067343975155,7.063221921579745e-05
16,10016,2,c16_day2,Torino,7,9,readout q30: 0.0054->0.0126,38,78,21,0.7924103427230494,0.86755687754031,7,0.001057411550458679,0.007659549953425382,0.017983835799766697,0.05029296875,0.00017256585657907475,5.9527434601436146e-05,0.00013584710360106962,6.947727011386484e-05
16,10016,2,c16_day2,Fez,7,9,"readout q136: 0.0046->0.0142 | cz(142, 141): 0.0029->0.0101",44,83,21,0.8554730166470493,0.943127309365449,7,0.0010021723084040236,0.010149484001232374,0.0073352102051045835,0.014237096435732087,0.00013337264399165073,9.562081555389064e-05,0.00011143495717471131,9.144599425726836e-05
16,10016,3,c16_day3,Sherbrooke,7,9,"readout q103: 0.0088->0.0154 | ecr(105, 104): 0.0057->0.0244",61,123,24,0.6990343602141855,0.8441211408307051,7,0.0018011324769204673,0.024391818814757806,0.01294056988426259,0.02587890625,0.00029158046735509494,0.00021071911926522037,0.00020148760373429092,2.7133052989838604e-05
16,10016,3,c16_day3,Torino,7,9,"readout q36: 0.0071->0.0341 | cz(36, 48): 0.0041->0.0082",44,83,21,0.7507643811578484,0.880093440549368,7,0.0013826252617596675,0.008238947702294958,0.0200485169768882,0.040771484375,0.00015201523650569675,5.9527434601436146e-05,0.0001477933213735572,9.850632384804888e-05
16,10016,3,c16_day3,Fez,7,9,"cz(123, 124): 0.0032->0.0058",44,83,21,0.8868032966824562,0.935058417577219,7,0.0007511999781349397,0.005819914292296868,0.005964006696428571,0.0107421875,0.00013337264399165073,9.562081555389064e-05,0.00011143495717471131,9.144599425726836e-05
16,10016,4,c16_day4,Sherbrooke,7,9,"readout q106: 0.0125->0.0396 | ecr(107, 106): 0.0088->0.0292",49,113,21,0.7360873220901032,0.8273770689073023,7,0.0014375770027980504,0.029175027336235306,0.015874073413252088,0.03958531076776462,0.00029158046735509494,0.00021071911926522037,0.00020148760373429092,2.7133052989838604e-05
16,10016,4,c16_day4,Torino,7,9,readout q32: 0.0122->0.0262,43,78,21,0.7798212718266533,0.8597176315852895,7,0.0011559590553764424,0.007659549953425382,0.018839907674655265,0.05029296875,0.00018916240748750507,0.00010976214683862074,0.00015252397272666254,6.947727011386484e-05
16,10016,4,c16_day4,Fez,7,9,"readout q136: 0.0046->0.0226 | readout q124: 0.0046->0.0159 | cz(142, 143): 0.0033->0.0065",40,73,21,0.8521476304468195,0.9289637820778859,7,0.00093982803050228,0.006464240331962395,0.010139192684247471,0.02259121762219409,0.00013337264399165073,9.562081555389064e-05,0.00011143495717471131,9.144599425726836e-05
16,10016,5,c16_day5,Sherbrooke,7,9,"readout q103: 0.0088->0.0271 | ecr(106, 105): 0.0062->0.0300",52,110,21,0.7306790956135892,0.8553327898076566,7,0.0016148598153476234,0.02998238020725908,0.014260685344115722,0.027070891158810055,0.0002811717027428368,0.00016310636822987974,0.0001895583505216889,2.7133052989838604e-05
16,10016,5,c16_day5,Torino,7,9,"cz(31, 32): 0.0031->0.0093",43,78,21,0.7571958313360102,0.8428587860201608,7,0.001594406864916212,0.009262119900327074,0.016845703125,0.05029296875,0.00018916240748750507,0.00010976214683862074,0.00015252397272666254,6.947727011386484e-05
16,10016,5,c16_day5,Fez,7,9,readout q136: 0.0046->0.0272 | readout q123: 0.0063->0.0099,48,95,27,0.8531797046080261,0.9003792415582221,7,0.0007622485354067468,0.0033999583821837653,0.009307864158031753,0.027220991060980623,0.00013307046909974494,9.562081555389064e-05,9.937214027758161e-05,2.723830561991519e-05
16,10016,6,c16_day6,Sherbrooke,7,9,"readout q106: 0.0125->0.0517 | readout q103: 0.0088->0.0285 | ecr(105, 104): 0.0057->0.0120",47,109,21,0.7278510105462512,0.870887073534821,7,0.0013211366901806033,0.01199420436279618,0.02041840108308256,0.05172362450819843,0.00029158046735509494,0.00021071911926522037,0.00020148760373429092,2.7133052989838604e-05
16,10016,6,c16_day6,Torino,7,9,"readout q30: 0.0054->0.0244 | readout q17: 0.0112->0.0336 | cz(28, 27): 0.0062->0.0219",40,73,21,0.7200578394926289,0.8167270799674294,7,0.0018126640120655576,0.021931063893962353,0.022102027792960603,0.040771484375,0.00015201523650569675,5.9527434601436146e-05,0.0001477933213735572,9.850632384804888e-05
16,10016,6,c16_day6,Fez,7,9,readout q144: 0.0107->0.0556,44,83,21,0.8489592606659628,0.8951364105918272,7,0.000724260994562033,0.0033999583821837653,0.012375126659468624,0.055620027241280366,0.00013337264399165073,9.562081555389064e-05,0.00011143495717471131,9.144599425726836e-05
16,10016,7,c16_day7,Sherbrooke,7,9,"readout q107: 0.0259->0.0698 | readout q105: 0.0110->0.0369 | ecr(93, 87): 0.0090->0.0336",49,117,21,0.6963230412806203,0.8274902982297195,7,0.0014713196467554318,0.03357418494455597,0.021975758484537884,0.0697790269795022,0.00029158046735509494,0.00021071911926522037,0.00020148760373429092,2.7133052989838604e-05
16,10016,7,c16_day7,Torino,7,9,"readout q32: 0.0122->0.0319 | cz(30, 29): 0.0077->0.0153",51,84,24,0.7741856874941146,0.8535449956831038,7,0.0010716065586180142,0.015269523709852066,0.019663162607652884,0.05029296875,0.00018816176277000875,0.00010976214683862074,0.0001344637261326572,6.947727011386484e-05
16,10016,7,c16_day7,Fez,7,9,"readout q144: 0.0107->0.0599 | readout q136: 0.0046->0.0130 | cz(143, 144): 0.0032->0.0123",39,74,21,0.830420147469852,0.9403566737303943,7,0.0008879709944558061,0.012265304882245458,0.014180851137736974,0.05985460620075221,0.00013337264399165073,9.562081555389064e-05,0.00011143495717471131,9.144599425726836e-05
17,10017,0,c17_day0,Sherbrooke,8,19,normal,152,271,56,0.5740951390775338,0.8579458014687531,8,0.0014024025009413638,0.009356178106295743,0.011749267578125,0.02587890625,0.0002755212049644431,0.00016310636822987974,0.0002066806768379014,2.7133052989838604e-05
17,10017,0,c17_day0,Torino,8,19,normal,106,193,59,0.6167106722946185,0.8668888801529667,8,0.0014051739977836788,0.007659549953425382,0.015838623046875,0.040771484375,0.0001586279394957063,5.9527434601436146e-05,0.00013790731069193544,6.870523592058317e-05
17,10017,0,c17_day0,Fez,8,19,normal,95,176,59,0.772776684166121,0.9062885091068653,12,0.0008513991367100668,0.004041123381786416,0.00714111328125,0.0166015625,0.0001238163057592787,6.305459170381138e-05,9.644420175582586e-05,2.368664360029793e-05
17,10017,1,c17_day1,Sherbrooke,8,19,readout q78: 0.0171->0.0374,117,261,53,0.6003259534904976,0.8606523646400727,8,0.001211626534508651,0.008072741155098095,0.015903113315605757,0.03738115652484606,0.0002601121519150617,0.0001469928637936869,0.00015136637352206818,2.4196989159075558e-05
17,10017,1,c17_day1,Torino,8,19,"readout q30: 0.0054->0.0092 | cz(29, 36): 0.0039->0.0146",89,176,59,0.6323645186439397,0.8840357932328617,12,0.001297981291350792,0.014602947510181732,0.018757957299570197,0.05029296875,0.00018016699083838925,5.9527434601436146e-05,0.00015269867553088245,6.947727011386484e-05
17,10017,1,c17_day1,Fez,8,19,"readout q125: 0.0125->0.0393 | cz(125, 124): 0.0024->0.0100",83,176,59,0.7156811035245113,0.8866435028863596,12,0.0010592498875002829,0.010011316545219653,0.010503445042378974,0.03934982596403179,0.0001238163057592787,6.305459170381138e-05,9.644420175582586e-05,2.368664360029793e-05
17,10017,2,c17_day2,Sherbrooke,8,19,readout q124: 0.0042->0.0235,118,303,59,0.5844224518081838,0.8637444635323837,12,0.0010934312359174693,0.01673895679641485,0.017255185061332917,0.045654296875,0.00027429433338672075,0.00016310636822987974,0.00019759949061523552,2.7133052989838604e-05
17,10017,2,c17_day2,Torino,8,19,readout q32: 0.0122->0.0525,89,176,59,0.6290195692673811,0.863620536957588,12,0.0011608115551248013,0.007659549953425382,0.023321913308807812,0.0525421033454625,0.00018016699083838925,5.9527434601436146e-05,0.00015269867553088245,6.947727011386484e-05
17,10017,2,c17_day2,Fez,8,19,"readout q123: 0.0063->0.0114 | readout q145: 0.0139->0.0544 | cz(144, 143): 0.0032->0.0095",113,182,56,0.7065153650389802,0.897756650099149,8,0.0010248124231941622,0.009529159974698406,0.012645274241938457,0.05439285136535952,0.00013576487081252563,9.562081555389064e-05,0.00011472926511939969,9.144599425726836e-05
17,10017,3,c17_day3,Sherbrooke,8,19,"readout q80: 0.0110->0.0615 | ecr(71, 58): 0.0077->0.0276",141,278,56,0.5150474492367523,0.8392320175662933,8,0.0015279398910095952,0.027636014518367513,0.018400482618054756,0.061510501569438034,0.000275656635700054,0.0001469928637936869,0.0001172385021380088,2.4196989159075558e-05
17,10017,3,c17_day3,Torino,8,19,"readout q37: 0.0063->0.0286 | cz(31, 32): 0.0031->0.0107",89,176,59,0.6026138385011639,0.8528988388612977,12,0.0014225461817279328,0.010749669821874464,0.021060565510965298,0.05029296875,0.00018016699083838925,5.9527434601436146e-05,0.00015269867553088245,6.947727011386484e-05
17,10017,3,c17_day3,Fez,8,19,"readout q136: 0.0046->0.0071 | cz(142, 141): 0.0029->0.0120",106,188,59,0.7408237043042879,0.9018057305837651,8,0.000999787881462856,0.011991488793498989,0.006529784262064719,0.0107421875,0.0001286561322671024,9.562081555389064e-05,0.00010091037573036179,2.723830561991519e-05
17,10017,4,c17_day4,Sherbrooke,8,19,"ecr(104, 103): 0.0047->0.0120",142,273,53,0.5823013140403932,0.8737639999638238,8,0.0013539692811685767,0.011960716271606603,0.012115478515625,0.02587890625,0.0002738413357907301,0.00014966741484017624,0.000193632716159397,2.7133052989838604e-05
17,10017,4,c17_day4,Torino,8,19,readout q31: 0.0503->0.1678,83,176,59,0.5751090434975606,0.837062542328449,12,0.0011577062957745298,0.007659549953425382,0.032962634454584354,0.16775381001167483,0.00018016699083838925,5.9527434601436146e-05,0.00015269867553088245,6.947727011386484e-05
17,10017,4,c17_day4,Fez,8,19,"readout q144: 0.0107->0.0337 | cz(142, 141): 0.0029->0.0066",113,182,56,0.7437265857430676,0.8903013212910671,8,0.0009087470881271006,0.0065925751235483545,0.009830106278551288,0.0337189752284103,0.00013576487081252563,9.562081555389064e-05,0.00011472926511939969,9.144599425726836e-05
17,10017,5,c17_day5,Sherbrooke,8,19,readout q119: 0.0115->0.0657,129,299,59,0.5505040036078142,0.8550327350502319,12,0.0012518139350244306,0.01673895679641485,0.018040959856320662,0.06571439760056531,0.0002547440080735612,0.00013252953230862786,0.00021067492757142095,1.565907859482999e-05
17,10017,5,c17_day5,Torino,8,19,"readout q29: 0.0120->0.0328 | readout q18: 0.0083->0.0138 | cz(31, 30): 0.0069->0.0115",109,189,56,0.5984011129791064,0.8588717192532905,8,0.001463768305348192,0.011484628484885552,0.018909112601316884,0.05029296875,0.00017295803587674647,5.9527434601436146e-05,0.00014654901255385964,6.947727011386484e-05
17,10017,5,c17_day5,Fez,8,19,"cz(143, 144): 0.0032->0.0120",102,174,59,0.7292780317801424,0.8680851591646493,8,0.001111813282411456,0.011952331823458905,0.0069580078125,0.013916015625,0.00013576487081252563,9.562081555389064e-05,0.00011472926511939969,9.144599425726836e-05
17,10017,6,c17_day6,Sherbrooke,8,19,"readout q107: 0.0259->0.1011 | readout q86: 0.0129->0.0210 | ecr(107, 106): 0.0088->0.0435",149,299,59,0.40147789728495553,0.7838562995096521,8,0.0020041016670716543,0.043527797266776885,0.022519573149389824,0.10107560727227115,0.0002738413357907301,0.00014966741484017624,0.000193632716159397,2.7133052989838604e-05
17,10017,6,c17_day6,Torino,8,19,"cz(37, 52): 0.0034->0.0144",89,176,59,0.6344294254852435,0.8761349442512174,12,0.0013005226062430544,0.014362517621631696,0.018280029296875,0.05029296875,0.00018016699083838925,5.9527434601436146e-05,0.00015269867553088245,6.947727011386484e-05
17,10017,6,c17_day6,Fez,8,19,readout q123: 0.0063->0.0296 | readout q143: 0.0044->0.0104,106,188,59,0.7546220666575979,0.8902247765845737,8,0.0008162312225122818,0.0033999583821837653,0.009875919036391302,0.029573734774638958,0.0001286561322671024,9.562081555389064e-05,0.00010091037573036179,2.723830561991519e-05
17,10017,7,c17_day7,Sherbrooke,8,19,"readout q125: 0.0078->0.0163 | readout q126: 0.0198->0.0573 | ecr(125, 124): 0.0063->0.0275",117,301,59,0.44832290390873847,0.8474410483371115,12,0.001746909365832108,0.027508056573430337,0.020590458891862236,0.05734151168917244,0.00027429433338672075,0.00016310636822987974,0.00019759949061523552,2.7133052989838604e-05
17,10017,7,c17_day7,Torino,8,19,readout q29: 0.0120->0.0239,106,193,59,0.6092437034430157,0.8883496720739638,8,0.0014051739977836788,0.007659549953425382,0.017333984375,0.040771484375,0.0001586279394957063,5.9527434601436146e-05,0.00013790731069193544,6.870523592058317e-05
17,10017,7,c17_day7,Fez,8,19,"cz(136, 123): 0.0034->0.0075",102,189,59,0.7393742326996028,0.8896890308614656,8,0.0010207659195678154,0.0074586082671542426,0.006011962890625,0.0107421875,0.0001346512008832598,9.562081555389064e-05,0.00010644655891122672,7.152777106683473e-05
18,10018,0,c18_day0,Sherbrooke,7,16,normal,63,154,28,0.7375874716110569,0.8620740458086756,7,0.0011434955606850752,0.008122971041865934,0.013532366071428572,0.03076171875,0.00024102067263949875,0.00013252953230862786,0.00021755675524040154,7.063221921579745e-05
18,10018,0,c18_day0,Torino,7,16,normal,53,111,31,0.755471328295637,0.8754470110756227,7,0.0011481070068554314,0.007659549953425382,0.016496930803571428,0.040771484375,0.00016042273186343259,5.9527434601436146e-05,0.00014353602309820495,6.870523592058317e-05
18,10018,0,c18_day0,Fez,7,16,normal,51,106,28,0.8642981172768064,0.9258772179537141,7,0.0007636310024839624,0.004046006358762122,0.006173270089285714,0.0107421875,0.00012985236659536722,9.562081555389064e-05,0.00010858949671893505,7.152777106683473e-05
18,10018,1,c18_day1,Sherbrooke,7,16,"readout q106: 0.0125->0.0737 | ecr(106, 105): 0.0062->0.0245",79,174,31,0.6054915046934021,0.7546565478190083,7,0.0017216025794933192,0.02447792345322074,0.020405407043527356,0.07374605242969148,0.0002811717027428368,0.00016310636822987974,0.0001895583505216889,2.7133052989838604e-05
18,10018,1,c18_day1,Torino,7,16,readout q29: 0.0120->0.0718 | readout q48: 0.0408->0.1072,61,113,31,0.6550706917584833,0.7640297301879945,7,0.0012053746193057555,0.007659549953425382,0.03421868745447844,0.10721620257677336,0.00015201523650569675,5.9527434601436146e-05,0.0001477933213735572,9.850632384804888e-05
18,10018,1,c18_day1,Fez,7,16,"cz(143, 142): 0.0033->0.0064",63,116,31,0.8334021844128194,0.9252728726671517,7,0.0009526912370039994,0.006439654364941113,0.005964006696428571,0.0107421875,0.00013337264399165073,9.562081555389064e-05,0.00011143495717471131,9.144599425726836e-05
18,10018,2,c18_day2,Sherbrooke,7,16,"readout q108: 0.0100->0.0364 | ecr(105, 104): 0.0057->0.0194",68,148,28,0.6695494574589574,0.8158318422572866,7,0.0016292193439609393,0.019352856321755308,0.015940612855707192,0.036388977489950354,0.00027217488205126593,0.00016310636822987974,0.00020543075344287484,2.7133052989838604e-05
18,10018,2,c18_day2,Torino,7,16,readout q18: 0.0083->0.0469 | readout q30: 0.0054->0.0145,59,108,31,0.7265676017629846,0.8222469494646716,7,0.0010820098945272193,0.007659549953425382,0.02366900167976364,0.05029296875,0.00018816176277000875,0.00010976214683862074,0.0001344637261326572,6.947727011386484e-05
18,10018,2,c18_day2,Fez,7,16,"readout q142: 0.0061->0.0112 | cz(144, 143): 0.0032->0.0076",61,110,34,0.8479509084795016,0.9299731327918813,7,0.0008177360669651152,0.00761067058652085,0.006687914990785491,0.011170873685498434,0.00013337264399165073,9.562081555389064e-05,0.00011143495717471131,9.144599425726836e-05
18,10018,3,c18_day3,Sherbrooke,7,16,readout q106: 0.0125->0.0278,80,174,31,0.7104445761628155,0.8281268409896295,7,0.0011864971889558194,0.009356178106295743,0.01383774219540714,0.02777239849284999,0.0002811717027428368,0.00016310636822987974,0.0001895583505216889,2.7133052989838604e-05
18,10018,3,c18_day3,Torino,7,16,readout q29: 0.0120->0.0239,66,117,31,0.7169314267480397,0.8190447515236791,7,0.0012951765842649351,0.007149550828637552,0.019810267857142856,0.041259765625,0.0001680033657915872,5.9527434601436146e-05,0.00013254794797187507,3.136320201800166e-05
18,10018,3,c18_day3,Fez,7,16,"readout q143: 0.0044->0.0194 | cz(136, 143): 0.0024->0.0117",65,121,31,0.8258914371621506,0.9260961489149738,7,0.0008715083890794153,0.0117193329631809,0.008313499302391761,0.01937613574174233,0.00012985236659536722,9.562081555389064e-05,0.00010858949671893505,7.152777106683473e-05
18,10018,4,c18_day4,Sherbrooke,7,16,readout q106: 0.0125->0.0198,86,183,34,0.7017507113022974,0.8681060254241767,7,0.0012148463154430665,0.009356178106295743,0.012702323100791096,0.02587890625,0.0002811717027428368,0.00016310636822987974,0.0001895583505216889,2.7133052989838604e-05
18,10018,4,c18_day4,Torino,7,16,readout q30: 0.0054->0.0276 | readout q29: 0.0120->0.0438,52,111,31,0.7145838842008607,0.8481308549363885,7,0.0011500397276922123,0.007659549953425382,0.024222124098604636,0.043781870318361865,0.00016042273186343259,5.9527434601436146e-05,0.00014353602309820495,6.870523592058317e-05
18,10018,4,c18_day4,Fez,7,16,readout q136: 0.0046->0.0093,51,106,28,0.8602702378977877,0.9243739320086841,7,0.0007636310024839624,0.004046006358762122,0.0068359375,0.0107421875,0.00012985236659536722,9.562081555389064e-05,0.00010858949671893505,7.152777106683473e-05
18,10018,5,c18_day5,Sherbrooke,7,16,"ecr(93, 87): 0.0090->0.0218",80,155,28,0.6866741798058662,0.795976555367184,7,0.001575802127827843,0.021757204264754113,0.012172154017857142,0.02587890625,0.00027217488205126593,0.00016310636822987974,0.00020543075344287484,2.7133052989838604e-05
18,10018,5,c18_day5,Torino,7,16,"readout q47: 0.0134->0.0527 | cz(29, 30): 0.0077->0.0231",76,119,34,0.693959995410689,0.8430138527882344,7,0.0013522155706078938,0.023070485509837254,0.02210014683238309,0.05265024657668164,0.00016042273186343259,5.9527434601436146e-05,0.00014353602309820495,6.870523592058317e-05
18,10018,5,c18_day5,Fez,7,16,readout q142: 0.0061->0.0331,63,116,31,0.8366963165442463,0.8929852601844867,7,0.0007398818232735988,0.0033999583821837653,0.009814217725690988,0.03305499282983691,0.00013337264399165073,9.562081555389064e-05,0.00011143495717471131,9.144599425726836e-05
18,10018,6,c18_day6,Sherbrooke,7,16,readout q107: 0.0259->0.1351 | readout q103: 0.0088->0.0346,82,171,31,0.6241964982274688,0.7387746840880821,7,0.0012031365911457446,0.009356178106295743,0.03093321922228325,0.13505673787737513,0.0002811717027428368,0.00016310636822987974,0.0001895583505216889,2.7133052989838604e-05
18,10018,6,c18_day6,Torino,7,16,readout q28: 0.0063->0.0212,51,106,28,0.7645083243439591,0.8687247206850206,7,0.0010979741493943249,0.007659549953425382,0.0170830487730196,0.040771484375,0.0001521502292532546,5.9527434601436146e-05,0.0001435084969175055,6.870523592058317e-05
18,10018,6,c18_day6,Fez,7,16,"readout q142: 0.0061->0.0212 | cz(142, 143): 0.0033->0.0145",60,108,28,0.8052478733595168,0.8814831729943526,7,0.001098526663187741,0.014537046045022385,0.00944821806011105,0.021215651420777342,0.00014077673169589,9.562081555389064e-05,0.00011646817047098795,9.144599425726836e-05
18,10018,7,c18_day7,Sherbrooke,7,16,readout q107: 0.0259->0.1376 | readout q103: 0.0088->0.0268,82,171,31,0.6273921906416413,0.7357550082363872,7,0.0012031365911457446,0.009356178106295743,0.030181333010393337,0.13761815701219218,0.0002811717027428368,0.00016310636822987974,0.0001895583505216889,2.7133052989838604e-05
18,10018,7,c18_day7,Torino,7,16,readout q33: 0.0234->0.1247,61,110,34,0.6819821332473668,0.8536966697459308,7,0.0010641752536637448,0.007659549953425382,0.03130982225522722,0.12468633391159055,0.00018816176277000875,0.00010976214683862074,0.0001344637261326572,6.947727011386484e-05
18,10018,7,c18_day7,Fez,7,16,readout q136: 0.0046->0.0125,60,114,34,0.8499317093841393,0.9237205248992859,7,0.0007381568669045291,0.0033999583821837653,0.0075686758110534635,0.01245338692737424,0.00013265245907254916,9.562081555389064e-05,0.00010067515402637319,2.723830561991519e-05
19,10019,0,c19_day0,Sherbrooke,7,21,normal,199,324,66,0.5647640104432042,0.9075616016082209,7,0.0011568139532056126,0.00880218456405496,0.016741071428571428,0.045654296875,0.0002818295590386077,0.00016771136230027628,0.0001682617685348061,2.7133052989838604e-05
19,10019,0,c19_day0,Torino,7,21,normal,153,230,72,0.6539464949707633,0.9474491194183517,7,0.0009099281975350653,0.004051016058839674,0.021030970982142856,0.04736328125,0.0002074036732879361,0.00015459493999167093,0.00012200532309480014,2.7784766241489783e-05
19,10019,0,c19_day0,Fez,7,21,normal,134,212,66,0.7636839760272157,0.944728030570229,7,0.0008056437229499271,0.0033999583821837653,0.006452287946428571,0.0107421875,0.00013265245907254916,9.562081555389064e-05,0.00010067515402637319,2.723830561991519e-05
19,10019,1,c19_day1,Sherbrooke,7,21,"readout q76: 0.0115->0.0599 | ecr(71, 77): 0.0062->0.0215",232,364,72,0.38393726065356787,0.8704860995905923,7,0.0017512981366926516,0.02153283847644472,0.026348290302277193,0.059926313365940356,0.00032335780245066573,0.00022879595524938841,0.0001105290907527049,2.4196989159075558e-05
19,10019,1,c19_day1,Torino,7,21,"cz(36, 29): 0.0039->0.0082",112,199,63,0.6065195492659338,0.9140989456794725,7,0.0014577828017353757,0.008182619159869986,0.016496930803571428,0.040771484375,0.00016042273186343259,5.9527434601436146e-05,0.00014353602309820495,6.870523592058317e-05
19,10019,1,c19_day1,Fez,7,21,"readout q144: 0.0107->0.0477 | readout q123: 0.0063->0.0142 | cz(143, 136): 0.0024->0.0081",151,215,69,0.6763147257538898,0.9408947952191986,7,0.0010650855782443683,0.008119438345447485,0.01236978656660905,0.047708765388455615,0.00013337264399165073,9.562081555389064e-05,0.00011143495717471131,9.144599425726836e-05
19,10019,2,c19_day2,Sherbrooke,7,21,readout q105: 0.0110->0.0263,211,326,69,0.5507615725463207,0.9226105748732479,7,0.0012523449928227145,0.009034455276413444,0.01418028216336933,0.026263928268585306,0.00029158046735509494,0.00021071911926522037,0.00020148760373429092,2.7133052989838604e-05
19,10019,2,c19_day2,Torino,7,21,"readout q47: 0.0134->0.0388 | cz(48, 47): 0.0049->0.0128",112,217,66,0.5511276190457681,0.9238453835632022,7,0.00159388404616242,0.012829299587463601,0.020124869587469958,0.040771484375,0.00016042273186343259,5.9527434601436146e-05,0.00014353602309820495,6.870523592058317e-05
19,10019,2,c19_day2,Fez,7,21,"readout q144: 0.0107->0.0257 | cz(136, 123): 0.0034->0.0120",160,219,66,0.7182264945255787,0.9385614309190038,7,0.0009258922875898047,0.011994572051215834,0.009421580607504431,0.025667861127531017,0.00014077673169589,9.562081555389064e-05,0.00011646817047098795,9.144599425726836e-05
19,10019,3,c19_day3,Sherbrooke,7,21,"readout q103: 0.0088->0.0429 | readout q93: 0.0098->0.0248 | ecr(105, 104): 0.0057->0.0283",152,286,60,0.397990622157004,0.8880965893326539,7,0.0022516519988310165,0.02830949705262657,0.019013956627504967,0.042884636281420946,0.00029158046735509494,0.00021071911926522037,0.00020148760373429092,2.7133052989838604e-05
19,10019,3,c19_day3,Torino,7,21,readout q29: 0.0120->0.0406,151,215,69,0.5968808853800733,0.9263436694187472,7,0.0012983357478343165,0.007659549953425382,0.020591568954346696,0.040771484375,0.00016042273186343259,5.9527434601436146e-05,0.00014353602309820495,6.870523592058317e-05
19,10019,3,c19_day3,Fez,7,21,"cz(136, 123): 0.0034->0.0100",151,222,72,0.7161277461779032,0.9453458503894259,7,0.000959222901552625,0.0100164710889933,0.007289341517857143,0.013916015625,0.00014077673169589,9.562081555389064e-05,0.00011646817047098795,9.144599425726836e-05
19,10019,4,c19_day4,Sherbrooke,7,21,readout q93: 0.0098->0.0534,189,320,63,0.5471121768491979,0.8986923242078237,7,0.0011433095873704877,0.00880218456405496,0.022972211905811873,0.053383608340683134,0.0002818295590386077,0.00016771136230027628,0.0001682617685348061,2.7133052989838604e-05
19,10019,4,c19_day4,Torino,7,21,"readout q48: 0.0408->0.2405 | cz(29, 30): 0.0077->0.0223",160,219,66,0.397457142040403,0.9002985889560796,7,0.0018628814547862653,0.022274851011637425,0.05029384637396014,0.24048465899272095,0.0001733772831796748,5.9527434601436146e-05,0.00016260580396035445,0.00010472429134423937
19,10019,4,c19_day4,Fez,7,21,readout q143: 0.0044->0.0160 | readout q123: 0.0063->0.0226,140,224,72,0.7323812686912193,0.9417073874535209,7,0.0008142602154729142,0.0033999583821837653,0.009943346802334153,0.022587178102804355,0.00013337264399165073,9.562081555389064e-05,0.00011143495717471131,9.144599425726836e-05
19,10019,5,c19_day5,Sherbrooke,7,21,"ecr(105, 104): 0.0057->0.0185",199,335,66,0.47594713380402387,0.8861175009776775,7,0.0016311710306489606,0.018472508468776905,0.011997767857142858,0.02587890625,0.00029158046735509494,0.00021071911926522037,0.00020148760373429092,2.7133052989838604e-05
19,10019,5,c19_day5,Torino,7,21,readout q80: 0.0229->0.0459,118,209,66,0.6495317544167987,0.9311768934022744,7,0.0009375007533423865,0.004051016058839674,0.024309430803571428,0.04736328125,0.0002074036732879361,0.00015459493999167093,0.00012200532309480014,2.7784766241489783e-05
19,10019,5,c19_day5,Fez,7,21,"readout q143: 0.0044->0.0183 | cz(143, 136): 0.0024->0.0062",123,207,66,0.7282173261133449,0.9499232425631651,7,0.0009552199328393052,0.0062434541092671915,0.007945469543223598,0.01826477117756519,0.00013337264399165073,9.562081555389064e-05,0.00011143495717471131,9.144599425726836e-05
19,10019,6,c19_day6,Sherbrooke,7,21,readout q124: 0.0042->0.0099,191,359,75,0.6036672825807752,0.9198658713962025,7,0.0009629990481673352,0.006303480430202679,0.012160368385460045,0.022216796875,0.00027221237170292894,0.00016310636822987974,0.00020730694258625754,6.337555301919867e-05
19,10019,6,c19_day6,Torino,7,21,"readout q99: 0.0095->0.0359 | readout q100: 0.0339->0.1090 | cz(99, 100): 0.0041->0.0096",123,207,66,0.5724847157392926,0.9107938292335928,7,0.001097737565154578,0.009551431102809038,0.03552092145415514,0.1090277036341509,0.0002074036732879361,0.00015459493999167093,0.00012200532309480014,2.7784766241489783e-05
19,10019,6,c19_day6,Fez,7,21,"readout q140: 0.0081->0.0185 | cz(142, 141): 0.0029->0.0122",134,212,66,0.6943843474892529,0.9370214739789585,7,0.0011072860972437262,0.012241187625082412,0.00795072222474788,0.018545680573235163,0.00013265245907254916,9.562081555389064e-05,0.00010067515402637319,2.723830561991519e-05
19,10019,7,c19_day7,Sherbrooke,7,21,"readout q104: 0.0037->0.0088 | ecr(106, 105): 0.0062->0.0137",167,306,66,0.5015338598451784,0.885978906066645,7,0.0016062551872390392,0.01373173301757686,0.012730732742723572,0.02587890625,0.00029158046735509494,0.00021071911926522037,0.00020148760373429092,2.7133052989838604e-05
19,10019,7,c19_day7,Torino,7,21,readout q81: 0.0054->0.0106,137,222,72,0.6523640058234877,0.9407891664190182,7,0.0009249578880809889,0.004051016058839674,0.021780471913735788,0.04736328125,0.0002074036732879361,0.00015459493999167093,0.00012200532309480014,2.7784766241489783e-05
19,10019,7,c19_day7,Fez,7,21,"readout q143: 0.0044->0.0085 | cz(136, 143): 0.0024->0.0080",118,209,66,0.7409291381108858,0.9389878576531432,7,0.0009088183282417779,0.008049073120963954,0.007041273720755277,0.0107421875,0.00013265245907254916,9.562081555389064e-05,0.00010067515402637319,2.723830561991519e-05
20,10020,0,c20_day0,Sherbrooke,4,9,normal,27,58,10,0.915669025657449,0.9922396005416587,4,0.000889725003902374,0.006303480430202679,0.0068359375,0.0078125,0.0002806395150267347,0.00023928033542071583,0.00025041012594210815,6.337555301919867e-05
20,10020,0,c20_day0,Torino,4,9,normal,21,34,7,0.925517509106301,0.9934261982074882,4,0.0011313087130125378,0.007659549953425382,0.0076904296875,0.011962890625,0.0001236753781531724,5.9527434601436146e-05,0.00014682518479433284,0.00010472429134423937
20,10020,0,c20_day0,Fez,4,9,normal,24,41,10,0.9489737483018789,0.9971823126053567,4,0.0006326078804322352,0.003311355983104225,0.0050048828125,0.006103515625,0.00014494155734598587,9.562081555389064e-05,0.00011309494030264407,9.144599425726836e-05
20,10020,1,c20_day1,Sherbrooke,4,9,readout q30: 0.0063->0.0339 | readout q31: 0.0098->0.0275,29,42,7,0.8626204660901612,0.9828051737482815,4,0.0011367943824605396,0.010934778799582434,0.022662721141185227,0.033853040029135646,0.00034112801210783026,0.0001586839588384347,0.00014118472042975262,1.8737652324842994e-05
20,10020,1,c20_day1,Torino,4,9,"readout q81: 0.0054->0.0214 | cz(80, 81): 0.0037->0.0070",24,41,10,0.8904458231086463,0.9843542008312032,4,0.0010284859622656625,0.007011658710732014,0.015716356684537764,0.02294921875,0.00019043703324203982,0.00015459493999167093,0.00012061807649362823,2.7784766241489783e-05
20,10020,1,c20_day1,Fez,4,9,readout q143: 0.0044->0.0142,24,41,10,0.9396346697604501,0.9928978811567948,4,0.0006326078804322352,0.003311355983104225,0.0074543809375984225,0.01419252375039369,0.00014494155734598587,9.562081555389064e-05,0.00011309494030264407,9.144599425726836e-05
20,10020,2,c20_day2,Sherbrooke,4,9,"readout q124: 0.0042->0.0198 | ecr(125, 124): 0.0063->0.0269",27,58,10,0.8289540457250929,0.9816294456573316,4,0.002099546044032948,0.02687043811242244,0.01074641992422875,0.019792320321914997,0.0002806395150267347,0.00023928033542071583,0.00025041012594210815,6.337555301919867e-05
20,10020,2,c20_day2,Torino,4,9,readout q30: 0.0054->0.0310,21,34,7,0.901630761893789,0.9919070846078315,4,0.0011313087130125378,0.007659549953425382,0.014108041731596504,0.031041541926386015,0.0001236753781531724,5.9527434601436146e-05,0.00014682518479433284,0.00010472429134423937
20,10020,2,c20_day2,Fez,4,9,"readout q103: 0.0029->0.0139 | cz(96, 103): 0.0046->0.0078",31,35,7,0.9333835639449138,0.9945102969182672,4,0.0009507287899681779,0.007757683413040393,0.007190852241642849,0.013870830841571397,0.0001515716190726661,0.00012339246491872296,0.00010502221049964733,8.856971895776478e-05
20,10020,3,c20_day3,Sherbrooke,4,9,readout q99: 0.0156->0.0581,26,48,7,0.8679101988443392,0.9953965999798658,4,0.0010384445561869061,0.007850986624725387,0.020620315666274033,0.05806720016509613,0.0002461171004796426,0.00013252953230862786,0.0002125036773353605,7.063221921579745e-05
20,10020,3,c20_day3,Torino,4,9,readout q36: 0.0071->0.0206 | readout q29: 0.0120->0.0335,31,35,7,0.8939712822617601,0.9938516049268756,4,0.0010791328140537387,0.007659549953425382,0.01645255164311983,0.0334887735673749,0.0001236753781531724,5.9527434601436146e-05,0.00014682518479433284,0.00010472429134423937
20,10020,3,c20_day3,Fez,4,9,"cz(103, 104): 0.0048->0.0086",21,34,7,0.9392208189673551,0.9951680085946554,4,0.0010900698367956889,0.008562615218993938,0.00445556640625,0.00634765625,0.0001515716190726661,0.00012339246491872296,0.00010502221049964733,8.856971895776478e-05
20,10020,4,c20_day4,Sherbrooke,4,9,readout q123: 0.0078->0.0249 | readout q125: 0.0078->0.0288,28,57,10,0.8809289781455384,0.990408038378776,4,0.0009006878681768871,0.006303480430202679,0.016374506149561357,0.028833419083033072,0.0002806395150267347,0.00023928033542071583,0.00025041012594210815,6.337555301919867e-05
20,10020,4,c20_day4,Torino,4,9,readout q29: 0.0120->0.0239,21,34,7,0.9143115891788959,0.9928062824815662,4,0.0011313087130125378,0.007659549953425382,0.01068115234375,0.02392578125,0.0001236753781531724,5.9527434601436146e-05,0.00014682518479433284,0.00010472429134423937
20,10020,4,c20_day4,Fez,4,9,"cz(103, 102): 0.0033->0.0146",21,34,7,0.9286897317508307,0.9941064249213821,4,0.0013619742890111932,0.01460696342723852,0.00445556640625,0.00634765625,0.0001515716190726661,0.00012339246491872296,0.00010502221049964733,8.856971895776478e-05
20,10020,5,c20_day5,Sherbrooke,4,9,readout q99: 0.0156->0.0544,26,48,7,0.8713024863920947,0.9920662061038606,4,0.0010384445561869061,0.007850986624725387,0.019699913154597966,0.05438559011839186,0.0002461171004796426,0.00013252953230862786,0.0002125036773353605,7.063221921579745e-05
20,10020,5,c20_day5,Torino,4,9,"readout q80: 0.0229->0.0924 | cz(80, 81): 0.0037->0.0135",24,41,10,0.8188170992291901,0.9950166798183911,4,0.001539116294439845,0.013522195445952841,0.029086362764286795,0.09241966980714718,0.00019043703324203982,0.00015459493999167093,0.00012061807649362823,2.7784766241489783e-05
20,10020,5,c20_day5,Fez,4,9,readout q143: 0.0044->0.0088,24,41,10,0.9447850461269318,0.995747011337783,4,0.0006326078804322352,0.003311355983104225,0.006103515625,0.0087890625,0.00014494155734598587,9.562081555389064e-05,0.00011309494030264407,9.144599425726836e-05
20,10020,6,c20_day6,Sherbrooke,4,9,readout q99: 0.0156->0.0714,26,48,7,0.8557625457477698,0.9968088568630941,4,0.0010355352802202192,0.007850986624725387,0.023953400364845473,0.07139953895938189,0.0002461171004796426,0.00013252953230862786,0.0002125036773353605,7.063221921579745e-05
20,10020,6,c20_day6,Torino,4,9,"readout q92: 0.0090->0.0180 | cz(92, 99): 0.0032->0.0075",24,41,10,0.8967324849961434,0.9902567758203578,4,0.001029129808497917,0.007543799653019902,0.01397261987247006,0.02294921875,0.00019043703324203982,0.00015459493999167093,0.00012061807649362823,2.7784766241489783e-05
20,10020,6,c20_day6,Fez,4,9,"cz(142, 141): 0.0029->0.0103",24,41,10,0.9212839961478565,0.9942901379044146,4,0.0012094154132979253,0.010278085885378166,0.0050048828125,0.006103515625,0.00014494155734598587,9.562081555389064e-05,0.00011309494030264407,9.144599425726836e-05
20,10020,7,c20_day7,Sherbrooke,4,9,readout q29: 0.0125->0.0240,29,42,7,0.8927680413841809,0.9918509022521027,4,0.0011367943824605396,0.010934778799582434,0.01424674249091993,0.02402798558867972,0.00034112801210783026,0.0001586839588384347,0.00014118472042975262,1.8737652324842994e-05
20,10020,7,c20_day7,Torino,4,9,readout q92: 0.0090->0.0180,24,41,10,0.9086223847323575,0.9917379633583995,4,0.0007723776561252449,0.003746277807441689,0.01397089127555977,0.02294921875,0.00019043703324203982,0.00015459493999167093,0.00012061807649362823,2.7784766241489783e-05
20,10020,7,c20_day7,Fez,4,9,readout q141: 0.0049->0.0154 | readout q136: 0.0046->0.0105,24,43,10,0.9332667028281169,0.9897079335448248,4,0.0006124924948471273,0.003311355983104225,0.009089593140312276,0.015399459827683398,0.00014494155734598587,9.562081555389064e-05,0.00011309494030264407,9.144599425726836e-05
21,10021,0,c21_day0,Sherbrooke,4,10,normal,20,33,4,0.949506759769637,0.9913662115137443,4,0.0006570248508055666,0.006303480430202679,0.0068359375,0.0078125,0.0002806395150267347,0.00023928033542071583,0.00025041012594210815,6.337555301919867e-05
21,10021,0,c21_day0,Torino,4,10,normal,17,29,4,0.9382572518583974,0.9800105222791132,4,0.0004989547622775623,0.003746277807441689,0.01171875,0.02294921875,0.00019043703324203982,0.00015459493999167093,0.00012061807649362823,2.7784766241489783e-05
21,10021,0,c21_day0,Fez,4,10,normal,17,29,4,0.9657890042066655,0.994436997669737,4,0.0004460800101740843,0.003311355983104225,0.0050048828125,0.006103515625,0.00014494155734598587,9.562081555389064e-05,0.00011309494030264407,9.144599425726836e-05
21,10021,1,c21_day1,Sherbrooke,4,10,readout q125: 0.0078->0.0162,20,33,4,0.9414563140447049,0.9921400458457804,4,0.0006570248508055666,0.006303480430202679,0.008939016687041317,0.01622481674816527,0.0002806395150267347,0.00023928033542071583,0.00025041012594210815,6.337555301919867e-05
21,10021,1,c21_day1,Torino,4,10,"readout q92: 0.0090->0.0179 | cz(92, 99): 0.0032->0.0081",17,29,4,0.9253044408513008,0.9880336738285477,4,0.0006469566817475156,0.008063076405192935,0.013935887143400367,0.02294921875,0.00019043703324203982,0.00015459493999167093,0.00012061807649362823,2.7784766241489783e-05
21,10021,1,c21_day1,Fez,4,10,"cz(136, 143): 0.0024->0.0048",17,29,4,0.9634822028718073,0.9934720782957459,4,0.0005182830532085312,0.004817010079430838,0.0050048828125,0.006103515625,0.00014494155734598587,9.562081555389064e-05,0.00011309494030264407,9.144599425726836e-05
21,10021,2,c21_day2,Sherbrooke,4,10,"ecr(124, 123): 0.0053->0.0204",20,33,4,0.9208899038331093,0.9863730122514556,4,0.0014734863084405684,0.020378059322558987,0.0068359375,0.0078125,0.0002806395150267347,0.00023928033542071583,0.00025041012594210815,6.337555301919867e-05
21,10021,2,c21_day2,Torino,4,10,readout q92: 0.0090->0.0329,17,29,4,0.9156876956461004,0.98767867582906,4,0.0004989547622775623,0.003746277807441689,0.017678117961795844,0.032870674972183385,0.00019043703324203982,0.00015459493999167093,0.00012061807649362823,2.7784766241489783e-05
21,10021,2,c21_day2,Fez,4,10,readout q141: 0.0049->0.0133,17,29,4,0.9576217713597129,0.9951326626854298,4,0.0004460800101740843,0.003311355983104225,0.007108694759239107,0.013298060286956428,0.00014494155734598587,9.562081555389064e-05,0.00011309494030264407,9.144599425726836e-05
21,10021,3,c21_day3,Sherbrooke,4,10,"readout q124: 0.0042->0.0226 | ecr(124, 123): 0.0053->0.0181",20,33,4,0.908043361099339,0.973958627407462,4,0.0013501360513958683,0.018096079567232037,0.011448723835252177,0.022601535966008706,0.0002806395150267347,0.00023928033542071583,0.00025041012594210815,6.337555301919867e-05
21,10021,3,c21_day3,Torino,4,10,"readout q81: 0.0054->0.0163 | readout q81: 0.0163->0.0581 | cz(81, 80): 0.0037->0.0115",17,29,4,0.8816403412134579,0.9833236181811883,4,0.0007335956258864938,0.011489426306536427,0.024893146044063126,0.05806867792625251,0.00019043703324203982,0.00015459493999167093,0.00012061807649362823,2.7784766241489783e-05
21,10021,3,c21_day3,Fez,4,10,readout q141: 0.0049->0.0236 | readout q141: 0.0236->0.0458,17,29,4,0.9260320881070125,0.9873797381403032,4,0.0004460800101740843,0.003311355983104225,0.015245937111222949,0.045847029694891794,0.00014494155734598587,9.562081555389064e-05,0.00011309494030264407,9.144599425726836e-05
21,10021,4,c21_day4,Sherbrooke,4,10,"readout q125: 0.0078->0.0173 | ecr(124, 123): 0.0053->0.0118",20,33,4,0.9280757281566282,0.9933938733141864,4,0.0010104748444865052,0.011812347239408822,0.009215359164928476,0.01733018665971391,0.0002806395150267347,0.00023928033542071583,0.00025041012594210815,6.337555301919867e-05
21,10021,4,c21_day4,Torino,4,10,readout q80: 0.0229->0.0796,17,29,4,0.8838816310089758,0.9643239248761143,4,0.0004989547622775623,0.003746277807441689,0.02587471381660029,0.07957307401640117,0.00019043703324203982,0.00015459493999167093,0.00012061807649362823,2.7784766241489783e-05
21,10021,4,c21_day4,Fez,4,10,"readout q143: 0.0044->0.0173 | cz(136, 143): 0.0024->0.0068",17,29,4,0.9491107231728816,0.9909569868371807,4,0.0005788060901309236,0.006814270297869788,0.008224476354485567,0.01727290541794227,0.00014494155734598587,9.562081555389064e-05,0.00011309494030264407,9.144599425726836e-05
21,10021,5,c21_day5,Sherbrooke,4,10,readout q123: 0.0078->0.0156,20,33,4,0.9420303285903486,0.9877736207157906,4,0.0006570248508055666,0.006303480430202679,0.0087890625,0.015625,0.0002806395150267347,0.00023928033542071583,0.00025041012594210815,6.337555301919867e-05
21,10021,5,c21_day5,Torino,4,10,readout q92: 0.0090->0.0327 | readout q81: 0.0054->0.0204,17,29,4,0.9020067195154822,0.9802108497720865,4,0.0004989547622775623,0.003746277807441689,0.021393799974315085,0.032690683158725094,0.00019043703324203982,0.00015459493999167093,0.00012061807649362823,2.7784766241489783e-05
21,10021,5,c21_day5,Fez,4,10,"readout q136: 0.0046->0.0212 | cz(136, 143): 0.0024->0.0058",17,29,4,0.9465120706830674,0.995514032492417,4,0.0005467671897708486,0.0057569865859873086,0.009156675505653166,0.021245842647612666,0.00014494155734598587,9.562081555389064e-05,0.00011309494030264407,9.144599425726836e-05
21,10021,6,c21_day6,Sherbrooke,4,10,readout q123: 0.0078->0.0156,20,33,4,0.9420303285903486,0.9917185964921322,4,0.0006570248508055666,0.006303480430202679,0.0087890625,0.015625,0.0002806395150267347,0.00023928033542071583,0.00025041012594210815,6.337555301919867e-05
21,10021,6,c21_day6,Torino,4,10,readout q99: 0.0095->0.0248 | readout q81: 0.0054->0.0081,17,29,4,0.9212700805597953,0.9821529998125533,4,0.0004989547622775623,0.003746277807441689,0.01621524702947169,0.024772460456937814,0.00019043703324203982,0.00015459493999167093,0.00012061807649362823,2.7784766241489783e-05
21,10021,6,c21_day6,Fez,4,10,readout q143: 0.0044->0.0124 | readout q143: 0.0124->0.0387,17,29,4,0.9324836355808432,0.9710714610980493,4,0.0004460800101740843,0.003311355983104225,0.013588281204429651,0.038728124817718604,0.00014494155734598587,9.562081555389064e-05,0.00011309494030264407,9.144599425726836e-05
21,10021,7,c21_day7,Sherbrooke,4,10,readout q122: 0.0076->0.0323,20,33,4,0.9258132178263948,0.9936084657456876,4,0.0006570248508055666,0.006303480430202679,0.013027104772114521,0.032333028463458084,0.0002806395150267347,0.00023928033542071583,0.00025041012594210815,6.337555301919867e-05
21,10021,7,c21_day7,Torino,4,10,readout q99: 0.0095->0.0518,17,29,4,0.8981981523133445,0.988539751053845,4,0.0004989547622775623,0.003746277807441689,0.0222909244692271,0.05181018225190839,0.00019043703324203982,0.00015459493999167093,0.00012061807649362823,2.7784766241489783e-05
21,10021,7,c21_day7,Fez,4,10,readout q143: 0.0044->0.0087,17,29,4,0.9616303506408483,0.9921842839674699,4,0.0004460800101740843,0.003311355983104225,0.006076643366495251,0.008681573465981005,0.00014494155734598587,9.562081555389064e-05,0.00011309494030264407,9.144599425726836e-05
22,10022,0,c22_day0,Sherbrooke,7,22,normal,143,279,54,0.6275157272414742,0.8907275099966085,7,0.0011344459576216532,0.010934778799582434,0.012311662946428572,0.023681640625,0.00031381447080995443,0.0001586839588384347,0.00020472181177876746,1.8737652324842994e-05
22,10022,0,c22_day0,Torino,7,22,normal,110,201,54,0.6273262244240747,0.91034782540745,7,0.001217320258938824,0.007659549953425382,0.021763392857142856,0.05029296875,0.0001733772831796748,5.9527434601436146e-05,0.00016260580396035445,0.00010472429134423937
22,10022,0,c22_day0,Fez,7,22,normal,104,188,54,0.7920053627028272,0.9423752134733838,7,0.0008076379468889006,0.004046006358762122,0.005336216517857143,0.00634765625,0.00013992197608963915,9.562081555389064e-05,0.0001056992067699987,7.152777106683473e-05
22,10022,1,c22_day1,Sherbrooke,7,22,readout q98: 0.0247->0.0420 | readout q100: 0.0134->0.0511,159,281,54,0.5742938364003062,0.9051329021392599,7,0.0012151076539867471,0.007850986624725387,0.020522698175792213,0.05108256012625731,0.00024480440752331305,0.00013252953230862786,0.00024524358554437386,7.063221921579745e-05
22,10022,1,c22_day1,Torino,7,22,"readout q28: 0.0063->0.0115 | cz(36, 29): 0.0039->0.0123",107,202,54,0.5830023745126099,0.9129728777317531,7,0.0014763984049910794,0.01227395096610669,0.022493562406813116,0.05029296875,0.0001733772831796748,5.9527434601436146e-05,0.00016260580396035445,0.00010472429134423937
22,10022,1,c22_day1,Fez,7,22,"readout q124: 0.0046->0.0265 | cz(124, 123): 0.0032->0.0072",107,184,51,0.7786715515386289,0.9441587515799225,7,0.0007844982484986117,0.007169583663824078,0.00929044067597543,0.026458865981828016,0.00012985236659536722,9.562081555389064e-05,0.00010858949671893505,7.152777106683473e-05
22,10022,2,c22_day2,Sherbrooke,7,22,readout q108: 0.0100->0.0200,146,282,54,0.5859973551342331,0.9167566515071096,7,0.001300200633151005,0.009356178106295743,0.013602120535714286,0.02587890625,0.00027217488205126593,0.00016310636822987974,0.00020543075344287484,2.7133052989838604e-05
22,10022,2,c22_day2,Torino,7,22,"cz(29, 28): 0.0044->0.0107",107,184,51,0.6566182196593313,0.9289155148099764,7,0.0013348187354606331,0.01069808511377206,0.014962332589285714,0.040771484375,0.0001521502292532546,5.9527434601436146e-05,0.0001435084969175055,6.870523592058317e-05
22,10022,2,c22_day2,Fez,7,22,readout q141: 0.0049->0.0180,107,202,54,0.779503408753518,0.9476764202457102,7,0.0007200034772093704,0.0033999583821837653,0.009162853234789334,0.017997394518525327,0.00014077673169589,9.562081555389064e-05,0.00011646817047098795,9.144599425726836e-05
22,10022,3,c22_day3,Sherbrooke,7,22,readout q110: 0.0073->0.0249,147,298,57,0.5872518037654142,0.9090451661129253,7,0.0011844491985768017,0.008122971041865934,0.015623850111936424,0.03076171875,0.0002483739358875063,0.00013252953230862786,0.00023083891410470756,7.063221921579745e-05
22,10022,3,c22_day3,Torino,7,22,"cz(36, 29): 0.0039->0.0071",116,207,57,0.6455281086459733,0.9264198273807096,7,0.0012116891029460117,0.007659549953425382,0.016496930803571428,0.040771484375,0.00016042273186343259,5.9527434601436146e-05,0.00014353602309820495,6.870523592058317e-05
22,10022,3,c22_day3,Fez,7,22,readout q122: 0.0063->0.0257 | readout q136: 0.0046->0.0101,104,188,54,0.7723193885937661,0.9451262414284212,7,0.0008076379468889006,0.004046006358762122,0.00888105132272304,0.025687357788841576,0.00013992197608963915,9.562081555389064e-05,0.0001056992067699987,7.152777106683473e-05
22,10022,4,c22_day4,Sherbrooke,7,22,"ecr(110, 118): 0.0061->0.0245",147,295,57,0.4603141392355678,0.8851168132353214,7,0.0019257487995121294,0.024520254864580662,0.013113839285714286,0.03076171875,0.0002483739358875063,0.00013252953230862786,0.00023083891410470756,7.063221921579745e-05
22,10022,4,c22_day4,Torino,7,22,"readout q27: 0.0305->0.0775 | cz(28, 27): 0.0062->0.0187",116,207,57,0.5534516264265463,0.9153130049733609,7,0.001601413321529434,0.01867701086034726,0.02320447034797986,0.07747035493585902,0.00016042273186343259,5.9527434601436146e-05,0.00014353602309820495,6.870523592058317e-05
22,10022,4,c22_day4,Fez,7,22,"readout q124: 0.0046->0.0204 | cz(143, 136): 0.0024->0.0092",104,188,54,0.7585544314378422,0.9387248762849189,7,0.0009192665054402019,0.009187837451647819,0.007590633721954781,0.020419592303683464,0.00013992197608963915,9.562081555389064e-05,0.0001056992067699987,7.152777106683473e-05
22,10022,5,c22_day5,Sherbrooke,7,22,"readout q118: 0.0125->0.0699 | ecr(110, 100): 0.0063->0.0135",136,270,51,0.5236874621058276,0.8734682033956862,7,0.0015234200348088751,0.013469978929304807,0.02174339583101856,0.06992838019212994,0.00024102067263949875,0.00013252953230862786,0.00021755675524040154,7.063221921579745e-05
22,10022,5,c22_day5,Torino,7,22,"readout q27: 0.0305->0.0561 | cz(29, 28): 0.0044->0.0101",104,188,54,0.6109311786321403,0.9188780558411085,7,0.0015421041822136683,0.010122978015795713,0.0166322549428315,0.0561230502248205,0.00015410456289853745,5.9527434601436146e-05,0.00011787675149662644,3.136320201800166e-05
22,10022,5,c22_day5,Fez,7,22,"readout q136: 0.0046->0.0239 | cz(123, 124): 0.0032->0.0131",104,188,54,0.7174263009219777,0.9303992493463713,7,0.0011329218691645243,0.013089179586294832,0.008086361127023623,0.023889684139165354,0.00013992197608963915,9.562081555389064e-05,0.0001056992067699987,7.152777106683473e-05
22,10022,6,c22_day6,Sherbrooke,7,22,"ecr(104, 103): 0.0047->0.0183",156,313,60,0.532846288500789,0.8917687913084638,7,0.0014539190532052216,0.018330639841081624,0.011997767857142858,0.02587890625,0.00029158046735509494,0.00021071911926522037,0.00020148760373429092,2.7133052989838604e-05
22,10022,6,c22_day6,Torino,7,22,"cz(36, 48): 0.0041->0.0113",118,200,54,0.5799930583385289,0.9148037594246613,7,0.0015287434853803112,0.011318253277665044,0.021763392857142856,0.05029296875,0.0001733772831796748,5.9527434601436146e-05,0.00016260580396035445,0.00010472429134423937
22,10022,6,c22_day6,Fez,7,22,"readout q124: 0.0046->0.0152 | readout q141: 0.0049->0.0159 | cz(136, 143): 0.0024->0.0064",104,188,54,0.7538203260758891,0.9457011490658934,7,0.0009213330412564284,0.006364911493142903,0.00841577880914695,0.015850410535696233,0.00013992197608963915,9.562081555389064e-05,0.0001056992067699987,7.152777106683473e-05
22,10022,7,c22_day7,Sherbrooke,7,22,"ecr(107, 108): 0.0094->0.0142",140,273,54,0.5842265854695412,0.9304952434443795,7,0.001375657307258245,0.014192801007660417,0.012172154017857142,0.02587890625,0.00027217488205126593,0.00016310636822987974,0.00020543075344287484,2.7133052989838604e-05
22,10022,7,c22_day7,Torino,7,22,readout q27: 0.0305->0.0496,104,188,54,0.6405144029889045,0.9200961312006543,7,0.0013763777379202737,0.007659549953425382,0.015700253112227936,0.049599037410595556,0.00015410456289853745,5.9527434601436146e-05,0.00011787675149662644,3.136320201800166e-05
22,10022,7,c22_day7,Fez,7,22,"readout q143: 0.0044->0.0157 | cz(136, 123): 0.0034->0.0168",116,207,57,0.6809337361537792,0.937024793417544,7,0.0012476288562419992,0.016799327601723372,0.007574785455155791,0.01566998256109054,0.00013337264399165073,9.562081555389064e-05,0.00011143495717471131,9.144599425726836e-05
23,10023,0,c23_day0,Sherbrooke,4,19,normal,70,99,18,0.8626781075421557,0.9846386971690241,4,0.0008691769326103463,0.010934778799582434,0.0113525390625,0.016845703125,0.00034112801210783026,0.0001586839588384347,0.00014118472042975262,1.8737652324842994e-05
23,10023,0,c23_day0,Torino,4,19,normal,64,77,18,0.8821140986881342,0.9902966597527333,4,0.0009929537046606202,0.007659549953425382,0.0076904296875,0.011962890625,0.0001236753781531724,5.9527434601436146e-05,0.00014682518479433284,0.00010472429134423937
23,10023,0,c23_day0,Fez,4,19,normal,64,77,18,0.910793314707777,0.995315242695478,4,0.0007940792610736678,0.00475732006683538,0.00445556640625,0.00634765625,0.0001515716190726661,0.00012339246491872296,0.00010502221049964733,8.856971895776478e-05
23,10023,1,c23_day1,Sherbrooke,4,19,"readout q30: 0.0063->0.0230 | ecr(17, 30): 0.0036->0.0086",70,99,18,0.7988645322543915,0.976349407108413,4,0.0013784737096865513,0.010934778799582434,0.015514191384266872,0.022994265537067488,0.00034112801210783026,0.0001586839588384347,0.00014118472042975262,1.8737652324842994e-05
23,10023,1,c23_day1,Torino,4,19,readout q30: 0.0054->0.0120,64,77,18,0.8745929489902836,0.9860677423600728,4,0.0010124874561257098,0.007659549953425382,0.009352352499945872,0.012018784999783488,0.0001236753781531724,5.9527434601436146e-05,0.00014682518479433284,0.00010472429134423937
23,10023,1,c23_day1,Fez,4,19,"readout q102: 0.0061->0.0290 | cz(103, 104): 0.0048->0.0112",64,77,18,0.8840364674832425,0.9922690457068801,4,0.0008620598524339859,0.011215476246065602,0.010179909678641495,0.02900088871456598,0.0001515716190726661,0.00012339246491872296,0.00010502221049964733,8.856971895776478e-05
23,10023,2,c23_day2,Sherbrooke,4,19,"readout q30: 0.0063->0.0143 | ecr(17, 30): 0.0036->0.0124",70,99,18,0.7697802153113937,0.9773135234479279,4,0.001767226505797388,0.012402161579803651,0.013335391795589667,0.016845703125,0.00034112801210783026,0.0001586839588384347,0.00014118472042975262,1.8737652324842994e-05
23,10023,2,c23_day2,Torino,4,19,"cz(29, 36): 0.0039->0.0091",64,77,18,0.8392890792661236,0.9859732540921385,4,0.001513516596727865,0.009146625767724093,0.0076904296875,0.011962890625,0.0001236753781531724,5.9527434601436146e-05,0.00014682518479433284,0.00010472429134423937
23,10023,2,c23_day2,Fez,4,19,"readout q103: 0.0029->0.0113 | cz(103, 104): 0.0048->0.0158",64,77,18,0.8931631824444335,0.9893189347625585,4,0.0009102767133588843,0.015796078033930946,0.00653896396367853,0.011263277729714121,0.0001515716190726661,0.00012339246491872296,0.00010502221049964733,8.856971895776478e-05
23,10023,3,c23_day3,Sherbrooke,4,19,"readout q17: 0.0168->0.0840 | readout q17: 0.0840->0.1849 | ecr(29, 30): 0.0063->0.0181",70,99,18,0.6898841633631645,0.9191006344725556,4,0.001173917658069112,0.01813511216511588,0.05335948336773443,0.18487348034593773,0.00034112801210783026,0.0001586839588384347,0.00014118472042975262,1.8737652324842994e-05
23,10023,3,c23_day3,Torino,4,19,readout q28: 0.0063->0.0154 | readout q30: 0.0054->0.0084,64,77,18,0.8698578385813894,0.986460482037965,4,0.0010124874561257098,0.007659549953425382,0.010694192883956741,0.015362594177288282,0.0001236753781531724,5.9527434601436146e-05,0.00014682518479433284,0.00010472429134423937
23,10023,3,c23_day3,Fez,4,19,"readout q104: 0.0063->0.0323 | readout q104: 0.0323->0.1106 | cz(103, 102): 0.0033->0.0112",64,77,18,0.758924578421009,0.9705040135171048,4,0.0015416764255308483,0.011216282831186412,0.03052554880600766,0.11062758584903064,0.0001515716190726661,0.00012339246491872296,0.00010502221049964733,8.856971895776478e-05
23,10023,4,c23_day4,Sherbrooke,4,19,"readout q17: 0.0168->0.0554 | ecr(17, 30): 0.0036->0.0065",70,99,18,0.8010420116718563,0.9675697088306582,4,0.0011595319743836565,0.010934778799582434,0.020986243841182327,0.055380522239729314,0.00034112801210783026,0.0001586839588384347,0.00014118472042975262,1.8737652324842994e-05
23,10023,4,c23_day4,Torino,4,19,readout q36: 0.0071->0.0121 | readout q30: 0.0054->0.0162,64,77,18,0.8664910540520193,0.9834377412896171,4,0.0010124874561257098,0.007659549953425382,0.011651924643668432,0.016217715785007213,0.0001236753781531724,5.9527434601436146e-05,0.00014682518479433284,0.00010472429134423937
23,10023,4,c23_day4,Fez,4,19,"readout q143: 0.0044->0.0069 | cz(143, 142): 0.0033->0.0154",76,92,27,0.8065252984475607,0.9854939236332491,4,0.0016082210816849923,0.015415347260119897,0.005631854791752639,0.006902419167010555,0.00014494155734598587,9.562081555389064e-05,0.00011309494030264407,9.144599425726836e-05
23,10023,5,c23_day5,Sherbrooke,4,19,"readout q31: 0.0098->0.0382 | ecr(17, 30): 0.0036->0.0084",70,99,18,0.7913779723671533,0.9693945630450861,4,0.0013548139669810172,0.010934778799582434,0.018453280024603027,0.03816858884841211,0.00034112801210783026,0.0001586839588384347,0.00014118472042975262,1.8737652324842994e-05
23,10023,5,c23_day5,Torino,4,19,"readout q29: 0.0120->0.0400 | readout q30: 0.0054->0.0168 | cz(29, 28): 0.0044->0.0115",64,77,18,0.8351622729275894,0.9802020190752849,4,0.001142647862092309,0.011504050562515024,0.01756066330530546,0.04004539870778108,0.0001236753781531724,5.9527434601436146e-05,0.00014682518479433284,0.00010472429134423937
23,10023,5,c23_day5,Fez,4,19,"cz(104, 103): 0.0048->0.0071",64,77,18,0.9064193272009232,0.9879867044938231,4,0.0008444508262230862,0.00714996941143275,0.00445556640625,0.00634765625,0.0001515716190726661,0.00012339246491872296,0.00010502221049964733,8.856971895776478e-05
23,10023,6,c23_day6,Sherbrooke,4,19,"readout q29: 0.0125->0.0613 | readout q17: 0.0168->0.0668 | ecr(29, 30): 0.0063->0.0296",70,99,18,0.7248519016554342,0.9475171595556718,4,0.0014667565515930003,0.02955582901254752,0.03605404284309545,0.06679316191905954,0.00034112801210783026,0.0001586839588384347,0.00014118472042975262,1.8737652324842994e-05
23,10023,6,c23_day6,Torino,4,19,"readout q36: 0.0071->0.0376 | readout q36: 0.0376->0.0760 | cz(29, 36): 0.0039->0.0135",64,77,18,0.7517868809678985,0.9541386431366975,4,0.0019103810203495086,0.013541939838084056,0.024922577998919702,0.07600867137067881,0.0001236753781531724,5.9527434601436146e-05,0.00014682518479433284,0.00010472429134423937
23,10023,6,c23_day6,Fez,4,19,"readout q96: 0.0024->0.0090 | readout q96: 0.0090->0.0344 | cz(103, 96): 0.0046->0.0126",64,77,18,0.8675565266437452,0.9896486034041487,4,0.0009617047828774584,0.0125715079475705,0.012448018145343765,0.03441121320637506,0.0001515716190726661,0.00012339246491872296,0.00010502221049964733,8.856971895776478e-05
23,10023,7,c23_day7,Sherbrooke,4,19,"readout q31: 0.0098->0.0325 | readout q29: 0.0125->0.0307 | ecr(17, 30): 0.0036->0.0112",70,99,18,0.7548515295180451,0.9761460433463164,4,0.0016466051286986702,0.0112246037851339,0.021598756107814043,0.03247901453046765,0.00034112801210783026,0.0001586839588384347,0.00014118472042975262,1.8737652324842994e-05
23,10023,7,c23_day7,Torino,4,19,"cz(29, 36): 0.0039->0.0059",64,77,18,0.8644216593546898,0.9809939416574986,4,0.0012052683677497122,0.007659549953425382,0.0076904296875,0.011962890625,0.0001236753781531724,5.9527434601436146e-05,0.00014682518479433284,0.00010472429134423937
23,10023,7,c23_day7,Fez,4,19,"readout q104: 0.0063->0.0364 | readout q103: 0.0029->0.0102 | cz(103, 102): 0.0033->0.0109",64,77,18,0.8187287115015244,0.9857987976879592,4,0.0015100860151950144,0.01088282849986372,0.013792525003743896,0.03642257351869352,0.0001515716190726661,0.00012339246491872296,0.00010502221049964733,8.856971895776478e-05
24,10024,0,c24_day0,Sherbrooke,6,11,normal,40,86,16,0.8496058018972009,0.9015650247151905,6,0.0009177781083913349,0.006303480430202679,0.011433919270833334,0.021484375,0.00027183634943718846,0.00023928033542071583,0.0001876829355294096,1.565907859482999e-05
24,10024,0,c24_day0,Torino,6,11,normal,38,57,13,0.8504679269311414,0.9086594172436311,6,0.0010787256891442493,0.007149550828637552,0.014241536458333334,0.030517578125,0.00016149496557519023,5.9527434601436146e-05,0.00011883393753481318,3.136320201800166e-05
24,10024,0,c24_day0,Fez,6,11,normal,34,57,13,0.9225550452918111,0.9487070495796367,6,0.0006853737124048458,0.004046006358762122,0.005411783854166667,0.00634765625,0.00013520179862149434,9.562081555389064e-05,0.00010807474218878708,7.152777106683473e-05
24,10024,1,c24_day1,Sherbrooke,6,11,"readout q112: 0.0222->0.0539 | ecr(112, 126): 0.0046->0.0191",44,80,13,0.8019585957900917,0.8839986695554715,6,0.001259874831271333,0.019051651254684377,0.01683747144151621,0.053905688024097266,0.0002903967056151038,0.00023928033542071583,0.00020135273492343802,6.337555301919867e-05
24,10024,1,c24_day1,Torino,6,11,"readout q92: 0.0090->0.0245 | cz(80, 81): 0.0037->0.0186",32,56,13,0.7967013549639397,0.8756830966426306,6,0.001591057629875666,0.01855536825545991,0.019223181842441386,0.033935546875,0.00020496139583401252,0.00015459493999167093,0.00012209566271840193,2.7784766241489783e-05
24,10024,1,c24_day1,Fez,6,11,readout q143: 0.0044->0.0147,35,54,13,0.918231278069164,0.9475866588456976,6,0.0006532922854206652,0.0033999583821837653,0.006882600540118244,0.014684275115709466,0.00013930878891715842,9.562081555389064e-05,0.00011139444605385935,9.144599425726836e-05
24,10024,2,c24_day2,Sherbrooke,6,11,"readout q110: 0.0073->0.0325 | readout q118: 0.0125->0.0199 | ecr(99, 100): 0.0079->0.0361",34,75,13,0.7195754002520715,0.8036247888858293,7,0.002445663749432594,0.03613768427398497,0.018285777853038147,0.03246419620883702,0.00024480440752331305,0.00013252953230862786,0.00024524358554437386,7.063221921579745e-05
24,10024,2,c24_day2,Torino,6,11,"readout q17: 0.0112->0.0651 | cz(29, 28): 0.0044->0.0070",38,57,13,0.7957448123140671,0.860993576585818,6,0.0012283394643930678,0.007149550828637552,0.02321253288170001,0.06505644729020003,0.00016149496557519023,5.9527434601436146e-05,0.00011883393753481318,3.136320201800166e-05
24,10024,2,c24_day2,Fez,6,11,"cz(123, 136): 0.0034->0.0160",32,56,13,0.8865305981631075,0.9242235643302535,6,0.0012671291609829276,0.01604439653831157,0.005411783854166667,0.00634765625,0.00013520179862149434,9.562081555389064e-05,0.00010807474218878708,7.152777106683473e-05
24,10024,3,c24_day3,Sherbrooke,6,11,"readout q123: 0.0078->0.0242 | ecr(121, 122): 0.0063->0.0226",30,71,13,0.8105718280656087,0.8860810223426552,6,0.0015537715525050762,0.02258933080250264,0.012980077666600587,0.024169528499603528,0.00027494878145465566,0.00023928033542071583,0.0002145264554548628,1.565907859482999e-05
24,10024,3,c24_day3,Torino,6,11,"readout q27: 0.0305->0.1647 | readout q36: 0.0071->0.0215 | cz(30, 31): 0.0069->0.0191",32,57,13,0.6693930855186961,0.74162865172199,7,0.0013484324076685952,0.019129241477365982,0.048154518707004386,0.1646559536641806,0.0001733772831796748,5.9527434601436146e-05,0.00016260580396035445,0.00010472429134423937
24,10024,3,c24_day3,Fez,6,11,readout q136: 0.0046->0.0214 | readout q136: 0.0214->0.0587,32,56,13,0.8710828236973008,0.905613246938464,6,0.0007173709802817187,0.004046006358762122,0.014428423396596833,0.05873850912958099,0.00013520179862149434,9.562081555389064e-05,0.00010807474218878708,7.152777106683473e-05
24,10024,4,c24_day4,Sherbrooke,6,11,readout q121: 0.0215->0.1288,42,72,13,0.7716373118978812,0.8827229085362058,6,0.000951597439741999,0.006303480430202679,0.02814547212936586,0.12883377027619516,0.00027494878145465566,0.00023928033542071583,0.0002145264554548628,1.565907859482999e-05
24,10024,4,c24_day4,Torino,6,11,"cz(28, 27): 0.0062->0.0213",35,54,13,0.8131265041177461,0.8919045968873297,6,0.001787749973304333,0.021315249706666806,0.014241536458333334,0.030517578125,0.00016149496557519023,5.9527434601436146e-05,0.00011883393753481318,3.136320201800166e-05
24,10024,4,c24_day4,Fez,6,11,readout q142: 0.0061->0.0310 | readout q143: 0.0044->0.0091,26,54,13,0.899365953332551,0.9467392564182667,6,0.0006683832293859421,0.0033999583821837653,0.010105985987351233,0.03103978504593386,0.00013930878891715842,9.562081555389064e-05,0.00011139444605385935,9.144599425726836e-05
24,10024,5,c24_day5,Sherbrooke,6,11,readout q123: 0.0078->0.0298,30,71,13,0.8469558166537451,0.9155260090034332,6,0.0009707204415831308,0.006303480430202679,0.013918348315138015,0.029799152390828094,0.00027494878145465566,0.00023928033542071583,0.0002145264554548628,1.565907859482999e-05
24,10024,5,c24_day5,Torino,6,11,readout q27: 0.0305->0.1609 | readout q36: 0.0071->0.0121,26,51,10,0.7322234985289667,0.8063528176629167,6,0.000960023944565135,0.007659549953425382,0.03956912954890991,0.1608674560768386,0.00015300704376970922,5.9527434601436146e-05,0.00015600782096114192,0.00010472429134423937
24,10024,5,c24_day5,Fez,6,11,"cz(123, 122): 0.0040->0.0146",32,56,13,0.9113444323897346,0.9447238337427658,6,0.0008710067182420979,0.014646872278028286,0.005411783854166667,0.00634765625,0.00013520179862149434,9.562081555389064e-05,0.00010807474218878708,7.152777106683473e-05
24,10024,6,c24_day6,Sherbrooke,6,11,readout q122: 0.0076->0.0189,44,80,13,0.8560939566197792,0.9148109610686944,6,0.0007935767476967726,0.006303480430202679,0.013448555744334826,0.022216796875,0.0002903967056151038,0.00023928033542071583,0.00020135273492343802,6.337555301919867e-05
24,10024,6,c24_day6,Torino,6,11,"readout q28: 0.0063->0.0298 | cz(8, 17): 0.0055->0.0107",38,57,13,0.8260919313415666,0.8941138610132549,6,0.00115244944299584,0.010682252225392421,0.01814907252200425,0.030517578125,0.00016149496557519023,5.9527434601436146e-05,0.00011883393753481318,3.136320201800166e-05
24,10024,6,c24_day6,Fez,6,11,readout q143: 0.0044->0.0239 | readout q122: 0.0063->0.0226,34,57,13,0.8897174106611608,0.9361846696388754,6,0.0006853737124048458,0.004046006358762122,0.011365833699295712,0.02390449912840668,0.00013520179862149434,9.562081555389064e-05,0.00010807474218878708,7.152777106683473e-05
24,10024,7,c24_day7,Sherbrooke,6,11,"readout q98: 0.0247->0.0434 | ecr(110, 118): 0.0061->0.0276",40,65,13,0.7536172692816248,0.8676910029016605,6,0.0023570654451875437,0.027619172524715574,0.015986728149769692,0.043430134523618165,0.0002506183673745268,0.00013252953230862786,0.00025753651351526893,7.063221921579745e-05
24,10024,7,c24_day7,Torino,6,11,readout q29: 0.0120->0.0239,38,57,13,0.8401706873908334,0.9089537419750711,6,0.0010787256891442493,0.007149550828637552,0.0162353515625,0.030517578125,0.00016149496557519023,5.9527434601436146e-05,0.00011883393753481318,3.136320201800166e-05
24,10024,7,c24_day7,Fez,6,11,readout q143: 0.0044->0.0113,32,56,13,0.9147978520852659,0.955586172303331,6,0.0007173709802817187,0.004046006358762122,0.006555883350353291,0.01125912822711975,0.00013520179862149434,9.562081555389064e-05,0.00010807474218878708,7.152777106683473e-05
25,10025,0,c25_day0,Sherbrooke,6,19,normal,121,221,45,0.6724412686827117,0.9493537760166373,6,0.0011848569527257414,0.007731650573851945,0.013346354166666666,0.017822265625,0.00030045777999759745,0.00022879595524938841,9.443992520510245e-05,2.4196989159075558e-05
25,10025,0,c25_day0,Torino,6,19,normal,95,149,45,0.7075232917352867,0.952331333256708,6,0.0012469949849092771,0.007659549953425382,0.017008463541666668,0.040771484375,0.00015300704376970922,5.9527434601436146e-05,0.00015600782096114192,0.00010472429134423937
25,10025,0,c25_day0,Fez,6,19,normal,97,156,45,0.8283684342726391,0.9694476597669099,6,0.0007504963493008172,0.0033999583821837653,0.006184895833333333,0.0107421875,0.00013882111055209668,9.562081555389064e-05,0.00011291462876078286,9.144599425726836e-05
25,10025,1,c25_day1,Sherbrooke,6,19,readout q77: 0.0088->0.0176,121,221,45,0.6664787352658208,0.9494119227734548,6,0.0011848569527257414,0.007731650573851945,0.014811197916666666,0.017822265625,0.00030045777999759745,0.00022879595524938841,9.443992520510245e-05,2.4196989159075558e-05
25,10025,1,c25_day1,Torino,6,19,readout q30: 0.0054->0.0081,95,149,45,0.7055790200595283,0.9490049565573754,6,0.0012469949849092771,0.007659549953425382,0.017464003034830557,0.040771484375,0.00015300704376970922,5.9527434601436146e-05,0.00015600782096114192,0.00010472429134423937
25,10025,1,c25_day1,Fez,6,19,"cz(136, 143): 0.0024->0.0063",95,149,45,0.7991480253729537,0.9679886967791024,6,0.0009619104470462216,0.006251789024325621,0.006184895833333333,0.0107421875,0.00013882111055209668,9.562081555389064e-05,0.00011291462876078286,9.144599425726836e-05
25,10025,2,c25_day2,Sherbrooke,6,19,"ecr(78, 79): 0.0062->0.0193",117,222,45,0.5968622857683823,0.9461141610959755,6,0.0016209562500288895,0.019348976688323964,0.013346354166666666,0.017822265625,0.00030045777999759745,0.00022879595524938841,9.443992520510245e-05,2.4196989159075558e-05
25,10025,2,c25_day2,Torino,6,19,"readout q48: 0.0408->0.1533 | cz(36, 29): 0.0039->0.0125",95,149,45,0.5772856717268777,0.9359877570287533,6,0.0016492282573568131,0.01252834648968156,0.03575927045309046,0.15327632584354273,0.00015300704376970922,5.9527434601436146e-05,0.00015600782096114192,0.00010472429134423937
25,10025,2,c25_day2,Fez,6,19,"cz(143, 142): 0.0033->0.0120",92,147,45,0.7994504230261583,0.9649839483790708,6,0.0009693350137462772,0.012001574634989557,0.006184895833333333,0.0107421875,0.00013882111055209668,9.562081555389064e-05,0.00011291462876078286,9.144599425726836e-05
25,10025,3,c25_day3,Sherbrooke,6,19,"readout q122: 0.0076->0.0152 | ecr(121, 122): 0.0063->0.0130",118,253,51,0.6221318198682324,0.9363741840503748,6,0.0013264646677482895,0.013041801657234058,0.011522095891834462,0.021484375,0.00027494878145465566,0.00023928033542071583,0.0002145264554548628,1.565907859482999e-05
25,10025,3,c25_day3,Torino,6,19,readout q36: 0.0071->0.0298 | readout q48: 0.0408->0.1578,92,147,45,0.5794235264708345,0.935488912959992,6,0.0015008143164250652,0.007659549953425382,0.04029914561377484,0.1577814170544819,0.00015300704376970922,5.9527434601436146e-05,0.00015600782096114192,0.00010472429134423937
25,10025,3,c25_day3,Fez,6,19,readout q123: 0.0063->0.0220,97,156,45,0.8152953349533764,0.9688019847910616,6,0.0007504963493008172,0.0033999583821837653,0.008798490469329671,0.022029224065978025,0.00013882111055209668,9.562081555389064e-05,0.00011291462876078286,9.144599425726836e-05
25,10025,4,c25_day4,Sherbrooke,6,19,"ecr(77, 76): 0.0076->0.0210",121,221,45,0.5639031975394371,0.9386707033710969,6,0.001837149659260331,0.020987103939813543,0.013346354166666666,0.017822265625,0.00030045777999759745,0.00022879595524938841,9.443992520510245e-05,2.4196989159075558e-05
25,10025,4,c25_day4,Torino,6,19,"readout q27: 0.0305->0.1086 | cz(29, 30): 0.0077->0.0310",97,156,45,0.48476989658790914,0.9161062282574032,6,0.002640972881671189,0.031020581728082808,0.030016315791651454,0.10856469162490871,0.00015300704376970922,5.9527434601436146e-05,0.00015600782096114192,0.00010472429134423937
25,10025,4,c25_day4,Fez,6,19,"readout q144: 0.0107->0.0198 | cz(143, 144): 0.0032->0.0048",90,158,48,0.8006484706242535,0.9635050045352349,6,0.0008535079803974575,0.004834658488850045,0.007660829169684064,0.019841928143104388,0.0001275609111738412,9.562081555389064e-05,0.00011476645099428512,9.360064375549623e-05
25,10025,5,c25_day5,Sherbrooke,6,19,"ecr(78, 77): 0.0055->0.0241",121,221,45,0.5355704957504008,0.9318810208773081,6,0.002027747225165083,0.024135438141255988,0.013346354166666666,0.017822265625,0.00030045777999759745,0.00022879595524938841,9.443992520510245e-05,2.4196989159075558e-05
25,10025,5,c25_day5,Torino,6,19,"readout q27: 0.0305->0.0977 | cz(36, 48): 0.0041->0.0071",97,156,45,0.6245805683306136,0.9441555888444485,6,0.0014651783335609717,0.007659549953425382,0.028206596066390737,0.09770637327334443,0.00015300704376970922,5.9527434601436146e-05,0.00015600782096114192,0.00010472429134423937
25,10025,5,c25_day5,Fez,6,19,"readout q136: 0.0046->0.0104 | readout q123: 0.0063->0.0128 | cz(141, 142): 0.0029->0.0098",92,147,45,0.812134051046659,0.9668536269022734,6,0.0008241005045040757,0.009799638674379264,0.008228533333891539,0.012846074621470848,0.00013882111055209668,9.562081555389064e-05,0.00011291462876078286,9.144599425726836e-05
25,10025,6,c25_day6,Sherbrooke,6,19,"readout q79: 0.0156->0.0340 | readout q79: 0.0340->0.0690 | ecr(78, 79): 0.0062->0.0177",122,221,45,0.5862792006973309,0.9492543674952317,6,0.0014870566711293117,0.017655811322739173,0.02224447672761735,0.06901373536570408,0.00030045777999759745,0.00022879595524938841,9.443992520510245e-05,2.4196989159075558e-05
25,10025,6,c25_day6,Torino,6,19,readout q36: 0.0071->0.0142,95,149,45,0.7024782522810642,0.9494505454213813,6,0.0012469949849092771,0.007659549953425382,0.0181884765625,0.040771484375,0.00015300704376970922,5.9527434601436146e-05,0.00015600782096114192,0.00010472429134423937
25,10025,6,c25_day6,Fez,6,19,readout q142: 0.0061->0.0144,97,156,45,0.8214566329420957,0.97195438308124,6,0.0007504963493008172,0.0033999583821837653,0.007567053570338662,0.014396462047031978,0.00013882111055209668,9.562081555389064e-05,0.00011291462876078286,9.144599425726836e-05
25,10025,7,c25_day7,Sherbrooke,6,19,readout q122: 0.0076->0.0453 | readout q122: 0.0453->0.0973,120,257,51,0.6275634254056228,0.9362411342786467,6,0.0010011514011293429,0.006303480430202679,0.02521700274139499,0.09734693832336995,0.00027494878145465566,0.00023928033542071583,0.0002145264554548628,1.565907859482999e-05
25,10025,7,c25_day7,Torino,6,19,"readout q29: 0.0120->0.0372 | cz(36, 29): 0.0039->0.0192",95,149,45,0.6281518462496799,0.9441055916001855,6,0.001721214777672417,0.019191091471820628,0.02122122087655497,0.040771484375,0.00015300704376970922,5.9527434601436146e-05,0.00015600782096114192,0.00010472429134423937
25,10025,7,c25_day7,Fez,6,19,readout q142: 0.0061->0.0187,98,141,45,0.822697791941789,0.9688556623016321,6,0.0007792835939930448,0.0033999583821837653,0.008289377505210173,0.018730405656261037,0.00013882111055209668,9.562081555389064e-05,0.00011291462876078286,9.144599425726836e-05
26,10026,0,c26_day0,Sherbrooke,6,26,normal,157,293,57,0.6154571305693757,0.9308222937199269,6,0.0011991420884099055,0.007850986624725387,0.010660807291666666,0.015625,0.00024311707603998786,0.00013252953230862786,0.00022593133173611567,7.063221921579745e-05
26,10026,0,c26_day0,Torino,6,26,normal,126,195,60,0.6560891800337896,0.9425060942031989,6,0.0012440704793182545,0.007659549953425382,0.017008463541666668,0.040771484375,0.00015300704376970922,5.9527434601436146e-05,0.00015600782096114192,0.00010472429134423937
26,10026,0,c26_day0,Fez,6,26,normal,122,203,57,0.7919556286451171,0.9575925658442036,6,0.0007528317513739677,0.0033999583821837653,0.006184895833333333,0.0107421875,0.00013882111055209668,9.562081555389064e-05,0.00011291462876078286,9.144599425726836e-05
26,10026,1,c26_day1,Sherbrooke,6,26,"readout q100: 0.0134->0.0797 | ecr(119, 118): 0.0065->0.0244",158,278,57,0.4562267311601194,0.8883702177607008,6,0.0019282851762516778,0.024363610518318684,0.02169903590683413,0.07965710606600478,0.00024311707603998786,0.00013252953230862786,0.00022593133173611567,7.063221921579745e-05
26,10026,1,c26_day1,Torino,6,26,readout q100: 0.0339->0.1221 | readout q92: 0.0090->0.0187,120,200,57,0.6636118394088598,0.9304044876608342,6,0.0007908447730532973,0.004051016058839674,0.03295154370771436,0.1221188515929388,0.00020496139583401252,0.00015459493999167093,0.00012209566271840193,2.7784766241489783e-05
26,10026,1,c26_day1,Fez,6,26,readout q143: 0.0044->0.0184,116,203,57,0.7790083033363724,0.9660628690522478,6,0.0007618592919076404,0.0033999583821837653,0.008513186717729292,0.018364276556375753,0.00013882111055209668,9.562081555389064e-05,0.00011291462876078286,9.144599425726836e-05
26,10026,2,c26_day2,Sherbrooke,6,26,"ecr(71, 77): 0.0062->0.0275",172,280,57,0.477698182187421,0.8852686274347675,6,0.0019360989598028874,0.027517626417093606,0.013346354166666666,0.017822265625,0.00030045777999759745,0.00022879595524938841,9.443992520510245e-05,2.4196989159075558e-05
26,10026,2,c26_day2,Torino,6,26,"readout q36: 0.0071->0.0340 | cz(36, 48): 0.0041->0.0135",122,203,57,0.5755512730438458,0.9222679109231994,6,0.001614846840202036,0.013472259170955412,0.021496403118334766,0.040771484375,0.00015300704376970922,5.9527434601436146e-05,0.00015600782096114192,0.00010472429134423937
26,10026,2,c26_day2,Fez,6,26,readout q136: 0.0046->0.0113,110,197,57,0.7882715316795303,0.9663945593387868,6,0.000763523800590721,0.0033999583821837653,0.007254326205741257,0.011299394734447544,0.0001275609111738412,9.562081555389064e-05,0.00011476645099428512,9.360064375549623e-05
26,10026,3,c26_day3,Sherbrooke,6,26,"readout q100: 0.0134->0.0296 | ecr(110, 118): 0.0061->0.0140",157,293,57,0.5412031560838144,0.9313579691655105,6,0.001516087198790149,0.014005851327159848,0.013353833501566171,0.029585891634397028,0.00024311707603998786,0.00013252953230862786,0.00022593133173611567,7.063221921579745e-05
26,10026,3,c26_day3,Torino,6,26,readout q80: 0.0229->0.1126,113,197,57,0.6587968188350332,0.9438887141222686,6,0.0008652742856233669,0.004051016058839674,0.03158142316695798,0.1125842421267479,0.00020496139583401252,0.00015459493999167093,0.00012209566271840193,2.7784766241489783e-05
26,10026,3,c26_day3,Fez,6,26,readout q142: 0.0061->0.0130,122,203,57,0.7864853325909668,0.96443563105148,6,0.0007528317513739677,0.0033999583821837653,0.00732909041108849,0.012968683091530946,0.00013882111055209668,9.562081555389064e-05,0.00011291462876078286,9.144599425726836e-05
26,10026,4,c26_day4,Sherbrooke,6,26,"ecr(71, 77): 0.0062->0.0237",172,280,57,0.5006421612299252,0.8757885307560943,6,0.0018004571345851034,0.02370984868890493,0.013346354166666666,0.017822265625,0.00030045777999759745,0.00022879595524938841,9.443992520510245e-05,2.4196989159075558e-05
26,10026,4,c26_day4,Torino,6,26,"cz(36, 48): 0.0041->0.0186",122,203,57,0.5674639809806867,0.9256513523647929,6,0.001772452247948072,0.018594434922701582,0.017008463541666668,0.040771484375,0.00015300704376970922,5.9527434601436146e-05,0.00015600782096114192,0.00010472429134423937
26,10026,4,c26_day4,Fez,6,26,readout q142: 0.0061->0.0122,110,197,57,0.7887086100238523,0.9635786514491111,6,0.000763523800590721,0.0033999583821837653,0.007161458333333333,0.01220703125,0.0001275609111738412,9.562081555389064e-05,0.00011476645099428512,9.360064375549623e-05
26,10026,5,c26_day5,Sherbrooke,6,26,readout q58: 0.0093->0.0153 | readout q77: 0.0088->0.0270,172,280,57,0.6046309216429895,0.9177892853451731,6,0.0011768024239094499,0.007731650573851945,0.017385336408827542,0.026991953627529777,0.00030045777999759745,0.00022879595524938841,9.443992520510245e-05,2.4196989159075558e-05
26,10026,5,c26_day5,Torino,6,26,readout q92: 0.0090->0.0317 | readout q92: 0.0317->0.1005,113,197,57,0.6584020566476966,0.9185958096695246,6,0.0008652742856233669,0.004051016058839674,0.03188408799812311,0.10048421548873863,0.00020496139583401252,0.00015459493999167093,0.00012209566271840193,2.7784766241489783e-05
26,10026,5,c26_day5,Fez,6,26,readout q136: 0.0046->0.0167,122,203,57,0.7823323463419812,0.9648231794979275,6,0.0007528317513739677,0.0033999583821837653,0.008200716481972103,0.016733595766832615,0.00013882111055209668,9.562081555389064e-05,0.00011291462876078286,9.144599425726836e-05
26,10026,6,c26_day6,Sherbrooke,6,26,"ecr(106, 105): 0.0062->0.0224",188,305,60,0.45453375962149056,0.8962425905256192,6,0.0018913343668826663,0.02241055815201586,0.015218098958333334,0.045654296875,0.0002936812990008389,0.00016771136230027628,0.00017998619536918145,2.7133052989838604e-05
26,10026,6,c26_day6,Torino,6,26,"readout q48: 0.0408->0.1735 | readout q36: 0.0071->0.0255 | cz(36, 48): 0.0041->0.0203",122,203,57,0.473315034240934,0.8968353091714266,6,0.0018243829186641786,0.020282181720975047,0.042199436609611556,0.17346839565582103,0.00015300704376970922,5.9527434601436146e-05,0.00015600782096114192,0.00010472429134423937
26,10026,6,c26_day6,Fez,6,26,"readout q141: 0.0049->0.0123 | readout q123: 0.0063->0.0204 | cz(142, 141): 0.0029->0.0134",126,195,60,0.7118632618099598,0.9551888598470984,6,0.0010976150961815655,0.013427755342877516,0.00977272275579511,0.0204204179601023,0.00013882111055209668,9.562081555389064e-05,0.00011291462876078286,9.144599425726836e-05
26,10026,7,c26_day7,Sherbrooke,6,26,"readout q78: 0.0171->0.0758 | readout q76: 0.0115->0.0446 | ecr(71, 77): 0.0062->0.0182",173,281,57,0.48677073050109515,0.8988832885816497,6,0.0015994812397098872,0.018174965953817256,0.028648260904065897,0.07581191392973409,0.00030045777999759745,0.00022879595524938841,9.443992520510245e-05,2.4196989159075558e-05
26,10026,7,c26_day7,Torino,6,26,"readout q28: 0.0063->0.0139 | cz(28, 27): 0.0062->0.0225",116,203,57,0.622323768113993,0.9259490193451831,6,0.0013925422488547071,0.02247306451769312,0.018260082969550732,0.040771484375,0.00015300704376970922,5.9527434601436146e-05,0.00015600782096114192,0.00010472429134423937
26,10026,7,c26_day7,Fez,6,26,readout q123: 0.0063->0.0153 | readout q136: 0.0046->0.0112,131,200,60,0.7730818857055143,0.9601313869420371,6,0.0007862793225149909,0.0033999583821837653,0.008728736030423416,0.015291563808515618,0.0001275609111738412,9.562081555389064e-05,0.00011476645099428512,9.360064375549623e-05
27,10027,0,c27_day0,Sherbrooke,4,12,normal,25,46,7,0.9338550141757672,0.9771115011303466,4,0.000771534566799994,0.006303480430202679,0.0068359375,0.0078125,0.0002806395150267347,0.00023928033542071583,0.00025041012594210815,6.337555301919867e-05
27,10027,0,c27_day0,Torino,4,12,normal,26,32,7,0.9340050971432162,0.9685863093638992,4,0.0009564014654823716,0.007659549953425382,0.0076904296875,0.011962890625,0.0001236753781531724,5.9527434601436146e-05,0.00014682518479433284,0.00010472429134423937
27,10027,0,c27_day0,Fez,4,12,normal,22,33,7,0.9564332457821568,0.978086875734722,4,0.0006109939391352711,0.003311355983104225,0.0050048828125,0.006103515625,0.00014494155734598587,9.562081555389064e-05,0.00011309494030264407,9.144599425726836e-05
27,10027,1,c27_day1,Sherbrooke,4,12,"readout q124: 0.0042->0.0198 | ecr(123, 122): 0.0049->0.0075",25,46,7,0.914397074277414,0.9744995315152922,4,0.0008687697715845066,0.007476177989606277,0.010755962532080908,0.019830490753323632,0.0002806395150267347,0.00023928033542071583,0.00025041012594210815,6.337555301919867e-05
27,10027,1,c27_day1,Torino,4,12,"cz(80, 81): 0.0037->0.0182",21,30,7,0.9155352861356391,0.9625091261911167,4,0.0011028499222189025,0.018205193893354583,0.01171875,0.02294921875,0.00019043703324203982,0.00015459493999167093,0.00012061807649362823,2.7784766241489783e-05
27,10027,1,c27_day1,Fez,4,12,"readout q103: 0.0029->0.0063 | readout q102: 0.0061->0.0113 | cz(103, 104): 0.0048->0.0102",26,32,7,0.9211070445441861,0.9593361047449245,4,0.0014216234752745553,0.010205311511923798,0.0065990829278206875,0.011306487308788212,0.0001515716190726661,0.00012339246491872296,0.00010502221049964733,8.856971895776478e-05
27,10027,2,c27_day2,Sherbrooke,4,12,"readout q122: 0.0076->0.0453 | ecr(124, 123): 0.0053->0.0209",24,46,7,0.8430280151005353,0.9389530299103139,4,0.0019542856541274944,0.020898305817186096,0.016279383451072754,0.045342143179291014,0.0002806395150267347,0.00023928033542071583,0.00025041012594210815,6.337555301919867e-05
27,10027,2,c27_day2,Torino,4,12,readout q92: 0.0090->0.0181,22,33,7,0.9201617424635907,0.9629924291580025,4,0.0006691583465207937,0.003746277807441689,0.01397705078125,0.02294921875,0.00019043703324203982,0.00015459493999167093,0.00012061807649362823,2.7784766241489783e-05
27,10027,2,c27_day2,Fez,4,12,"readout q136: 0.0046->0.0072 | readout q143: 0.0044->0.0114 | cz(142, 143): 0.0033->0.0128",22,33,7,0.9204852666068479,0.9527170911754721,4,0.0013222708997183883,0.01279504879087912,0.0073940700805075555,0.011399820862312792,0.00014494155734598587,9.562081555389064e-05,0.00011309494030264407,9.144599425726836e-05
27,10027,3,c27_day3,Sherbrooke,4,12,"ecr(124, 123): 0.0053->0.0116",25,46,7,0.9102431043920316,0.9481130154046907,4,0.0012506488456674445,0.011621786551305174,0.0068359375,0.0078125,0.0002806395150267347,0.00023928033542071583,0.00025041012594210815,6.337555301919867e-05
27,10027,3,c27_day3,Torino,4,12,"readout q30: 0.0054->0.0308 | cz(36, 29): 0.0039->0.0169",24,31,7,0.8858946721618272,0.9525758761500204,4,0.0016856968768005568,0.01692471253710424,0.014035323637116928,0.030750669548467714,0.0001236753781531724,5.9527434601436146e-05,0.00014682518479433284,0.00010472429134423937
27,10027,3,c27_day3,Fez,4,12,readout q143: 0.0044->0.0088,21,30,7,0.9528126259758548,0.9763518205242884,4,0.0006435170704898522,0.003311355983104225,0.006103515625,0.0087890625,0.00014494155734598587,9.562081555389064e-05,0.00011309494030264407,9.144599425726836e-05
27,10027,4,c27_day4,Sherbrooke,4,12,"readout q110: 0.0073->0.0426 | ecr(110, 100): 0.0063->0.0225",25,43,7,0.8470991012928295,0.9352406276418886,4,0.0017762324088635307,0.02250004330126275,0.018826855353910578,0.04259257766564231,0.0002461171004796426,0.00013252953230862786,0.0002125036773353605,7.063221921579745e-05
27,10027,4,c27_day4,Torino,4,12,"readout q92: 0.0090->0.0313 | cz(81, 80): 0.0037->0.0155",22,33,7,0.8865494023715421,0.9517412692651727,4,0.0012552681172810377,0.015468473222646568,0.017278620480025028,0.031272685045100106,0.00019043703324203982,0.00015459493999167093,0.00012061807649362823,2.7784766241489783e-05
27,10027,4,c27_day4,Fez,4,12,"readout q141: 0.0049->0.0133 | cz(143, 142): 0.0033->0.0135",22,33,7,0.938649050367911,0.968449953201212,4,0.0008649584663111443,0.013469937070139153,0.00711663940932129,0.013329838887285159,0.00014494155734598587,9.562081555389064e-05,0.00011309494030264407,9.144599425726836e-05
27,10027,5,c27_day5,Sherbrooke,4,12,readout q124: 0.0042->0.0083,23,44,7,0.929789368717642,0.9757580948546309,4,0.0008054510946129145,0.006303480430202679,0.00787353515625,0.00830078125,0.0002806395150267347,0.00023928033542071583,0.00025041012594210815,6.337555301919867e-05
27,10027,5,c27_day5,Torino,4,12,readout q92: 0.0090->0.0188,21,30,7,0.919862845560516,0.9673434102279884,4,0.0007120684063834192,0.003746277807441689,0.014160264390956058,0.02294921875,0.00019043703324203982,0.00015459493999167093,0.00012061807649362823,2.7784766241489783e-05
27,10027,5,c27_day5,Fez,4,12,"readout q143: 0.0044->0.0070 | cz(143, 142): 0.0033->0.0066",21,30,7,0.9417840113164914,0.973281866176023,4,0.0010039571043418164,0.0066454262962348945,0.005666822356417919,0.007042289425671674,0.00014494155734598587,9.562081555389064e-05,0.00011309494030264407,9.144599425726836e-05
27,10027,6,c27_day6,Sherbrooke,4,12,readout q124: 0.0042->0.0083,24,46,7,0.929789368717642,0.9748312089728977,4,0.0007750567136841255,0.006303480430202679,0.00787353515625,0.00830078125,0.0002806395150267347,0.00023928033542071583,0.00025041012594210815,6.337555301919867e-05
27,10027,6,c27_day6,Torino,4,12,"readout q92: 0.0090->0.0248 | cz(92, 99): 0.0032->0.0072",22,33,7,0.9101855849431282,0.9603225773759991,4,0.0007687452754823974,0.007162490221148621,0.015664265106025747,0.024815263549102986,0.00019043703324203982,0.00015459493999167093,0.00012061807649362823,2.7784766241489783e-05
27,10027,6,c27_day6,Fez,4,12,"readout q136: 0.0046->0.0070 | cz(141, 142): 0.0029->0.0102",22,33,7,0.9402784134032013,0.9770343764953381,4,0.0009739451435808466,0.010182813930252128,0.0056066210453483995,0.007045624806393599,0.00014494155734598587,9.562081555389064e-05,0.00011309494030264407,9.144599425726836e-05
27,10027,7,c27_day7,Sherbrooke,4,12,readout q122: 0.0076->0.0446 | readout q125: 0.0078->0.0310,23,44,7,0.8778937111397814,0.9721475379359982,4,0.0008054510946129145,0.006303480430202679,0.021874699422996045,0.04457027890324092,0.0002806395150267347,0.00023928033542071583,0.00025041012594210815,6.337555301919867e-05
27,10027,7,c27_day7,Torino,4,12,readout q99: 0.0095->0.0257,22,33,7,0.9134376793117153,0.9683007986794238,4,0.0006691583465207937,0.003746277807441689,0.015768919072312773,0.025722160664251092,0.00019043703324203982,0.00015459493999167093,0.00012061807649362823,2.7784766241489783e-05
27,10027,7,c27_day7,Fez,4,12,readout q143: 0.0044->0.0088,22,33,7,0.9522116179194597,0.9774056868729449,4,0.0006109939391352711,0.003311355983104225,0.006103515625,0.0087890625,0.00014494155734598587,9.562081555389064e-05,0.00011309494030264407,9.144599425726836e-05
28,10028,0,c28_day0,Sherbrooke,5,10,normal,55,89,17,0.8608146296453455,0.9902392813181983,5,0.0009640304515780906,0.006303480430202679,0.009423828125,0.019775390625,0.0002768752423068153,0.00023928033542071583,0.00022208770691632554,6.337555301919867e-05
28,10028,0,c28_day0,Torino,5,10,normal,41,70,17,0.8791520411552437,0.9928117108341599,5,0.0007154468327977444,0.003746277807441689,0.01318359375,0.02294921875,0.00019848302986387326,0.00015459493999167093,0.00010863385192096079,2.7784766241489783e-05
28,10028,0,c28_day0,Fez,5,10,normal,40,73,14,0.92242382104388,0.9899722919144277,5,0.0005725288533445557,0.003311355983104225,0.00615234375,0.0107421875,0.0001355044007645096,9.562081555389064e-05,0.00011281155702207986,9.144599425726836e-05
28,10028,1,c28_day1,Sherbrooke,5,10,readout q123: 0.0078->0.0266,49,98,17,0.8462065686953786,0.9839760883580014,5,0.0008713191340104521,0.006303480430202679,0.013180901392231903,0.026597866336159515,0.0002768752423068153,0.00023928033542071583,0.00022208770691632554,6.337555301919867e-05
28,10028,1,c28_day1,Torino,5,10,readout q36: 0.0071->0.0140 | readout q36: 0.0140->0.0520,40,79,17,0.8094331701881562,0.9735159074702526,6,0.001072759432833655,0.007659549953425382,0.02123981712048071,0.05199986685240355,0.00014108960706047673,5.9527434601436146e-05,0.00013229567640973057,9.850632384804888e-05
28,10028,1,c28_day1,Fez,5,10,"readout q136: 0.0046->0.0142 | readout q143: 0.0044->0.0155 | cz(136, 123): 0.0034->0.0144",39,79,17,0.8600416493410301,0.9850833314978935,5,0.001072632123407663,0.014397858116162293,0.009410547203862854,0.015546175089847415,0.00014703417777479512,9.562081555389064e-05,0.00011316194973297482,9.144599425726836e-05
28,10028,2,c28_day2,Sherbrooke,5,10,readout q124: 0.0042->0.0166,55,88,17,0.8500815887071422,0.9870546304554674,5,0.0009732116939740725,0.006303480430202679,0.011907172217355674,0.019775390625,0.0002768752423068153,0.00023928033542071583,0.00022208770691632554,6.337555301919867e-05
28,10028,2,c28_day2,Torino,5,10,"readout q98: 0.0190->0.0833 | cz(99, 92): 0.0032->0.0083",48,78,17,0.803240043376502,0.9658306894106417,5,0.0008908953309647436,0.008349083511201645,0.026042541958718014,0.08333770979359005,0.00019848302986387326,0.00015459493999167093,0.00010863385192096079,2.7784766241489783e-05
28,10028,2,c28_day2,Fez,5,10,readout q144: 0.0107->0.0199,40,79,17,0.905466805633064,0.9897221377288603,6,0.0005997948582621746,0.0033999583821837653,0.008277467581585297,0.019902962907926487,0.0001275609111738412,9.562081555389064e-05,0.00011476645099428512,9.360064375549623e-05
28,10028,3,c28_day3,Sherbrooke,5,10,"readout q123: 0.0078->0.0255 | ecr(125, 124): 0.0063->0.0304",55,99,17,0.6935164626011385,0.9878550379760564,5,0.0025575219512325676,0.030367338004042847,0.01296541059350377,0.025520412342518856,0.0002768752423068153,0.00023928033542071583,0.00022208770691632554,6.337555301919867e-05
28,10028,3,c28_day3,Torino,5,10,readout q98: 0.0190->0.0985,48,78,17,0.8066003592150445,0.9552955690165827,5,0.0006732081541850735,0.003746277807441689,0.029065337747673455,0.09845168873836727,0.00019848302986387326,0.00015459493999167093,0.00010863385192096079,2.7784766241489783e-05
28,10028,3,c28_day3,Fez,5,10,"readout q123: 0.0063->0.0260 | cz(143, 136): 0.0024->0.0119",39,79,17,0.8663005251465028,0.9829531224277012,5,0.0010074470599916766,0.011867767871288942,0.009212199653415253,0.026041467017076273,0.00014703417777479512,9.562081555389064e-05,0.00011316194973297482,9.144599425726836e-05
28,10028,4,c28_day4,Sherbrooke,5,10,"readout q36: 0.0083->0.0216 | ecr(31, 32): 0.0055->0.0198",57,102,17,0.7771430580414084,0.9865857683967285,6,0.0014234221829695537,0.019836047951302796,0.01618607790304225,0.023681640625,0.0003049137675136143,0.0001586839588384347,0.00015888157180639456,1.8737652324842994e-05
28,10028,4,c28_day4,Torino,5,10,"readout q29: 0.0120->0.0683 | readout q29: 0.0683->0.1252 | cz(29, 30): 0.0077->0.0198",40,73,14,0.7591490640499865,0.9629988261986616,5,0.0010530854002581713,0.01977388076784558,0.03490009226301569,0.12518405506507846,0.00014009464988824769,5.9527434601436146e-05,0.00013905354692206692,0.00010472429134423937
28,10028,4,c28_day4,Fez,5,10,"readout q142: 0.0061->0.0344 | readout q142: 0.0344->0.0603 | cz(143, 142): 0.0033->0.0155",40,73,14,0.8101054176608019,0.9913670831541757,5,0.0014123195161561772,0.015488320593872737,0.01699389996430039,0.06031129669650194,0.0001355044007645096,9.562081555389064e-05,0.00011281155702207986,9.144599425726836e-05
28,10028,5,c28_day5,Sherbrooke,5,10,readout q123: 0.0078->0.0156,55,89,17,0.8540365616953822,0.9844730983794068,5,0.0009640304515780906,0.006303480430202679,0.010986328125,0.019775390625,0.0002768752423068153,0.00023928033542071583,0.00022208770691632554,6.337555301919867e-05
28,10028,5,c28_day5,Torino,5,10,readout q92: 0.0090->0.0263 | readout q81: 0.0054->0.0214,48,78,17,0.8484363600431665,0.9792678628497439,5,0.0006732081541850735,0.003746277807441689,0.019847398250863225,0.026287161051516728,0.00019848302986387326,0.00015459493999167093,0.00010863385192096079,2.7784766241489783e-05
28,10028,5,c28_day5,Fez,5,10,readout q143: 0.0044->0.0088,39,79,17,0.9140019791582888,0.9865602916356622,5,0.0006143863011585578,0.0033999583821837653,0.00615234375,0.0087890625,0.00014703417777479512,9.562081555389064e-05,0.00011316194973297482,9.144599425726836e-05
28,10028,6,c28_day6,Sherbrooke,5,10,"readout q123: 0.0078->0.0125 | ecr(124, 123): 0.0053->0.0180",55,89,17,0.7829027345542529,0.9853678077902935,5,0.0018043895008219026,0.017998959387717752,0.010362724792168706,0.019775390625,0.0002768752423068153,0.00023928033542071583,0.00022208770691632554,6.337555301919867e-05
28,10028,6,c28_day6,Torino,5,10,"readout q18: 0.0083->0.0328 | cz(28, 29): 0.0044->0.0206",46,74,17,0.789086721385706,0.9822191382072137,6,0.0013835504518524744,0.020573067638665538,0.021700381669416114,0.05029296875,0.00016243786054647366,5.9527434601436146e-05,0.00016243689283475596,0.00010472429134423937
28,10028,6,c28_day6,Fez,5,10,"cz(142, 143): 0.0033->0.0142",45,79,17,0.9033614021482147,0.990841967609389,6,0.0007199427582475383,0.01418339705267828,0.0064453125,0.0107421875,0.0001275609111738412,9.562081555389064e-05,0.00011476645099428512,9.360064375549623e-05
28,10028,7,c28_day7,Sherbrooke,5,10,"ecr(110, 100): 0.0063->0.0235",50,88,14,0.779143917469175,0.9882257166581846,5,0.0019125437327364076,0.023516024980445294,0.010498046875,0.015625,0.0002497563615647794,0.00013252953230862786,0.00023682039453953814,7.063221921579745e-05
28,10028,7,c28_day7,Torino,5,10,readout q81: 0.0054->0.0163,41,70,17,0.8694915182382046,0.9855451909421366,5,0.0007154468327977444,0.003746277807441689,0.015369480807749785,0.02294921875,0.00019848302986387326,0.00015459493999167093,0.00010863385192096079,2.7784766241489783e-05
28,10028,7,c28_day7,Fez,5,10,"readout q143: 0.0044->0.0145 | cz(143, 144): 0.0032->0.0061",40,73,14,0.9025798769631326,0.9887913481042171,5,0.0007049142573008624,0.006078116732567788,0.008168402297877653,0.01447482398938826,0.0001355044007645096,9.562081555389064e-05,0.00011281155702207986,9.144599425726836e-05
29,10029,0,c29_day0,Sherbrooke,4,9,normal,30,57,9,0.9229479568297975,0.9811385948656194,4,0.0007971404743710168,0.006303480430202679,0.0068359375,0.0078125,0.0002806395150267347,0.00023928033542071583,0.00025041012594210815,6.337555301919867e-05
29,10029,0,c29_day0,Torino,4,9,normal,27,45,9,0.9212551310806897,0.9849747129640595,4,0.00064303562072158,0.003746277807441689,0.01171875,0.02294921875,0.00019043703324203982,0.00015459493999167093,0.00012061807649362823,2.7784766241489783e-05
29,10029,0,c29_day0,Fez,4,9,normal,27,44,9,0.9527615759514955,0.9860353683045642,4,0.0005336819309923473,0.003311355983104225,0.0050048828125,0.006103515625,0.00014494155734598587,9.562081555389064e-05,0.00011309494030264407,9.144599425726836e-05
29,10029,1,c29_day1,Sherbrooke,4,9,readout q110: 0.0073->0.0333 | readout q101: 0.0037->0.0096,35,56,9,0.8650477770728975,0.9484206686997315,4,0.0011054318727026276,0.007850986624725387,0.018011037111387747,0.03334952777247143,0.0002461171004796426,0.00013252953230862786,0.0002125036773353605,7.063221921579745e-05
29,10029,1,c29_day1,Torino,4,9,"readout q80: 0.0229->0.0487 | readout q92: 0.0090->0.0166 | cz(80, 81): 0.0037->0.0174",27,44,9,0.8655725679198929,0.9334851360081284,4,0.0011774068627548946,0.017365400365077322,0.020048874031564242,0.04870141388055685,0.00019043703324203982,0.00015459493999167093,0.00012061807649362823,2.7784766241489783e-05
29,10029,1,c29_day1,Fez,4,9,"readout q136: 0.0046->0.0228 | readout q143: 0.0044->0.0162 | cz(143, 136): 0.0024->0.0110",27,44,9,0.892974487808629,0.9749832393663783,4,0.0011792021428295477,0.010987452466136992,0.012501423218862615,0.022821553867295098,0.00014494155734598587,9.562081555389064e-05,0.00011309494030264407,9.144599425726836e-05
29,10029,2,c29_day2,Sherbrooke,4,9,"readout q122: 0.0076->0.0191 | ecr(124, 123): 0.0053->0.0103",33,58,9,0.8935681107205588,0.9614464627897329,4,0.001091639393813899,0.010317466155639141,0.009711936951646166,0.01907235718158466,0.0002806395150267347,0.00023928033542071583,0.00025041012594210815,6.337555301919867e-05
29,10029,2,c29_day2,Torino,4,9,"readout q99: 0.0095->0.0222 | cz(80, 81): 0.0037->0.0161",27,44,9,0.8866766691787138,0.9625593245751122,4,0.0011295876629516194,0.016098191570290528,0.014884122695414616,0.02294921875,0.00019043703324203982,0.00015459493999167093,0.00012061807649362823,2.7784766241489783e-05
29,10029,2,c29_day2,Fez,4,9,"readout q142: 0.0061->0.0102 | cz(143, 136): 0.0024->0.0053",27,45,9,0.9409283313632327,0.9849730076695539,4,0.0006780012434157131,0.005280557223816007,0.00603200207042911,0.01021199265671644,0.00014494155734598587,9.562081555389064e-05,0.00011309494030264407,9.144599425726836e-05
29,10029,3,c29_day3,Sherbrooke,4,9,"readout q125: 0.0078->0.0164 | ecr(125, 124): 0.0063->0.0297",33,58,9,0.8721536256272594,0.9477021925505054,4,0.0014881959084630954,0.029676011269606135,0.008971577044660214,0.01635505817864086,0.0002806395150267347,0.00023928033542071583,0.00025041012594210815,6.337555301919867e-05
29,10029,3,c29_day3,Torino,4,9,"readout q99: 0.0095->0.0407 | cz(80, 92): 0.0031->0.0141",27,45,9,0.8535219117447144,0.9512099906187579,4,0.0014571986868711334,0.014062976022444069,0.019522083717950004,0.040734819246800016,0.00019043703324203982,0.00015459493999167093,0.00012061807649362823,2.7784766241489783e-05
29,10029,3,c29_day3,Fez,4,9,"readout q103: 0.0029->0.0050 | readout q104: 0.0063->0.0164 | cz(103, 104): 0.0048->0.0123",34,51,9,0.9019740602405937,0.9723618980234235,4,0.0012125960880220333,0.012257881481435712,0.00747567641990317,0.016371044163158807,0.0001515716190726661,0.00012339246491872296,0.00010502221049964733,8.856971895776478e-05
29,10029,4,c29_day4,Sherbrooke,4,9,"readout q124: 0.0042->0.0172 | ecr(124, 123): 0.0053->0.0243",30,57,9,0.8762711223893179,0.9676056318156102,4,0.0013748867119536302,0.024339148196537704,0.010098626051741846,0.01720114483196739,0.0002806395150267347,0.00023928033542071583,0.00025041012594210815,6.337555301919867e-05
29,10029,4,c29_day4,Torino,4,9,readout q81: 0.0054->0.0301,27,45,9,0.8983319375301948,0.9632666452804973,4,0.00064303562072158,0.003746277807441689,0.017905980377251714,0.030120015259006858,0.00019043703324203982,0.00015459493999167093,0.00012061807649362823,2.7784766241489783e-05
29,10029,4,c29_day4,Fez,4,9,"readout q136: 0.0046->0.0234 | readout q141: 0.0049->0.0114 | cz(142, 141): 0.0029->0.0060",27,44,9,0.9229824692863166,0.9668700389905016,4,0.0006490608776693366,0.005981331928280831,0.011327623625287383,0.02340399286887586,0.00014494155734598587,9.562081555389064e-05,0.00011309494030264407,9.144599425726836e-05
29,10029,5,c29_day5,Sherbrooke,4,9,readout q123: 0.0078->0.0279,30,57,9,0.9042260863313619,0.9769626596099943,4,0.0007971404743710168,0.006303480430202679,0.01186753374215735,0.027938884968629403,0.0002806395150267347,0.00023928033542071583,0.00025041012594210815,6.337555301919867e-05
29,10029,5,c29_day5,Torino,4,9,readout q99: 0.0095->0.0507 | readout q92: 0.0090->0.0307,27,45,9,0.8636112654939604,0.9540030161389291,4,0.00064303562072158,0.003746277807441689,0.027440686087228598,0.05071478431832207,0.00019043703324203982,0.00015459493999167093,0.00012061807649362823,2.7784766241489783e-05
29,10029,5,c29_day5,Fez,4,9,"cz(142, 143): 0.0033->0.0074",27,45,9,0.934677313699112,0.9806871497906755,4,0.0008769136491675717,0.007419797243015277,0.0050048828125,0.006103515625,0.00014494155734598587,9.562081555389064e-05,0.00011309494030264407,9.144599425726836e-05
29,10029,6,c29_day6,Sherbrooke,4,9,readout q101: 0.0037->0.0073,35,56,9,0.8904165339268598,0.9694935144594856,4,0.0011054318727026276,0.007850986624725387,0.01092529296875,0.015625,0.0002461171004796426,0.00013252953230862786,0.0002125036773353605,7.063221921579745e-05
29,10029,6,c29_day6,Torino,4,9,"readout q99: 0.0095->0.0300 | cz(81, 80): 0.0037->0.0171",27,45,9,0.8664563945563286,0.9694274405727488,4,0.0013832914828057574,0.01707088332495689,0.016847654637122803,0.030037102923491203,0.00019043703324203982,0.00015459493999167093,0.00012061807649362823,2.7784766241489783e-05
29,10029,6,c29_day6,Fez,4,9,readout q141: 0.0049->0.0098,27,44,9,0.9480865927525186,0.9757092083201568,4,0.0005336819309923473,0.003311355983104225,0.0062255859375,0.009765625,0.00014494155734598587,9.562081555389064e-05,0.00011309494030264407,9.144599425726836e-05
29,10029,7,c29_day7,Sherbrooke,4,9,readout q99: 0.0156->0.0711 | readout q99: 0.0711->0.2403,35,56,9,0.6897194162668422,0.8468123508545355,4,0.0011054318727026276,0.007850986624725387,0.06617918697142913,0.24030268538571653,0.0002461171004796426,0.00013252953230862786,0.0002125036773353605,7.063221921579745e-05
29,10029,7,c29_day7,Torino,4,9,readout q92: 0.0090->0.0327,27,44,9,0.8988325066018383,0.9806886571327951,4,0.0006634777096365688,0.003746277807441689,0.017642385325702573,0.03272774442781029,0.00019043703324203982,0.00015459493999167093,0.00012061807649362823,2.7784766241489783e-05
29,10029,7,c29_day7,Fez,4,9,"cz(103, 96): 0.0046->0.0166",34,51,9,0.9185021459268516,0.9665933147141631,4,0.0011133382622700056,0.016632683718530286,0.00445556640625,0.00634765625,0.0001515716190726661,0.00012339246491872296,0.00010502221049964733,8.856971895776478e-05
30,10030,0,c30_day0,Sherbrooke,5,12,normal,50,103,20,0.8530539450030555,0.9795592143558488,5,0.0009044714301600377,0.006303480430202679,0.009423828125,0.019775390625,0.0002768752423068153,0.00023928033542071583,0.00022208770691632554,6.337555301919867e-05
30,10030,0,c30_day0,Torino,5,12,normal,34,63,14,0.8573163495280428,0.9907737490149454,5,0.0011922586544511264,0.007659549953425382,0.012255859375,0.030517578125,0.00014009464988824769,5.9527434601436146e-05,0.00013905354692206692,0.00010472429134423937
30,10030,0,c30_day0,Fez,5,12,normal,51,80,20,0.910940294591103,0.991465555407675,5,0.0006503582615934089,0.003311355983104225,0.005615234375,0.008056640625,0.0001350813559158415,9.562081555389064e-05,9.592361336609829e-05,2.723830561991519e-05
30,10030,1,c30_day1,Sherbrooke,5,12,"readout q125: 0.0078->0.0301 | ecr(123, 122): 0.0049->0.0082",50,103,20,0.8199901298700444,0.9848991410014785,5,0.0010399792871278503,0.008232938344224885,0.013887866719407593,0.030132692972037963,0.0002768752423068153,0.00023928033542071583,0.00022208770691632554,6.337555301919867e-05
30,10030,1,c30_day1,Torino,5,12,"readout q80: 0.0229->0.0977 | cz(81, 80): 0.0037->0.0183",41,75,20,0.7926266588221681,0.9820424233468823,5,0.0009066498382174988,0.018338889566316387,0.028123984596526975,0.09765117298263487,0.00019848302986387326,0.00015459493999167093,0.00010863385192096079,2.7784766241489783e-05
30,10030,1,c30_day1,Fez,5,12,"cz(142, 143): 0.0033->0.0111",47,77,20,0.8844877524362039,0.9884713611552305,5,0.000990047353465886,0.011098005617848333,0.0052734375,0.00634765625,0.00014703417777479512,9.562081555389064e-05,0.00011316194973297482,9.144599425726836e-05
30,10030,2,c30_day2,Sherbrooke,5,12,readout q101: 0.0037->0.0182 | readout q110: 0.0073->0.0266,39,77,14,0.8238715592976132,0.9838805692063598,5,0.0011679862777836186,0.007850986624725387,0.01725759768276101,0.026550985380196235,0.0002497563615647794,0.00013252953230862786,0.00023682039453953814,7.063221921579745e-05
30,10030,2,c30_day2,Torino,5,12,readout q27: 0.0305->0.0610,48,75,17,0.8175270665516245,0.9848340597766516,5,0.001166444881545903,0.007659549953425382,0.018359375,0.06103515625,0.00014009464988824769,5.9527434601436146e-05,0.00013905354692206692,0.00010472429134423937
30,10030,2,c30_day2,Fez,5,12,readout q141: 0.0049->0.0098,44,71,17,0.9100036043842106,0.9928694682165362,5,0.0006640476273189253,0.003311355983104225,0.00712890625,0.0107421875,0.0001355044007645096,9.562081555389064e-05,0.00011281155702207986,9.144599425726836e-05
30,10030,3,c30_day3,Sherbrooke,5,12,"readout q118: 0.0125->0.0372 | ecr(110, 118): 0.0061->0.0248",39,77,14,0.7558893813509431,0.9847131255096266,5,0.002196649953425259,0.024803902464331614,0.015438380967729088,0.03715284233864543,0.0002497563615647794,0.00013252953230862786,0.00023682039453953814,7.063221921579745e-05
30,10030,3,c30_day3,Torino,5,12,readout q30: 0.0054->0.0199 | readout q27: 0.0305->0.0553,34,63,14,0.8231561329610948,0.9859660278583784,5,0.0011922586544511264,0.007659549953425382,0.020127986390620852,0.055319737877283136,0.00014009464988824769,5.9527434601436146e-05,0.00013905354692206692,0.00010472429134423937
30,10030,3,c30_day3,Fez,5,12,"cz(142, 143): 0.0033->0.0063",44,71,17,0.9061971544245543,0.991731055012078,5,0.0007670768924051761,0.006333547758967581,0.00615234375,0.0107421875,0.0001355044007645096,9.562081555389064e-05,0.00011281155702207986,9.144599425726836e-05
30,10030,4,c30_day4,Sherbrooke,5,12,readout q118: 0.0125->0.0311,39,77,14,0.8365503333058947,0.9813269538498952,5,0.0011679862777836186,0.007850986624725387,0.014219017019602967,0.031056022598014838,0.0002497563615647794,0.00013252953230862786,0.00023682039453953814,7.063221921579745e-05
30,10030,4,c30_day4,Torino,5,12,"readout q36: 0.0071->0.0368 | cz(36, 29): 0.0039->0.0092",34,63,14,0.8227437218884117,0.9874525794170639,5,0.0013311675065329311,0.009205975644295279,0.018201183128032313,0.03680669689016157,0.00014009464988824769,5.9527434601436146e-05,0.00013905354692206692,0.00010472429134423937
30,10030,4,c30_day4,Fez,5,12,"cz(142, 143): 0.0033->0.0109",47,77,20,0.8850273107231472,0.9911645313937454,5,0.0009838295101635708,0.010896962017740132,0.0052734375,0.00634765625,0.00014703417777479512,9.562081555389064e-05,0.00011316194973297482,9.144599425726836e-05
30,10030,5,c30_day5,Sherbrooke,5,12,"readout q122: 0.0076->0.0178 | ecr(123, 122): 0.0049->0.0118",50,103,20,0.8153468030751747,0.9849145798651312,5,0.0011850530523364797,0.011801752968357164,0.01147875217322778,0.019775390625,0.0002768752423068153,0.00023928033542071583,0.00022208770691632554,6.337555301919867e-05
30,10030,5,c30_day5,Torino,5,12,"readout q27: 0.0305->0.1083 | readout q27: 0.1083->0.2375 | cz(28, 27): 0.0062->0.0197",34,63,14,0.6295710239968766,0.9668770460148665,5,0.0020722430891224066,0.01972978233475918,0.05364614270537147,0.23746899477685732,0.00014009464988824769,5.9527434601436146e-05,0.00013905354692206692,0.00010472429134423937
30,10030,5,c30_day5,Fez,5,12,readout q136: 0.0046->0.0164,38,70,17,0.9020099457656428,0.9935953852046118,5,0.0007439206067401405,0.004046006358762122,0.007622714318468007,0.016385055967340034,0.00012903326274513795,9.562081555389064e-05,0.00010072478293838896,7.152777106683473e-05
30,10030,6,c30_day6,Sherbrooke,5,12,"readout q110: 0.0073->0.0272 | readout q118: 0.0125->0.0191 | ecr(110, 100): 0.0063->0.0303",39,77,14,0.790364588260918,0.9816718415165244,5,0.0016953847558155793,0.03028691089687751,0.01579138521907748,0.027169560594714315,0.0002497563615647794,0.00013252953230862786,0.00023682039453953814,7.063221921579745e-05
30,10030,6,c30_day6,Torino,5,12,"readout q80: 0.0229->0.0902 | cz(80, 81): 0.0037->0.0150",41,75,20,0.774962197313688,0.9794940086402854,5,0.0012276134528177009,0.015017316593915163,0.026634820750781062,0.09020535375390532,0.00019848302986387326,0.00015459493999167093,0.00010863385192096079,2.7784766241489783e-05
30,10030,6,c30_day6,Fez,5,12,readout q143: 0.0044->0.0095,34,63,14,0.9201359755010458,0.9887326387921181,5,0.0006704948640438675,0.004046006358762122,0.006284554846147777,0.00945011798073889,0.00012903326274513795,9.562081555389064e-05,0.00010072478293838896,7.152777106683473e-05
30,10030,7,c30_day7,Sherbrooke,5,12,"readout q122: 0.0076->0.0223 | readout q126: 0.0198->0.0457 | ecr(124, 123): 0.0053->0.0262",59,107,20,0.6612359034355928,0.9712803069400648,5,0.0025267089800613328,0.02620288880689934,0.017545978453603332,0.04567530495349852,0.0002768752423068153,0.00023928033542071583,0.00022208770691632554,6.337555301919867e-05
30,10030,7,c30_day7,Torino,5,12,readout q36: 0.0071->0.0142,34,63,14,0.8512032012279904,0.9900795763563942,5,0.0011922586544511264,0.007659549953425382,0.013671875,0.030517578125,0.00014009464988824769,5.9527434601436146e-05,0.00013905354692206692,0.00010472429134423937
30,10030,7,c30_day7,Fez,5,12,"readout q142: 0.0061->0.0203 | cz(143, 142): 0.0033->0.0154",47,77,20,0.8193538000250206,0.9873586843146815,5,0.0016238145435998345,0.015430694032707838,0.00811208189602329,0.020296737605116452,0.00014703417777479512,9.562081555389064e-05,0.00011316194973297482,9.144599425726836e-05
31,10031,0,c31_day0,Sherbrooke,4,9,normal,35,62,9,0.9229720283387304,0.942951115229022,4,0.0007406673070945405,0.006303480430202679,0.0068359375,0.0078125,0.0002806395150267347,0.00023928033542071583,0.00025041012594210815,6.337555301919867e-05
31,10031,0,c31_day0,Torino,4,9,normal,31,44,9,0.921280815816098,0.9344094182830488,4,0.000654647576727776,0.003746277807441689,0.01171875,0.02294921875,0.00019043703324203982,0.00015459493999167093,0.00012061807649362823,2.7784766241489783e-05
31,10031,0,c31_day0,Fez,4,9,normal,31,44,9,0.9498571039088364,0.9608445044011199,4,0.0005911198423480729,0.003311355983104225,0.0050048828125,0.006103515625,0.00014494155734598587,9.562081555389064e-05,0.00011309494030264407,9.144599425726836e-05
31,10031,1,c31_day1,Sherbrooke,4,9,"readout q125: 0.0078->0.0275 | ecr(124, 123): 0.0053->0.0151",36,64,9,0.8610004443452117,0.8873842021910053,4,0.001391333771228932,0.015069519655511392,0.011752505380200205,0.02747877152080082,0.0002806395150267347,0.00023928033542071583,0.00025041012594210815,6.337555301919867e-05
31,10031,1,c31_day1,Torino,4,9,"readout q99: 0.0095->0.0166 | cz(80, 92): 0.0031->0.0141",31,44,9,0.8748461255225086,0.9095772607131346,4,0.001487906423668394,0.014112454351388281,0.013488068928696608,0.02294921875,0.00019043703324203982,0.00015459493999167093,0.00012061807649362823,2.7784766241489783e-05
31,10031,1,c31_day1,Fez,4,9,"cz(103, 96): 0.0046->0.0132",34,46,9,0.9099900265545482,0.9404373748456186,4,0.0013829549006636943,0.013200666585705772,0.00445556640625,0.00634765625,0.0001515716190726661,0.00012339246491872296,0.00010502221049964733,8.856971895776478e-05
31,10031,2,c31_day2,Sherbrooke,4,9,readout q124: 0.0042->0.0083,36,64,9,0.9191253687452619,0.9324332118999534,4,0.0007203750521056489,0.006303480430202679,0.00787353515625,0.00830078125,0.0002806395150267347,0.00023928033542071583,0.00025041012594210815,6.337555301919867e-05
31,10031,2,c31_day2,Torino,4,9,"readout q81: 0.0054->0.0110 | cz(92, 80): 0.0031->0.0083",31,44,9,0.8971419410034855,0.9182434510956544,4,0.0010467019195394916,0.008266494671680325,0.013120544098445569,0.02294921875,0.00019043703324203982,0.00015459493999167093,0.00012061807649362823,2.7784766241489783e-05
31,10031,2,c31_day2,Fez,4,9,readout q136: 0.0046->0.0098 | readout q141: 0.0049->0.0192,31,44,9,0.9313336093659891,0.9330856148228497,4,0.0005911198423480729,0.003311355983104225,0.009875200113930668,0.019242633382596797,0.00014494155734598587,9.562081555389064e-05,0.00011309494030264407,9.144599425726836e-05
31,10031,3,c31_day3,Sherbrooke,4,9,readout q122: 0.0076->0.0329,36,64,9,0.8994079447130405,0.9065448264272917,4,0.0007203750521056489,0.006303480430202679,0.013170295815972075,0.0329057926388883,0.0002806395150267347,0.00023928033542071583,0.00025041012594210815,6.337555301919867e-05
31,10031,3,c31_day3,Torino,4,9,"cz(92, 80): 0.0031->0.0090",31,44,9,0.8993942838513719,0.9238380633138534,4,0.0011055461413845234,0.009046180611126999,0.01171875,0.02294921875,0.00019043703324203982,0.00015459493999167093,0.00012061807649362823,2.7784766241489783e-05
31,10031,3,c31_day3,Fez,4,9,readout q142: 0.0061->0.0203,31,44,9,0.9363069240236995,0.9521819612753846,4,0.0005911198423480729,0.003311355983104225,0.008549488652437726,0.020281938984750905,0.00014494155734598587,9.562081555389064e-05,0.00011309494030264407,9.144599425726836e-05
31,10031,4,c31_day4,Sherbrooke,4,9,readout q124: 0.0042->0.0113 | readout q125: 0.0078->0.0229,35,62,9,0.9023456397820562,0.9110609669944737,4,0.0007406673070945405,0.006303480430202679,0.012413126246109329,0.02293502169035467,0.0002806395150267347,0.00023928033542071583,0.00025041012594210815,6.337555301919867e-05
31,10031,4,c31_day4,Torino,4,9,"readout q36: 0.0071->0.0130 | cz(29, 28): 0.0044->0.0124",34,46,9,0.8893201255897537,0.9182982961803858,4,0.0014551077353181926,0.012436143628915819,0.009174957617263498,0.013018189844053993,0.0001236753781531724,5.9527434601436146e-05,0.00014682518479433284,0.00010472429134423937
31,10031,4,c31_day4,Fez,4,9,"readout q136: 0.0046->0.0240 | readout q141: 0.0049->0.0086 | cz(143, 142): 0.0033->0.0124",31,44,9,0.8945144920276986,0.9145097051422383,4,0.00127783145588259,0.01241028486243658,0.010764859278291627,0.023962735209026833,0.00014494155734598587,9.562081555389064e-05,0.00011309494030264407,9.144599425726836e-05
31,10031,5,c31_day5,Sherbrooke,4,9,"readout q125: 0.0078->0.0207 | ecr(124, 123): 0.0053->0.0107",36,64,9,0.8865863370087603,0.9118410532617652,4,0.0010889644180271379,0.010654927098765195,0.01006350271893558,0.020722760875742322,0.0002806395150267347,0.00023928033542071583,0.00025041012594210815,6.337555301919867e-05
31,10031,5,c31_day5,Torino,4,9,readout q92: 0.0090->0.0202,31,44,9,0.9108801686657276,0.9338601675028593,4,0.000654647576727776,0.003746277807441689,0.014515588872331106,0.02294921875,0.00019043703324203982,0.00015459493999167093,0.00012061807649362823,2.7784766241489783e-05
31,10031,5,c31_day5,Fez,4,9,readout q143: 0.0044->0.0122,31,44,9,0.9423630478534023,0.9501113987788434,4,0.0005911198423480729,0.003311355983104225,0.006968631665144668,0.01224952666057867,0.00014494155734598587,9.562081555389064e-05,0.00011309494030264407,9.144599425726836e-05
31,10031,6,c31_day6,Sherbrooke,4,9,"readout q30: 0.0063->0.0251 | readout q29: 0.0125->0.0424 | ecr(17, 30): 0.0036->0.0126",40,61,9,0.8247591646532741,0.8603954151146262,4,0.001380181104344791,0.012588860573135194,0.02352402348233013,0.04237520977444302,0.00034112801210783026,0.0001586839588384347,0.00014118472042975262,1.8737652324842994e-05
31,10031,6,c31_day6,Torino,4,9,"readout q92: 0.0090->0.0528 | readout q81: 0.0054->0.0140 | cz(81, 80): 0.0037->0.0182",31,44,9,0.8355771539271624,0.8658264045594701,4,0.0014718259366708094,0.018183095499768615,0.024809609292055355,0.05278623340196738,0.00019043703324203982,0.00015459493999167093,0.00012061807649362823,2.7784766241489783e-05
31,10031,6,c31_day6,Fez,4,9,"readout q103: 0.0029->0.0099 | cz(103, 104): 0.0048->0.0155",34,46,9,0.9254503468123677,0.9379361163834021,4,0.0009528162498666059,0.015465177968256845,0.006196894788769083,0.00989500103007633,0.0001515716190726661,0.00012339246491872296,0.00010502221049964733,8.856971895776478e-05
31,10031,7,c31_day7,Sherbrooke,4,9,"readout q122: 0.0076->0.0262 | readout q122: 0.0262->0.0565 | ecr(123, 122): 0.0049->0.0214",36,64,9,0.8345347581349628,0.8699891634029563,4,0.0013979601478428232,0.021387349059087943,0.019078072070884803,0.05653689765853921,0.0002806395150267347,0.00023928033542071583,0.00025041012594210815,6.337555301919867e-05
31,10031,7,c31_day7,Torino,4,9,readout q92: 0.0090->0.0181,31,44,9,0.9128828384361531,0.9299726558188297,4,0.000654647576727776,0.003746277807441689,0.01397705078125,0.02294921875,0.00019043703324203982,0.00015459493999167093,0.00012061807649362823,2.7784766241489783e-05
31,10031,7,c31_day7,Fez,4,9,readout q143: 0.0044->0.0088,31,44,9,0.9456645026654921,0.9604885734869535,4,0.0005911198423480729,0.003311355983104225,0.006103515625,0.0087890625,0.00014494155734598587,9.562081555389064e-05,0.00011309494030264407,9.144599425726836e-05
32,10032,0,c32_day0,Sherbrooke,7,22,normal,173,328,66,0.5447493791058571,0.8908682995466992,7,0.0013222755846641861,0.009034455276413444,0.011997767857142858,0.02587890625,0.00029158046735509494,0.00021071911926522037,0.00020148760373429092,2.7133052989838604e-05
32,10032,0,c32_day0,Torino,7,22,normal,116,229,66,0.57932179166669,0.9062648183726348,7,0.001321334554192593,0.007659549953425382,0.021763392857142856,0.05029296875,0.0001733772831796748,5.9527434601436146e-05,0.00016260580396035445,0.00010472429134423937
32,10032,0,c32_day0,Fez,7,22,normal,118,227,63,0.7739899908865251,0.9440379724434027,7,0.000737976639657364,0.0033999583821837653,0.005964006696428571,0.0107421875,0.00013337264399165073,9.562081555389064e-05,0.00011143495717471131,9.144599425726836e-05
32,10032,1,c32_day1,Sherbrooke,7,22,"readout q103: 0.0088->0.0391 | ecr(93, 106): 0.0070->0.0338",196,365,75,0.2949535516002158,0.8289208748729271,7,0.002482321881833212,0.03381226204171638,0.01632774018867077,0.039098868820695395,0.00029158046735509494,0.00021071911926522037,0.00020148760373429092,2.7133052989838604e-05
32,10032,1,c32_day1,Torino,7,22,"readout q27: 0.0305->0.1514 | cz(29, 30): 0.0077->0.0356",116,229,66,0.3705069554149923,0.8565354435030945,7,0.002362172155140336,0.03557292197884212,0.039027368969879794,0.15136541091415856,0.0001733772831796748,5.9527434601436146e-05,0.00016260580396035445,0.00010472429134423937
32,10032,1,c32_day1,Fez,7,22,"cz(144, 145): 0.0027->0.0070",116,229,66,0.7336896728741206,0.9365708446053135,7,0.0008743212867940862,0.007011874503630648,0.007289341517857143,0.013916015625,0.00014077673169589,9.562081555389064e-05,0.00011646817047098795,9.144599425726836e-05
32,10032,2,c32_day2,Sherbrooke,7,22,readout q103: 0.0088->0.0182,178,334,69,0.5478514518883513,0.8951405464413371,7,0.0012552603226604758,0.009034455276413444,0.013349319733102402,0.02587890625,0.00029158046735509494,0.00021071911926522037,0.00020148760373429092,2.7133052989838604e-05
32,10032,2,c32_day2,Torino,7,22,"cz(36, 48): 0.0041->0.0128",141,230,66,0.5636445662596592,0.8813738715012739,7,0.0015436175312194714,0.012813162520661208,0.016183035714285716,0.040771484375,0.00015201523650569675,5.9527434601436146e-05,0.0001477933213735572,9.850632384804888e-05
32,10032,2,c32_day2,Fez,7,22,readout q141: 0.0049->0.0125,130,236,63,0.7663808537651149,0.946190691260959,7,0.0007229411632614725,0.0033999583821837653,0.007058933641294077,0.012547301114058537,0.00013337264399165073,9.562081555389064e-05,0.00011143495717471131,9.144599425726836e-05
32,10032,3,c32_day3,Sherbrooke,7,22,"ecr(107, 106): 0.0088->0.0187",165,339,66,0.49849638352037856,0.8902862683844097,7,0.0015020754569804173,0.01872339497422219,0.011997767857142858,0.02587890625,0.00029158046735509494,0.00021071911926522037,0.00020148760373429092,2.7133052989838604e-05
32,10032,3,c32_day3,Torino,7,22,readout q30: 0.0054->0.0107,141,230,66,0.6066345811821393,0.9179202098697821,7,0.0012792632573895017,0.007659549953425382,0.016950334821428572,0.040771484375,0.00015201523650569675,5.9527434601436146e-05,0.0001477933213735572,9.850632384804888e-05
32,10032,3,c32_day3,Fez,7,22,"cz(123, 136): 0.0034->0.0140",124,226,63,0.7505951313838132,0.9355328196958177,7,0.0008457709949898466,0.013988475843042705,0.005964006696428571,0.0107421875,0.00013337264399165073,9.562081555389064e-05,0.00011143495717471131,9.144599425726836e-05
32,10032,4,c32_day4,Sherbrooke,7,22,"readout q105: 0.0110->0.0258 | ecr(93, 106): 0.0070->0.0175",178,335,69,0.47913729398564175,0.902587380020527,7,0.0015663566101234935,0.017534906093461214,0.014115120057631115,0.02587890625,0.00029158046735509494,0.00021071911926522037,0.00020148760373429092,2.7133052989838604e-05
32,10032,4,c32_day4,Torino,7,22,readout q28: 0.0063->0.0161,118,227,63,0.6096116063660187,0.9051374531324405,7,0.0012736363431870444,0.007659549953425382,0.01757297521580037,0.040771484375,0.00015201523650569675,5.9527434601436146e-05,0.0001477933213735572,9.850632384804888e-05
32,10032,4,c32_day4,Fez,7,22,"cz(142, 141): 0.0029->0.0113",130,236,63,0.7403237132282207,0.9425076390968973,7,0.0008634821890932301,0.01132814318607971,0.005964006696428571,0.0107421875,0.00013337264399165073,9.562081555389064e-05,0.00011143495717471131,9.144599425726836e-05
32,10032,5,c32_day5,Sherbrooke,7,22,readout q93: 0.0098->0.0388,181,329,66,0.5333001624442738,0.880234445010711,7,0.0012975510400260694,0.009034455276413444,0.01614393093972402,0.03878876657806815,0.00029158046735509494,0.00021071911926522037,0.00020148760373429092,2.7133052989838604e-05
32,10032,5,c32_day5,Torino,7,22,"readout q100: 0.0339->0.0645 | cz(99, 98): 0.0025->0.0111",123,242,66,0.5996007448167661,0.9173104391015007,7,0.0010680032441510907,0.011125237306467844,0.025392103819541694,0.06446347673679186,0.0002074036732879361,0.00015459493999167093,0.00012200532309480014,2.7784766241489783e-05
32,10032,5,c32_day5,Fez,7,22,"cz(142, 143): 0.0033->0.0060",134,261,75,0.7426029252559115,0.9327432575758933,7,0.0007679953424579958,0.005993172753103678,0.005580357142857143,0.008056640625,0.00013307046909974494,9.562081555389064e-05,9.937214027758161e-05,2.723830561991519e-05
32,10032,6,c32_day6,Sherbrooke,7,22,readout q104: 0.0037->0.0199,154,323,63,0.5601188260080412,0.8817597978162705,7,0.0012355276553780304,0.009034455276413444,0.014322336490577068,0.02587890625,0.00029158046735509494,0.00021071911926522037,0.00020148760373429092,2.7133052989838604e-05
32,10032,6,c32_day6,Torino,7,22,"readout q100: 0.0339->0.1156 | cz(92, 80): 0.0031->0.0104",123,242,66,0.5611006530889568,0.9002346704274224,7,0.001100918659316213,0.010357904373905916,0.03269172131971422,0.11556079923799953,0.0002074036732879361,0.00015459493999167093,0.00012200532309480014,2.7784766241489783e-05
32,10032,6,c32_day6,Fez,7,22,"readout q144: 0.0107->0.0197 | cz(142, 143): 0.0033->0.0051",138,241,66,0.7411265118584469,0.9360936976638631,7,0.0008086137329667561,0.0050767939762608825,0.007237859610851016,0.01965915790095711,0.00013337264399165073,9.562081555389064e-05,0.00011143495717471131,9.144599425726836e-05
32,10032,7,c32_day7,Sherbrooke,7,22,"readout q104: 0.0037->0.0116 | ecr(105, 104): 0.0057->0.0198",167,359,75,0.41264385959085825,0.873766907139178,7,0.0018146880311686552,0.019792744187557238,0.013130215496910557,0.02587890625,0.00029158046735509494,0.00021071911926522037,0.00020148760373429092,2.7133052989838604e-05
32,10032,7,c32_day7,Torino,7,22,"readout q98: 0.0190->0.0316 | cz(99, 92): 0.0032->0.0157",149,236,66,0.48999107501262207,0.8654803617607496,7,0.0018653450585760772,0.021406591707524403,0.020629324301808447,0.033935546875,0.00018449806492560667,6.171807947517145e-05,0.00010584412702787189,8.334912884691768e-06
32,10032,7,c32_day7,Fez,7,22,"cz(142, 143): 0.0033->0.0141",104,220,60,0.7290247765405892,0.9388288046809685,7,0.0009427009362962755,0.014052975453994306,0.007289341517857143,0.013916015625,0.00014077673169589,9.562081555389064e-05,0.00011646817047098795,9.144599425726836e-05
33,10033,0,c33_day0,Sherbrooke,7,9,normal,38,100,18,0.8385168565474856,0.95397176579039,7,0.0009402867183837387,0.006303480430202679,0.009207589285714286,0.021484375,0.0002615672543832103,0.00018127809195453833,0.0002033938465967194,1.565907859482999e-05
33,10033,0,c33_day0,Torino,7,9,normal,32,80,18,0.8171900203508955,0.9686689384875001,7,0.0011219583720712433,0.007149550828637552,0.012974330357142858,0.030517578125,0.00017146603420547174,5.9527434601436146e-05,0.0001308609859002045,3.136320201800166e-05
33,10033,0,c33_day0,Fez,7,9,normal,32,81,18,0.9065112620819883,0.9560778970956689,7,0.0006616767226759276,0.0033999583821837653,0.004638671875,0.00634765625,0.0001466785492901104,9.562081555389064e-05,0.00011861410883332176,9.144599425726836e-05
33,10033,1,c33_day1,Sherbrooke,7,9,"readout q100: 0.0134->0.0800 | ecr(110, 100): 0.0063->0.0141",49,109,18,0.7366342315368267,0.952613391164338,7,0.0013206679720221693,0.01412234339155161,0.01907031150433954,0.08002538365537677,0.00023428293545635224,0.00013252953230862786,0.0002131694548377932,7.063221921579745e-05
33,10033,1,c33_day1,Torino,7,9,"readout q30: 0.0054->0.0160 | cz(36, 48): 0.0041->0.0123",32,83,15,0.7924125842112648,0.9601011468704632,7,0.0011496450750136226,0.012311684257412261,0.016858357138112044,0.040771484375,0.00016419067265791655,5.9527434601436146e-05,0.00016272431455134344,0.00010472429134423937
33,10033,1,c33_day1,Fez,7,9,"cz(123, 124): 0.0032->0.0126",32,81,18,0.8651563494673399,0.9663801276012511,7,0.0011295644899911503,0.01258384803596583,0.004638671875,0.00634765625,0.0001466785492901104,9.562081555389064e-05,0.00011861410883332176,9.144599425726836e-05
33,10033,2,c33_day2,Sherbrooke,7,9,readout q110: 0.0073->0.0302,35,89,15,0.8045541865573677,0.9626637878753884,7,0.001087517328440848,0.007850986624725387,0.014703023141096592,0.03016725573767615,0.00024071261374309988,0.00013252953230862786,0.00024025961064849606,7.063221921579745e-05
33,10033,2,c33_day2,Torino,7,9,"readout q29: 0.0120->0.0508 | readout q28: 0.0063->0.0251 | cz(27, 28): 0.0062->0.0117",34,77,18,0.7559717644839963,0.9646024634325725,7,0.0013529718970415527,0.01165463423700249,0.021197101896143093,0.05081558168860392,0.00017146603420547174,5.9527434601436146e-05,0.0001308609859002045,3.136320201800166e-05
33,10033,2,c33_day2,Fez,7,9,readout q143: 0.0044->0.0088,32,80,18,0.9033468535754173,0.9666911032654477,7,0.0006589962827625399,0.0033999583821837653,0.005266462053571429,0.0087890625,0.0001466785492901104,9.562081555389064e-05,0.00011861410883332176,9.144599425726836e-05
33,10033,3,c33_day3,Sherbrooke,7,9,"readout q74: 0.0029->0.0047 | readout q74: 0.0047->0.0106 | ecr(110, 100): 0.0063->0.0304",33,85,15,0.759477034916503,0.9572676933737195,7,0.0018500816332796962,0.030365501862278082,0.012529502694056711,0.024658203125,0.00024071261374309988,0.00013252953230862786,0.00024025961064849606,7.063221921579745e-05
33,10033,3,c33_day3,Torino,7,9,"readout q36: 0.0071->0.0112 | cz(29, 36): 0.0039->0.0132",34,77,18,0.8044872582647279,0.9499322261517061,7,0.0012779360462252748,0.013159415600142476,0.013557263596920333,0.030517578125,0.00017146603420547174,5.9527434601436146e-05,0.0001308609859002045,3.136320201800166e-05
33,10033,3,c33_day3,Fez,7,9,readout q136: 0.0046->0.0171,32,81,18,0.8954363633093101,0.9678029325063627,7,0.0006581247375412201,0.0033999583821837653,0.006425316896047873,0.017145187022335116,0.0001466785492901104,9.562081555389064e-05,0.00011861410883332176,9.144599425726836e-05
33,10033,4,c33_day4,Sherbrooke,7,9,readout q124: 0.0042->0.0063,40,108,18,0.8347891511006095,0.961299178895524,7,0.0008985806345423448,0.006303480430202679,0.009516845373090317,0.021484375,0.0002615672543832103,0.00018127809195453833,0.0002033938465967194,1.565907859482999e-05
33,10033,4,c33_day4,Torino,7,9,readout q27: 0.0305->0.1541,32,81,18,0.713180305313657,0.9479744849206733,7,0.0011088646564337344,0.007149550828637552,0.03062297876025564,0.15405811694678948,0.00017146603420547174,5.9527434601436146e-05,0.0001308609859002045,3.136320201800166e-05
33,10033,4,c33_day4,Fez,7,9,"readout q4: 0.0015->0.0023 | readout q124: 0.0046->0.0159 | cz(123, 124): 0.0032->0.0104",47,90,18,0.8835513318197752,0.9653701087463741,7,0.0007167702428646054,0.010391168160412634,0.006575897049363184,0.01591459084659729,0.0001431582718938269,9.562081555389064e-05,0.00011576864837754552,7.152777106683473e-05
33,10033,5,c33_day5,Sherbrooke,7,9,"readout q120: 0.0127->0.0717 | ecr(124, 123): 0.0053->0.0168",45,101,18,0.7605656365294075,0.9566471383170249,7,0.0012310164793509434,0.01683181895672942,0.01763963938374567,0.0717196631862197,0.0002615672543832103,0.00018127809195453833,0.0002033938465967194,1.565907859482999e-05
33,10033,5,c33_day5,Torino,7,9,readout q8: 0.0183->0.0307,32,83,18,0.8043861297887124,0.9643916836329525,7,0.001118604115930343,0.007149550828637552,0.014751131736593528,0.03074815653115471,0.00017146603420547174,5.9527434601436146e-05,0.0001308609859002045,3.136320201800166e-05
33,10033,5,c33_day5,Fez,7,9,readout q123: 0.0063->0.0143,32,86,18,0.8948020010518503,0.9668852112033077,8,0.0006017799045459403,0.004046006358762122,0.006892776364197264,0.014313887674380849,0.00013880849961759792,9.562081555389064e-05,9.583537324872321e-05,4.917429322867596e-05
33,10033,6,c33_day6,Sherbrooke,7,9,"ecr(106, 105): 0.0062->0.0137",42,106,18,0.793284748765681,0.9530353235983455,8,0.0014205601130170907,0.01673895679641485,0.007742745535714286,0.012451171875,0.0002825509800758662,0.00016771136230027628,0.000222539666714607,2.7133052989838604e-05
33,10033,6,c33_day6,Torino,7,9,readout q28: 0.0063->0.0332,32,81,15,0.8004512881282395,0.965120593178185,7,0.0008970932256457146,0.007659549953425382,0.019176605080533815,0.040771484375,0.00016419067265791655,5.9527434601436146e-05,0.00016272431455134344,0.00010472429134423937
33,10033,6,c33_day6,Fez,7,9,"readout q136: 0.0046->0.0118 | cz(124, 123): 0.0032->0.0108",32,83,18,0.8885714948722686,0.9553688518052702,7,0.0007744935856948581,0.010839217670061595,0.005654595394123946,0.01175013650886762,0.0001466785492901104,9.562081555389064e-05,0.00011861410883332176,9.144599425726836e-05
33,10033,7,c33_day7,Sherbrooke,7,9,"readout q110: 0.0073->0.0172 | ecr(99, 100): 0.0079->0.0260",35,90,15,0.7714162881453406,0.9573802637650137,7,0.0015954845139957029,0.025992343895292265,0.01284771202540774,0.024658203125,0.00024071261374309988,0.00013252953230862786,0.00024025961064849606,7.063221921579745e-05
33,10033,7,c33_day7,Torino,7,9,"readout q8: 0.0183->0.0572 | cz(27, 17): 0.0071->0.0235",32,82,18,0.744628054731863,0.9545397909423364,7,0.0016171705153375374,0.023528305549254017,0.018532613344351936,0.05721852778546353,0.00017146603420547174,5.9527434601436146e-05,0.0001308609859002045,3.136320201800166e-05
33,10033,7,c33_day7,Fez,7,9,"readout q124: 0.0046->0.0141 | readout q136: 0.0046->0.0170 | cz(142, 143): 0.0033->0.0086",32,81,18,0.8681242655707346,0.9638568366779782,7,0.0008755320692750769,0.008580532660296741,0.00774531510231008,0.01695509029896673,0.0001466785492901104,9.562081555389064e-05,0.00011861410883332176,9.144599425726836e-05
34,10034,0,c34_day0,Sherbrooke,8,21,normal,142,364,72,0.5303693569409729,0.8685437315129921,8,0.0012238501269359841,0.007850986624725387,0.01226806640625,0.021484375,0.00024822963560761524,0.00013252953230862786,0.0002051382774221798,1.565907859482999e-05
34,10034,0,c34_day0,Torino,8,21,normal,114,241,69,0.6397172866490164,0.8748527938404335,8,0.0009498035310062866,0.007659549953425382,0.0186767578125,0.05029296875,0.000188300568729621,0.00010976214683862074,0.00014708375238025413,6.947727011386484e-05
34,10034,0,c34_day0,Fez,8,21,normal,119,230,63,0.7660421226779275,0.9046712350345429,8,0.0007061366463386642,0.0033999583821837653,0.00738525390625,0.013916015625,0.00013513470900831178,9.562081555389064e-05,0.00010531443736460385,2.723830561991519e-05
34,10034,1,c34_day1,Sherbrooke,8,21,"readout q98: 0.0247->0.0455 | ecr(119, 118): 0.0065->0.0225",158,349,69,0.42950446922595603,0.838942730844105,8,0.0017145993470496276,0.02246403674804148,0.015274938756981379,0.04553935380585103,0.00024926544952439154,0.00013252953230862786,0.00024832053114706644,7.063221921579745e-05
34,10034,1,c34_day1,Torino,8,21,"readout q99: 0.0095->0.0268 | cz(101, 111): 0.0038->0.0096",125,237,69,0.6136457486230584,0.8844852945780747,8,0.0010111352786697275,0.009623904330008703,0.021940729094776283,0.04736328125,0.00020493856289965334,0.00015459493999167093,0.00011514709718834262,2.7784766241489783e-05
34,10034,1,c34_day1,Fez,8,21,readout q144: 0.0107->0.0478 | readout q141: 0.0049->0.0149,124,245,72,0.703970145315081,0.8989213129060691,8,0.0007821885431932725,0.0033999583821837653,0.012660335376974828,0.047807831404818604,0.0001374252480133816,9.562081555389064e-05,0.00010365237418145687,4.917429322867596e-05
34,10034,2,c34_day2,Sherbrooke,8,21,readout q122: 0.0076->0.0151,194,363,72,0.5584754421776631,0.8664185320250402,12,0.0010739563814041572,0.01673895679641485,0.01409912109375,0.02587890625,0.00027429433338672075,0.00016310636822987974,0.00019759949061523552,2.7133052989838604e-05
34,10034,2,c34_day2,Torino,8,21,"readout q73: 0.0100->0.0207 | cz(99, 92): 0.0032->0.0148",123,255,75,0.5910231660815305,0.8741177017844342,8,0.0010531259193016938,0.014791914778161644,0.021807716636590143,0.053955078125,0.00020606090142602648,0.00015459493999167093,0.00012101339152166563,2.7784766241489783e-05
34,10034,2,c34_day2,Fez,8,21,readout q124: 0.0046->0.0093,121,220,63,0.7581003174920505,0.9060259855859206,8,0.0007904361081781663,0.004046006358762122,0.006591796875,0.0107421875,0.0001346512008832598,9.562081555389064e-05,0.00010644655891122672,7.152777106683473e-05
34,10034,3,c34_day3,Sherbrooke,8,21,"readout q106: 0.0125->0.0440 | ecr(93, 106): 0.0070->0.0329",154,304,63,0.44152893430775225,0.8526245420468869,8,0.0018650150936914177,0.03288226401273553,0.015697571515748975,0.04403760337599181,0.0002755212049644431,0.00016310636822987974,0.0002066806768379014,2.7133052989838604e-05
34,10034,3,c34_day3,Torino,8,21,"readout q32: 0.0122->0.0293 | cz(30, 31): 0.0069->0.0278",135,242,72,0.5613699878552032,0.8487976549808237,12,0.0013034340884411327,0.027799274045803804,0.020414832586481448,0.05029296875,0.00018016699083838925,5.9527434601436146e-05,0.00015269867553088245,6.947727011386484e-05
34,10034,3,c34_day3,Fez,8,21,readout q124: 0.0046->0.0093,113,224,63,0.7565932186761168,0.9041364990080545,8,0.0007597654183934995,0.0033999583821837653,0.007537841796875,0.013916015625,0.00013576487081252563,9.562081555389064e-05,0.00011472926511939969,9.144599425726836e-05
34,10034,4,c34_day4,Sherbrooke,8,21,"ecr(78, 79): 0.0062->0.0163",164,324,66,0.47516720964913783,0.8398961399566459,8,0.001622929750169806,0.016344364645310788,0.01336669921875,0.01953125,0.0002601121519150617,0.0001469928637936869,0.00015136637352206818,2.4196989159075558e-05
34,10034,4,c34_day4,Torino,8,21,"readout q28: 0.0063->0.0135 | cz(36, 29): 0.0039->0.0103",139,242,72,0.5352624027535375,0.8606294422314424,8,0.0015385111744965643,0.010266403721058815,0.017342758048677777,0.040771484375,0.0001620376191833474,5.9527434601436146e-05,0.00013323955645411277,3.136320201800166e-05
34,10034,4,c34_day4,Fez,8,21,readout q145: 0.0139->0.0278,133,256,72,0.7279491392591916,0.8888789010749033,8,0.0007427983274886492,0.0033999583821837653,0.009124755859375,0.02783203125,0.00013513470900831178,9.562081555389064e-05,0.00010531443736460385,2.723830561991519e-05
34,10034,5,c34_day5,Sherbrooke,8,21,"readout q124: 0.0042->0.0112 | ecr(111, 104): 0.0065->0.0220",149,348,69,0.3954047351252625,0.8345115013404142,8,0.001925745121644906,0.02199948223636814,0.01464331400287374,0.045654296875,0.00027077204707994364,0.00016771136230027628,0.00020402182375707262,1.565907859482999e-05
34,10034,5,c34_day5,Torino,8,21,readout q31: 0.0503->0.2758,130,236,69,0.4386863471390928,0.8329404234170836,8,0.0012738701438381908,0.007659549953425382,0.04826353443349698,0.2757567129679758,0.00017474598916055096,5.9527434601436146e-05,0.000165420942949757,0.00010472429134423937
34,10034,5,c34_day5,Fez,8,21,readout q143: 0.0044->0.0088,118,224,63,0.7609799956720921,0.8964952172867297,8,0.0007405436658555872,0.0033999583821837653,0.00750732421875,0.013916015625,0.00013576487081252563,9.562081555389064e-05,0.00011472926511939969,9.144599425726836e-05
34,10034,6,c34_day6,Sherbrooke,8,21,"ecr(80, 79): 0.0079->0.0132",175,363,75,0.5064230337692351,0.8601757040189918,8,0.001326033132742081,0.013207242030766128,0.0120849609375,0.017822265625,0.000275656635700054,0.0001469928637936869,0.0001172385021380088,2.4196989159075558e-05
34,10034,6,c34_day6,Torino,8,21,"readout q27: 0.0305->0.1690 | readout q27: 0.1690->0.4000 | cz(29, 28): 0.0044->0.0192",119,230,63,0.3288899904022131,0.8154610187012835,8,0.0015920924087361856,0.019224368503473338,0.066265869140625,0.4,0.00017474598916055096,5.9527434601436146e-05,0.000165420942949757,0.00010472429134423937
34,10034,6,c34_day6,Fez,8,21,readout q145: 0.0139->0.0812,119,230,63,0.7137949897633689,0.8998562848435776,8,0.0007061366463386642,0.0033999583821837653,0.015792112268107207,0.08117088251985766,0.00013513470900831178,9.562081555389064e-05,0.00010531443736460385,2.723830561991519e-05
34,10034,7,c34_day7,Sherbrooke,8,21,readout q98: 0.0247->0.0493,168,354,69,0.5303312185420815,0.8747716097263089,8,0.0011937498416527926,0.007850986624725387,0.0157470703125,0.04931640625,0.00024926544952439154,0.00013252953230862786,0.00024832053114706644,7.063221921579745e-05
34,10034,7,c34_day7,Torino,8,21,readout q48: 0.0408->0.1376,114,226,63,0.5266049547800261,0.838374912890667,8,0.0012643922416536316,0.007659549953425382,0.032819817091884314,0.1375585367350745,0.0001773197303354371,5.9527434601436146e-05,0.00015086823295538306,6.870523592058317e-05
34,10034,7,c34_day7,Fez,8,21,"readout q143: 0.0044->0.0152 | cz(143, 144): 0.0032->0.0140",125,244,72,0.655380492714294,0.8886271016717652,8,0.0011457297428001706,0.013995454533923198,0.007365225762912785,0.015220634228302278,0.0001346512008832598,9.562081555389064e-05,0.00010644655891122672,7.152777106683473e-05
35,10035,0,c35_day0,Sherbrooke,6,9,normal,15,45,5,0.9013454991514155,0.9806631843913407,6,0.0007877700394553071,0.007850986624725387,0.010660807291666666,0.015625,0.00024311707603998786,0.00013252953230862786,0.00022593133173611567,7.063221921579745e-05
35,10035,0,c35_day0,Torino,6,9,normal,14,42,5,0.8957638092605122,0.9848718274894684,6,0.0007830712579913844,0.007659549953425382,0.0120849609375,0.030517578125,0.00014108960706047673,5.9527434601436146e-05,0.00013229567640973057,9.850632384804888e-05
35,10035,0,c35_day0,Fez,6,9,normal,14,42,5,0.9478622432565375,0.9797697230715158,6,0.00044588532517353543,0.004046006358762122,0.005411783854166667,0.00634765625,0.00013520179862149434,9.562081555389064e-05,0.00010807474218878708,7.152777106683473e-05
35,10035,1,c35_day1,Sherbrooke,6,9,"readout q99: 0.0156->0.0900 | ecr(101, 100): 0.0077->0.0303",15,45,5,0.814250619198903,0.957966719274559,6,0.0012408349035932997,0.03031987631189651,0.02305137169716209,0.08996838643297253,0.00024311707603998786,0.00013252953230862786,0.00022593133173611567,7.063221921579745e-05
35,10035,1,c35_day1,Torino,6,9,readout q36: 0.0071->0.0142,14,42,5,0.88937650892401,0.9840753395969442,6,0.0007830712579913844,0.007659549953425382,0.013264973958333334,0.030517578125,0.00014108960706047673,5.9527434601436146e-05,0.00013229567640973057,9.850632384804888e-05
35,10035,1,c35_day1,Fez,6,9,"readout q142: 0.0061->0.0199 | readout q123: 0.0063->0.0123 | cz(122, 123): 0.0040->0.0167",14,42,5,0.9172379876950981,0.9836728042489257,6,0.0007161258915935491,0.01674731298050276,0.008706622718087227,0.01989962595489888,0.00013520179862149434,9.562081555389064e-05,0.00010807474218878708,7.152777106683473e-05
35,10035,2,c35_day2,Sherbrooke,6,9,readout q119: 0.0115->0.0513,15,45,5,0.8650125960860906,0.9857337318689355,6,0.0007877700394553071,0.007850986624725387,0.0173019893224943,0.0513217015599658,0.00024311707603998786,0.00013252953230862786,0.00022593133173611567,7.063221921579745e-05
35,10035,2,c35_day2,Torino,6,9,"readout q36: 0.0071->0.0255 | cz(28, 29): 0.0044->0.0217",14,42,5,0.8638163673573432,0.9808484556047196,6,0.0011517062820538618,0.02171942421544623,0.015160723392695164,0.030517578125,0.00014108960706047673,5.9527434601436146e-05,0.00013229567640973057,9.850632384804888e-05
35,10035,2,c35_day2,Fez,6,9,"cz(124, 123): 0.0032->0.0088",14,42,5,0.9425909231334457,0.9879735699971617,6,0.0005638257915588946,0.008792542857569093,0.005411783854166667,0.00634765625,0.00013520179862149434,9.562081555389064e-05,0.00010807474218878708,7.152777106683473e-05
35,10035,3,c35_day3,Sherbrooke,6,9,readout q101: 0.0037->0.0073,15,45,5,0.8980325409335101,0.9844121150421964,6,0.0007877700394553071,0.007850986624725387,0.011271158854166666,0.015625,0.00024311707603998786,0.00013252953230862786,0.00022593133173611567,7.063221921579745e-05
35,10035,3,c35_day3,Torino,6,9,readout q36: 0.0071->0.0187,14,42,5,0.8852525958382182,0.984024509417431,6,0.0007830712579913844,0.007659549953425382,0.014026840612733384,0.030517578125,0.00014108960706047673,5.9527434601436146e-05,0.00013229567640973057,9.850632384804888e-05
35,10035,3,c35_day3,Fez,6,9,"readout q122: 0.0063->0.0221 | cz(122, 123): 0.0040->0.0151",14,42,5,0.9225147613400091,0.9739103654520829,6,0.0006802560588337983,0.015061430840794478,0.008037831879587414,0.022103944402524483,0.00013520179862149434,9.562081555389064e-05,0.00010807474218878708,7.152777106683473e-05
35,10035,4,c35_day4,Sherbrooke,6,9,"ecr(119, 118): 0.0065->0.0279",15,45,5,0.8819529207323251,0.9830962910294794,6,0.0012152838489437095,0.027857346291482846,0.010660807291666666,0.015625,0.00024311707603998786,0.00013252953230862786,0.00022593133173611567,7.063221921579745e-05
35,10035,4,c35_day4,Torino,6,9,"readout q28: 0.0063->0.0235 | readout q30: 0.0054->0.0181 | cz(28, 29): 0.0044->0.0177",14,42,5,0.8574477762560418,0.9733359225725066,6,0.001066740868649244,0.01772604978542919,0.017055694314187252,0.030517578125,0.00014108960706047673,5.9527434601436146e-05,0.00013229567640973057,9.850632384804888e-05
35,10035,4,c35_day4,Fez,6,9,readout q124: 0.0046->0.0093,14,42,5,0.9434449308646133,0.9849994035052492,6,0.00044588532517353543,0.004046006358762122,0.006184895833333333,0.00927734375,0.00013520179862149434,9.562081555389064e-05,0.00010807474218878708,7.152777106683473e-05
35,10035,5,c35_day5,Sherbrooke,6,9,readout q100: 0.0134->0.0481 | readout q119: 0.0115->0.0179,15,45,5,0.8640757645938754,0.9804447653052535,6,0.0007877700394553071,0.007850986624725387,0.017499259678894517,0.048055701963127605,0.00024311707603998786,0.00013252953230862786,0.00022593133173611567,7.063221921579745e-05
35,10035,5,c35_day5,Torino,6,9,"readout q27: 0.0305->0.1427 | cz(28, 27): 0.0062->0.0220",14,42,5,0.7794760998872331,0.9744488376624435,6,0.0011196018554279876,0.02199496012034182,0.030787324529750224,0.14273175967850135,0.00014108960706047673,5.9527434601436146e-05,0.00013229567640973057,9.850632384804888e-05
35,10035,5,c35_day5,Fez,6,9,"readout q143: 0.0044->0.0107 | readout q136: 0.0046->0.0103 | cz(122, 123): 0.0040->0.0133",14,42,5,0.927781421976621,0.9808822893204516,6,0.000642990511260034,0.013309950104827547,0.007407983296797049,0.01071259168853901,0.00013520179862149434,9.562081555389064e-05,0.00010807474218878708,7.152777106683473e-05
35,10035,6,c35_day6,Sherbrooke,6,9,"readout q119: 0.0115->0.0614 | ecr(99, 100): 0.0079->0.0222",15,45,5,0.84349506184394,0.9743038045337732,6,0.0010737831494950023,0.022151642126710152,0.0189802926694253,0.06139152164155179,0.00024311707603998786,0.00013252953230862786,0.00022593133173611567,7.063221921579745e-05
35,10035,6,c35_day6,Torino,6,9,"readout q17: 0.0112->0.0644 | cz(36, 29): 0.0039->0.0107",14,42,5,0.8417296403484102,0.9811386853917489,6,0.000929108139495083,0.010721718269819623,0.02095130543153109,0.06442853571418652,0.00014108960706047673,5.9527434601436146e-05,0.00013229567640973057,9.850632384804888e-05
35,10035,6,c35_day6,Fez,6,9,readout q136: 0.0046->0.0238,14,42,5,0.9295682014035802,0.9766924309968732,6,0.00044588532517353543,0.004046006358762122,0.00861358206290448,0.023849461127426873,0.00013520179862149434,9.562081555389064e-05,0.00010807474218878708,7.152777106683473e-05
35,10035,7,c35_day7,Sherbrooke,6,9,readout q118: 0.0125->0.0355,15,45,5,0.8802915260149418,0.9710043412986588,6,0.0007877700394553071,0.007850986624725387,0.014505397872798712,0.035518715361792276,0.00024311707603998786,0.00013252953230862786,0.00022593133173611567,7.063221921579745e-05
35,10035,7,c35_day7,Torino,6,9,readout q17: 0.0112->0.0277,14,42,5,0.880844682628802,0.9835416987112968,6,0.0007830712579913844,0.007659549953425382,0.014829653547648642,0.030517578125,0.00014108960706047673,5.9527434601436146e-05,0.00013229567640973057,9.850632384804888e-05
35,10035,7,c35_day7,Fez,6,9,readout q136: 0.0046->0.0182,14,42,5,0.9349134788678434,0.9723617416032339,6,0.00044588532517353543,0.004046006358762122,0.007678058904717434,0.018236322178304606,0.00013520179862149434,9.562081555389064e-05,0.00010807474218878708,7.152777106683473e-05
36,10036,0,c36_day0,Sherbrooke,6,12,normal,36,62,10,0.9113692163613084,0.9849443483391876,6,0.0008107775329577816,0.006303480430202679,0.005696614583333333,0.0078125,0.0002698959465769539,0.00018127809195453833,0.00020126577350391582,6.337555301919867e-05
36,10036,0,c36_day0,Torino,6,12,normal,33,58,10,0.9066499409512144,0.9825855100230758,6,0.0005835817487129895,0.003746277807441689,0.0096435546875,0.02294921875,0.0002076765658930613,0.00015459493999167093,0.0001573338632158336,2.7784766241489783e-05
36,10036,0,c36_day0,Fez,6,12,normal,33,58,10,0.9460484313066253,0.992138048285122,6,0.0004623930015819943,0.003311355983104225,0.003987630208333333,0.006103515625,0.00015757034960916502,9.562081555389064e-05,0.0001228498337733673,9.144599425726836e-05
36,10036,1,c36_day1,Sherbrooke,6,12,readout q113: 0.0039->0.0070,36,62,10,0.9085841469733585,0.987297401691577,6,0.0008107775329577816,0.006303480430202679,0.006203944682713781,0.0078125,0.0002698959465769539,0.00018127809195453833,0.00020126577350391582,6.337555301919867e-05
36,10036,1,c36_day1,Torino,6,12,"readout q80: 0.0229->0.0417 | cz(99, 92): 0.0032->0.0156",33,58,10,0.8672664290084969,0.9837484839462951,6,0.0009489902268547658,0.015602901319504873,0.012760504898192332,0.041650920014154,0.0002076765658930613,0.00015459493999167093,0.0001573338632158336,2.7784766241489783e-05
36,10036,1,c36_day1,Fez,6,12,readout q4: 0.0015->0.0051,33,58,10,0.9425885449564239,0.9839845207133825,6,0.0004623930015819943,0.003311355983104225,0.004596270323535826,0.006103515625,0.00015757034960916502,9.562081555389064e-05,0.0001228498337733673,9.144599425726836e-05
36,10036,2,c36_day2,Sherbrooke,6,12,"ecr(124, 123): 0.0053->0.0132",36,62,10,0.89682083352858,0.9887123498113359,6,0.0010322068902747193,0.013244979219721212,0.005696614583333333,0.0078125,0.0002698959465769539,0.00018127809195453833,0.00020126577350391582,6.337555301919867e-05
36,10036,2,c36_day2,Torino,6,12,readout q51: 0.0051->0.0103,33,58,10,0.9019776345070487,0.9839528779684049,6,0.0005835817487129895,0.003746277807441689,0.010498046875,0.02294921875,0.0002076765658930613,0.00015459493999167093,0.0001573338632158336,2.7784766241489783e-05
36,10036,2,c36_day2,Fez,6,12,"readout q23: 0.0024->0.0072 | cz(136, 143): 0.0024->0.0061",33,58,10,0.9346595054524149,0.9928462323355054,6,0.0005704562902251573,0.006108461473161629,0.004772452006051899,0.007150337036311398,0.00015757034960916502,9.562081555389064e-05,0.0001228498337733673,9.144599425726836e-05
36,10036,3,c36_day3,Sherbrooke,6,12,readout q113: 0.0039->0.0078,36,62,10,0.9077952194344012,0.9924416403220349,6,0.0008107775329577816,0.006303480430202679,0.00634765625,0.0078125,0.0002698959465769539,0.00018127809195453833,0.00020126577350391582,6.337555301919867e-05
36,10036,3,c36_day3,Torino,6,12,readout q66: 0.0059->0.0115,33,58,10,0.9014759103413983,0.9798297939671284,6,0.0005835817487129895,0.003746277807441689,0.010589107796787725,0.02294921875,0.0002076765658930613,0.00015459493999167093,0.0001573338632158336,2.7784766241489783e-05
36,10036,3,c36_day3,Fez,6,12,"readout q23: 0.0024->0.0142 | cz(143, 136): 0.0024->0.0075",33,58,10,0.9158542200194776,0.9933984463413112,6,0.0007631523545992544,0.007547218660587509,0.005951487544878475,0.014224550269270851,0.00015757034960916502,9.562081555389064e-05,0.0001228498337733673,9.144599425726836e-05
36,10036,4,c36_day4,Sherbrooke,6,12,"readout q123: 0.0078->0.0455 | readout q122: 0.0076->0.0147 | ecr(125, 124): 0.0063->0.0124",36,62,10,0.85981191883859,0.9877590850664943,6,0.000980166740647915,0.012401491907047481,0.013164338335328929,0.045493699839461936,0.0002698959465769539,0.00018127809195453833,0.00020126577350391582,6.337555301919867e-05
36,10036,4,c36_day4,Torino,6,12,readout q80: 0.0229->0.0487,33,58,10,0.8827918305382231,0.9883020689941454,6,0.0005835817487129895,0.003746277807441689,0.013928667821261002,0.048659897552566014,0.0002076765658930613,0.00015459493999167093,0.0001573338632158336,2.7784766241489783e-05
36,10036,4,c36_day4,Fez,6,12,"readout q142: 0.0061->0.0336 | cz(136, 143): 0.0024->0.0098",33,58,10,0.9062563595396984,0.9890364598288659,6,0.0006801357628130551,0.009837563541150156,0.00857332785569432,0.03361770150916592,0.00015757034960916502,9.562081555389064e-05,0.0001228498337733673,9.144599425726836e-05
36,10036,5,c36_day5,Sherbrooke,6,12,readout q113: 0.0039->0.0078,36,62,10,0.9077952194344012,0.9870714141518887,6,0.0008107775329577816,0.006303480430202679,0.00634765625,0.0078125,0.0002698959465769539,0.00018127809195453833,0.00020126577350391582,6.337555301919867e-05
36,10036,5,c36_day5,Torino,6,12,readout q51: 0.0051->0.0228 | readout q81: 0.0054->0.0187,33,58,10,0.8785974249628911,0.9848576679223426,6,0.0005835817487129895,0.003746277807441689,0.014812899976639239,0.02294921875,0.0002076765658930613,0.00015459493999167093,0.0001573338632158336,2.7784766241489783e-05
36,10036,5,c36_day5,Fez,6,12,"cz(143, 142): 0.0033->0.0133",33,58,10,0.9271663567138856,0.9854523203415647,6,0.0007564085829683961,0.013307885750241888,0.003987630208333333,0.006103515625,0.00015757034960916502,9.562081555389064e-05,0.0001228498337733673,9.144599425726836e-05
36,10036,6,c36_day6,Sherbrooke,6,12,"readout q123: 0.0078->0.0202 | ecr(123, 122): 0.0049->0.0190",36,62,10,0.8259753205912418,0.987283849031848,6,0.001987775018522413,0.019023414889592274,0.007769095971970858,0.02024738833182515,0.0002698959465769539,0.00018127809195453833,0.00020126577350391582,6.337555301919867e-05
36,10036,6,c36_day6,Torino,6,12,"cz(92, 99): 0.0032->0.0094",33,58,10,0.8844016300361685,0.9866294997556355,6,0.0009466610446268957,0.009351361093220883,0.0096435546875,0.02294921875,0.0002076765658930613,0.00015459493999167093,0.0001573338632158336,2.7784766241489783e-05
36,10036,6,c36_day6,Fez,6,12,"readout q23: 0.0024->0.0064 | cz(141, 142): 0.0029->0.0124",33,58,10,0.933347484820133,0.9930964475675839,6,0.0006013993620957316,0.012376222356274752,0.004649820916492567,0.006414550498955401,0.00015757034960916502,9.562081555389064e-05,0.0001228498337733673,9.144599425726836e-05
36,10036,7,c36_day7,Sherbrooke,6,12,readout q125: 0.0078->0.0444,36,62,10,0.8777812891241823,0.987992145803278,6,0.0008107775329577816,0.006303480430202679,0.011791020113918747,0.04437893318351248,0.0002698959465769539,0.00018127809195453833,0.00020126577350391582,6.337555301919867e-05
36,10036,7,c36_day7,Torino,6,12,"readout q99: 0.0095->0.0493 | readout q99: 0.0493->0.1930 | cz(92, 80): 0.0031->0.0134",33,58,10,0.7233864750365318,0.9862850746734356,6,0.0008884237896135965,0.01343640402004573,0.04022953699809676,0.19303737823858058,0.0002076765658930613,0.00015459493999167093,0.0001573338632158336,2.7784766241489783e-05
36,10036,7,c36_day7,Fez,6,12,readout q136: 0.0046->0.0106,33,58,10,0.9403420573196698,0.9885263528469003,6,0.0004623930015819943,0.003311355983104225,0.004988266786489151,0.010642491343934905,0.00015757034960916502,9.562081555389064e-05,0.0001228498337733673,9.144599425726836e-05
37,10037,0,c37_day0,Sherbrooke,4,16,normal,87,124,24,0.8216495882481224,0.9939697565235496,4,0.001015015300771892,0.010934778799582434,0.0113525390625,0.016845703125,0.00034112801210783026,0.0001586839588384347,0.00014118472042975262,1.8737652324842994e-05
37,10037,0,c37_day0,Torino,4,16,normal,69,81,24,0.8514355078716885,0.9953986722064161,4,0.0012346064327641208,0.007659549953425382,0.0076904296875,0.011962890625,0.0001236753781531724,5.9527434601436146e-05,0.00014682518479433284,0.00010472429134423937
37,10037,0,c37_day0,Fez,4,16,normal,70,97,27,0.8983382407676318,0.9946815402620653,4,0.0007018017394736329,0.003311355983104225,0.0050048828125,0.006103515625,0.00014494155734598587,9.562081555389064e-05,0.00011309494030264407,9.144599425726836e-05
37,10037,1,c37_day1,Sherbrooke,4,16,"readout q30: 0.0063->0.0130 | ecr(17, 30): 0.0036->0.0112",89,130,24,0.7370119967385811,0.9931386353957196,4,0.0016329036571397755,0.011241042726268812,0.013009582918157616,0.016845703125,0.00034112801210783026,0.0001586839588384347,0.00014118472042975262,1.8737652324842994e-05
37,10037,1,c37_day1,Torino,4,16,readout q92: 0.0090->0.0181,70,90,27,0.8544225909501242,0.9972498847458356,4,0.0008614100151559853,0.003746277807441689,0.01397705078125,0.02294921875,0.00019043703324203982,0.00015459493999167093,0.00012061807649362823,2.7784766241489783e-05
37,10037,1,c37_day1,Fez,4,16,"readout q136: 0.0046->0.0166 | cz(143, 142): 0.0033->0.0131",71,87,27,0.746271345759891,0.9963635573506143,4,0.0022723334757608986,0.0130701129499209,0.007984679214511356,0.016557857483045425,0.00014494155734598587,9.562081555389064e-05,0.00011309494030264407,9.144599425726836e-05
37,10037,2,c37_day2,Sherbrooke,4,16,"readout q124: 0.0042->0.0242 | ecr(124, 123): 0.0053->0.0238",88,139,27,0.5917940396020325,0.9889293949279874,4,0.002841771316086939,0.023764136929000815,0.011858732108206468,0.02424156905782587,0.0002806395150267347,0.00023928033542071583,0.00025041012594210815,6.337555301919867e-05
37,10037,2,c37_day2,Torino,4,16,readout q80: 0.0229->0.0459,71,87,27,0.8432382672843108,0.9912026540024422,4,0.0008715005813882302,0.003746277807441689,0.0174560546875,0.0458984375,0.00019043703324203982,0.00015459493999167093,0.00012061807649362823,2.7784766241489783e-05
37,10037,2,c37_day2,Fez,4,16,readout q143: 0.0044->0.0089 | readout q143: 0.0089->0.0230,71,87,27,0.8761786002103423,0.9963311350410573,4,0.0008170802438671838,0.003311355983104225,0.00964945626491195,0.022972825059647806,0.00014494155734598587,9.562081555389064e-05,0.00011309494030264407,9.144599425726836e-05
37,10037,3,c37_day3,Sherbrooke,4,16,readout q30: 0.0063->0.0246 | readout q31: 0.0098->0.0308,87,124,24,0.7893996563768567,0.9930156853845238,4,0.001015015300771892,0.010934778799582434,0.02118175278711866,0.030795688518866486,0.00034112801210783026,0.0001586839588384347,0.00014118472042975262,1.8737652324842994e-05
37,10037,3,c37_day3,Torino,4,16,"cz(29, 28): 0.0044->0.0133",72,86,24,0.8213256207878928,0.990451465910639,4,0.001503207875897196,0.01333684977773634,0.0076904296875,0.011962890625,0.0001236753781531724,5.9527434601436146e-05,0.00014682518479433284,0.00010472429134423937
37,10037,3,c37_day3,Fez,4,16,readout q102: 0.0061->0.0122,69,81,24,0.881335183963893,0.9942880223118129,4,0.0009723842653454993,0.00475732006683538,0.0059814453125,0.01220703125,0.0001515716190726661,0.00012339246491872296,0.00010502221049964733,8.856971895776478e-05
37,10037,4,c37_day4,Sherbrooke,4,16,"ecr(17, 30): 0.0036->0.0157",87,124,24,0.7097349459664426,0.9899476670249953,4,0.0019947606810681276,0.015728205230259654,0.0113525390625,0.016845703125,0.00034112801210783026,0.0001586839588384347,0.00014118472042975262,1.8737652324842994e-05
37,10037,4,c37_day4,Torino,4,16,"cz(80, 81): 0.0037->0.0153",70,97,27,0.7743758370271112,0.992756456178209,4,0.001671795307083473,0.015266212923106117,0.01171875,0.02294921875,0.00019043703324203982,0.00015459493999167093,0.00012061807649362823,2.7784766241489783e-05
37,10037,4,c37_day4,Fez,4,16,readout q103: 0.0029->0.0058,72,86,24,0.8813236033917364,0.9959244122229679,4,0.000957748608678524,0.00475732006683538,0.005179729057408453,0.00634765625,0.0001515716190726661,0.00012339246491872296,0.00010502221049964733,8.856971895776478e-05
37,10037,5,c37_day5,Sherbrooke,4,16,readout q124: 0.0042->0.0240,88,138,27,0.8145750402895274,0.9954751183970578,4,0.0009519124438161347,0.006303480430202679,0.011810202314569846,0.024047449883279386,0.0002806395150267347,0.00023928033542071583,0.00025041012594210815,6.337555301919867e-05
37,10037,5,c37_day5,Torino,4,16,"readout q29: 0.0120->0.0369 | cz(29, 28): 0.0044->0.0144",69,81,24,0.8052781196478171,0.990177079350537,4,0.0015195836684150329,0.014367781332291711,0.013916718909671359,0.036868047513685435,0.0001236753781531724,5.9527434601436146e-05,0.00014682518479433284,0.00010472429134423937
37,10037,5,c37_day5,Fez,4,16,"readout q96: 0.0024->0.0099 | cz(103, 102): 0.0033->0.0090",72,86,24,0.8289435292465425,0.9943452796170376,4,0.0014700025171393838,0.008959772421652298,0.006315501417639838,0.009881146295559352,0.0001515716190726661,0.00012339246491872296,0.00010502221049964733,8.856971895776478e-05
37,10037,6,c37_day6,Sherbrooke,4,16,"readout q125: 0.0078->0.0378 | readout q123: 0.0078->0.0188 | ecr(123, 122): 0.0049->0.0139",78,136,27,0.7253220489758381,0.9915518712253051,4,0.0015373448231122203,0.013923210029599932,0.017082774672806465,0.03783308925708838,0.0002806395150267347,0.00023928033542071583,0.00025041012594210815,6.337555301919867e-05
37,10037,6,c37_day6,Torino,4,16,"readout q30: 0.0054->0.0156 | cz(29, 36): 0.0039->0.0141",69,81,24,0.737223037411942,0.9953916515710881,4,0.002496543899933668,0.014050556689361364,0.010246201277136185,0.01559418010854474,0.0001236753781531724,5.9527434601436146e-05,0.00014682518479433284,0.00010472429134423937
37,10037,6,c37_day6,Fez,4,16,"readout q96: 0.0024->0.0116 | cz(102, 103): 0.0033->0.0092",69,81,24,0.8734918927571651,0.9956481141698841,4,0.0010280481653447075,0.009169688928499696,0.006743784452540168,0.011594278435160671,0.0001515716190726661,0.00012339246491872296,0.00010502221049964733,8.856971895776478e-05
37,10037,7,c37_day7,Sherbrooke,4,16,"readout q17: 0.0168->0.0869 | ecr(31, 30): 0.0109->0.0210",87,124,24,0.725139211578487,0.992504696472465,4,0.0013544548331932435,0.020982188959254435,0.028860974207865986,0.08687944370646394,0.00034112801210783026,0.0001586839588384347,0.00014118472042975262,1.8737652324842994e-05
37,10037,7,c37_day7,Torino,4,16,"cz(80, 81): 0.0037->0.0078",70,90,27,0.8484447932882687,0.9956948860451081,4,0.0009988893125574265,0.007767547256433843,0.01171875,0.02294921875,0.00019043703324203982,0.00015459493999167093,0.00012061807649362823,2.7784766241489783e-05
37,10037,7,c37_day7,Fez,4,16,"readout q142: 0.0061->0.0366 | cz(143, 144): 0.0032->0.0120",75,93,24,0.8195793040822648,0.9922300637508006,4,0.0012071072786189083,0.011973934504885155,0.014096268402865918,0.03660968298646367,0.00012731974073101004,9.562081555389064e-05,0.00011815294771328272,9.360064375549623e-05
38,10038,0,c38_day0,Sherbrooke,6,25,normal,193,353,72,0.60962032550072,0.906486395426018,6,0.0009992594585978346,0.006303480430202679,0.011433919270833334,0.021484375,0.00027183634943718846,0.00023928033542071583,0.0001876829355294096,1.565907859482999e-05
38,10038,0,c38_day0,Torino,6,25,normal,149,229,72,0.6778394639883457,0.9385899067342893,6,0.0008854357379526163,0.00408020905993689,0.019978841145833332,0.053955078125,0.00019164936749749243,0.00015459493999167093,0.00011094752885241188,2.7784766241489783e-05
38,10038,0,c38_day0,Fez,6,25,normal,157,239,72,0.7561005207935352,0.9409358909956905,6,0.0007781687317054984,0.0033999583821837653,0.006184895833333333,0.0107421875,0.00013882111055209668,9.562081555389064e-05,0.00011291462876078286,9.144599425726836e-05
38,10038,1,c38_day1,Sherbrooke,6,25,"readout q122: 0.0076->0.0379 | readout q125: 0.0078->0.0154 | ecr(123, 122): 0.0049->0.0196",191,348,72,0.4746332768111377,0.8543776001438367,6,0.0015088909575865033,0.019627978703025288,0.01774500561290985,0.0378846479924397,0.00027183634943718846,0.00023928033542071583,0.0001876829355294096,1.565907859482999e-05
38,10038,1,c38_day1,Torino,6,25,"readout q30: 0.0054->0.0164 | readout q29: 0.0120->0.0271 | cz(28, 27): 0.0062->0.0144",121,203,60,0.5870019503810462,0.9048603623265302,6,0.0015253993683175687,0.014359521804818797,0.021361397626574033,0.040771484375,0.00015300704376970922,5.9527434601436146e-05,0.00015600782096114192,0.00010472429134423937
38,10038,1,c38_day1,Fez,6,25,readout q142: 0.0061->0.0142 | readout q142: 0.0142->0.0478,128,197,57,0.7645490741576927,0.9672846259424713,6,0.0007340005636718665,0.003311355983104225,0.013413714588692121,0.04776744378215273,0.00012886042566963535,9.562081555389064e-05,9.854934845505242e-05,2.723830561991519e-05
38,10038,2,c38_day2,Sherbrooke,6,25,readout q103: 0.0088->0.0205,177,308,63,0.6004425895121208,0.9235572726579495,6,0.0010900588908178408,0.007018833327466167,0.017177846584473522,0.045654296875,0.0002936812990008389,0.00016771136230027628,0.00017998619536918145,2.7133052989838604e-05
38,10038,2,c38_day2,Torino,6,25,"readout q27: 0.0305->0.1212 | cz(28, 27): 0.0062->0.0268",121,203,60,0.4938160819035117,0.8542922231807406,6,0.0019023927764044088,0.02675318009567366,0.032117538489196795,0.12117202781018076,0.00015300704376970922,5.9527434601436146e-05,0.00015600782096114192,0.00010472429134423937
38,10038,2,c38_day2,Fez,6,25,readout q136: 0.0046->0.0220 | readout q142: 0.0061->0.0203,128,197,57,0.7728725402997473,0.9656380663172511,6,0.0007340005636718665,0.003311355983104225,0.011731498800207416,0.02197292112170293,0.00012886042566963535,9.562081555389064e-05,9.854934845505242e-05,2.723830561991519e-05
38,10038,3,c38_day3,Sherbrooke,6,25,readout q119: 0.0115->0.0357,185,324,66,0.5615714066038541,0.9176358513472522,6,0.0012469895960414618,0.007850986624725387,0.014692253388819848,0.0356632859579191,0.00024311707603998786,0.00013252953230862786,0.00022593133173611567,7.063221921579745e-05
38,10038,3,c38_day3,Torino,6,25,"readout q81: 0.0054->0.0223 | cz(92, 80): 0.0031->0.0053",132,207,63,0.6895984993087257,0.951320159991373,6,0.0009372082321556182,0.005266593148879302,0.01946588730256404,0.033935546875,0.00020496139583401252,0.00015459493999167093,0.00012209566271840193,2.7784766241489783e-05
38,10038,3,c38_day3,Fez,6,25,"cz(136, 143): 0.0024->0.0076",128,197,57,0.7897519578563093,0.9615237052770441,6,0.0007747048684456948,0.007603756365570286,0.0064697265625,0.0107421875,0.00012886042566963535,9.562081555389064e-05,9.854934845505242e-05,2.723830561991519e-05
38,10038,4,c38_day4,Sherbrooke,6,25,readout q110: 0.0073->0.0124,170,297,57,0.6104683832721691,0.9307882263920906,6,0.0011940524726311895,0.007850986624725387,0.011507468485007985,0.015625,0.00024311707603998786,0.00013252953230862786,0.00022593133173611567,7.063221921579745e-05
38,10038,4,c38_day4,Torino,6,25,readout q27: 0.0305->0.0493,132,212,63,0.6129290754683203,0.9251425239326598,6,0.0013291570667208047,0.007659549953425382,0.020136877667438827,0.04928806287963297,0.00015300704376970922,5.9527434601436146e-05,0.00015600782096114192,0.00010472429134423937
38,10038,4,c38_day4,Fez,6,25,"readout q144: 0.0107->0.0620 | cz(136, 143): 0.0024->0.0074",121,203,60,0.7226355740611471,0.949045235776035,6,0.0008897149466822721,0.007357631501938113,0.014726819683601034,0.0619937306016062,0.00013882111055209668,9.562081555389064e-05,0.00011291462876078286,9.144599425726836e-05
38,10038,5,c38_day5,Sherbrooke,6,25,readout q122: 0.0076->0.0151,193,352,72,0.6049713144083404,0.9136827058296645,6,0.0010016162026039615,0.006303480430202679,0.0126953125,0.021484375,0.00027183634943718846,0.00023928033542071583,0.0001876829355294096,1.565907859482999e-05
38,10038,5,c38_day5,Torino,6,25,readout q99: 0.0095->0.0502 | readout q100: 0.0339->0.0991,128,197,57,0.6545336273582384,0.9422258424974261,6,0.0008295960482385024,0.004051016058839674,0.034288157126817494,0.09912565691061168,0.00020496139583401252,0.00015459493999167093,0.00012209566271840193,2.7784766241489783e-05
38,10038,5,c38_day5,Fez,6,25,readout q143: 0.0044->0.0241,129,203,60,0.7703096233583918,0.9604983407402605,6,0.0007737192355844444,0.0033999583821837653,0.009463328495386322,0.024065127222317934,0.00013882111055209668,9.562081555389064e-05,0.00011291462876078286,9.144599425726836e-05
38,10038,6,c38_day6,Sherbrooke,6,25,"ecr(124, 123): 0.0053->0.0249",191,348,72,0.45081554847028854,0.8549440055154219,6,0.0017188707592492541,0.024899588200396488,0.011433919270833334,0.021484375,0.00027183634943718846,0.00023928033542071583,0.0001876829355294096,1.565907859482999e-05
38,10038,6,c38_day6,Torino,6,25,"cz(36, 29): 0.0039->0.0148",121,203,60,0.6094032304930023,0.928421400080243,6,0.0014845305208280443,0.014798683083592536,0.017008463541666668,0.040771484375,0.00015300704376970922,5.9527434601436146e-05,0.00015600782096114192,0.00010472429134423937
38,10038,6,c38_day6,Fez,6,25,readout q141: 0.0049->0.0098,128,197,57,0.7940855011225099,0.9636001446939222,6,0.0007340005636718665,0.003311355983104225,0.007283528645833333,0.0107421875,0.00012886042566963535,9.562081555389064e-05,9.854934845505242e-05,2.723830561991519e-05
38,10038,7,c38_day7,Sherbrooke,6,25,readout q99: 0.0156->0.0536,160,289,60,0.5667954359064895,0.9051985970877915,6,0.0012869701102695699,0.007850986624725387,0.019186649013179513,0.053596456579077086,0.0002506183673745268,0.00013252953230862786,0.00025753651351526893,7.063221921579745e-05
38,10038,7,c38_day7,Torino,6,25,"readout q27: 0.0305->0.1330 | cz(36, 48): 0.0041->0.0138",121,203,60,0.48742950288933773,0.8893640348789728,6,0.001905205451727661,0.013844785243060483,0.0340873385948778,0.13299082844426682,0.00015300704376970922,5.9527434601436146e-05,0.00015600782096114192,0.00010472429134423937
38,10038,7,c38_day7,Fez,6,25,"cz(143, 136): 0.0024->0.0079",128,197,57,0.7553962961387369,0.9594972851866396,6,0.0009488983418756861,0.007892713225671106,0.0064697265625,0.0107421875,0.00012886042566963535,9.562081555389064e-05,9.854934845505242e-05,2.723830561991519e-05
39,10039,0,c39_day0,Sherbrooke,5,8,normal,38,73,12,0.8902606525678243,0.9581465235254758,5,0.0008077123087396438,0.006303480430202679,0.009423828125,0.019775390625,0.0002768752423068153,0.00023928033542071583,0.00022208770691632554,6.337555301919867e-05
39,10039,0,c39_day0,Torino,5,8,normal,31,47,12,0.8975886507497113,0.9643577943883622,5,0.0007036646135313804,0.003746277807441689,0.01318359375,0.02294921875,0.00019848302986387326,0.00015459493999167093,0.00010863385192096079,2.7784766241489783e-05
39,10039,0,c39_day0,Fez,5,8,normal,33,47,12,0.9361650162117161,0.977951305720303,5,0.0006690325262500591,0.0033999583821837653,0.0052734375,0.00634765625,0.00014703417777479512,9.562081555389064e-05,0.00011316194973297482,9.144599425726836e-05
39,10039,1,c39_day1,Sherbrooke,5,8,"ecr(125, 124): 0.0063->0.0309",41,77,12,0.8253559045556165,0.9310868398822228,5,0.001606214251892812,0.030894020631793646,0.009423828125,0.019775390625,0.0002768752423068153,0.00023928033542071583,0.00022208770691632554,6.337555301919867e-05
39,10039,1,c39_day1,Torino,5,8,"readout q81: 0.0054->0.0248 | cz(99, 92): 0.0032->0.0134",33,47,12,0.842900472765199,0.9434861506807003,5,0.0014288025065698766,0.013386557284958528,0.017070844099680692,0.024807345498403462,0.00019848302986387326,0.00015459493999167093,0.00010863385192096079,2.7784766241489783e-05
39,10039,1,c39_day1,Fez,5,8,"readout q143: 0.0044->0.0259 | readout q143: 0.0259->0.0790 | cz(143, 142): 0.0033->0.0055",31,47,12,0.8584379596697921,0.8983543812543674,5,0.0008182199490598502,0.0055342106062991414,0.02018512501589992,0.07895296882949959,0.00014703417777479512,9.562081555389064e-05,0.00011316194973297482,9.144599425726836e-05
39,10039,2,c39_day2,Sherbrooke,5,8,readout q118: 0.0125->0.0284,40,72,12,0.8499593497192148,0.928487627057484,5,0.0011088712080777668,0.007850986624725387,0.013690358068245239,0.028412727841226205,0.0002497563615647794,0.00013252953230862786,0.00023682039453953814,7.063221921579745e-05
39,10039,2,c39_day2,Torino,5,8,"cz(99, 98): 0.0025->0.0051",31,47,12,0.8905975626645304,0.9614828349577206,5,0.0008356856818265812,0.005133250642616542,0.01318359375,0.02294921875,0.00019848302986387326,0.00015459493999167093,0.00010863385192096079,2.7784766241489783e-05
39,10039,2,c39_day2,Fez,5,8,"readout q136: 0.0046->0.0074 | cz(136, 143): 0.0024->0.0069",33,47,12,0.9168727363019401,0.9748306500509141,5,0.0009737712920150857,0.006929206454328227,0.005821899149730985,0.007380980123654925,0.00014703417777479512,9.562081555389064e-05,0.00011316194973297482,9.144599425726836e-05
39,10039,3,c39_day3,Sherbrooke,5,8,readout q100: 0.0134->0.0269,40,73,12,0.852164347851262,0.9287828778041831,5,0.0010958256644533224,0.007850986624725387,0.01318359375,0.02685546875,0.0002497563615647794,0.00013252953230862786,0.00023682039453953814,7.063221921579745e-05
39,10039,3,c39_day3,Torino,5,8,"readout q81: 0.0054->0.0291 | readout q81: 0.0291->0.0747 | cz(99, 98): 0.0025->0.0053",30,42,12,0.8280367669498069,0.888303250212548,5,0.0009237430590088314,0.005337525253309831,0.027050024580441978,0.07470324790220989,0.00019848302986387326,0.00015459493999167093,0.00010863385192096079,2.7784766241489783e-05
39,10039,3,c39_day3,Fez,5,8,"readout q143: 0.0044->0.0142 | cz(143, 136): 0.0024->0.0053",31,47,12,0.9168668350871823,0.9716480242388679,5,0.000852861444719271,0.005338447030457614,0.007243668061808208,0.014245684059041037,0.00014703417777479512,9.562081555389064e-05,0.00011316194973297482,9.144599425726836e-05
39,10039,4,c39_day4,Sherbrooke,5,8,"ecr(125, 124): 0.0063->0.0282",38,73,12,0.8327276710275988,0.9420333550094602,5,0.0015800450428063821,0.02823944653709948,0.009423828125,0.019775390625,0.0002768752423068153,0.00023928033542071583,0.00022208770691632554,6.337555301919867e-05
39,10039,4,c39_day4,Torino,5,8,"readout q81: 0.0054->0.0240 | readout q92: 0.0090->0.0358 | cz(92, 99): 0.0032->0.0091",31,47,12,0.8419006660517161,0.9169766919338017,5,0.0010032750005904616,0.009071350674846407,0.022257796883065516,0.03577883352553422,0.00019848302986387326,0.00015459493999167093,0.00010863385192096079,2.7784766241489783e-05
39,10039,4,c39_day4,Fez,5,8,"cz(142, 143): 0.0033->0.0119",30,42,12,0.9101295139862707,0.9568751461426006,5,0.0012495203742956065,0.01190875177141634,0.0052734375,0.00634765625,0.00014703417777479512,9.562081555389064e-05,0.00011316194973297482,9.144599425726836e-05
39,10039,5,c39_day5,Sherbrooke,5,8,"readout q122: 0.0076->0.0143 | readout q123: 0.0078->0.0212 | ecr(126, 125): 0.0046->0.0098",40,77,12,0.8539747445706932,0.9467774110604062,5,0.0010081289054001891,0.009765497124917203,0.013448619211521745,0.02119288656979791,0.0002768752423068153,0.00023928033542071583,0.00022208770691632554,6.337555301919867e-05
39,10039,5,c39_day5,Torino,5,8,readout q99: 0.0095->0.0324 | readout q80: 0.0229->0.0867,30,42,12,0.8197170201861207,0.9607401869796571,5,0.000768149228240374,0.003746277807441689,0.03049940372837865,0.08665420163919274,0.00019848302986387326,0.00015459493999167093,0.00010863385192096079,2.7784766241489783e-05
39,10039,5,c39_day5,Fez,5,8,"cz(143, 136): 0.0024->0.0106",31,47,12,0.9115267050096403,0.9755429761561645,5,0.0011182811162708697,0.010558367237639057,0.0052734375,0.00634765625,0.00014703417777479512,9.562081555389064e-05,0.00011316194973297482,9.144599425726836e-05
39,10039,6,c39_day6,Sherbrooke,5,8,"readout q126: 0.0198->0.0758 | ecr(124, 123): 0.0053->0.0205",39,64,12,0.7762920845387676,0.8834399248259297,5,0.0019183185352108366,0.020484082525801934,0.020627890490182616,0.07579570245091308,0.0002768752423068153,0.00023928033542071583,0.00022208770691632554,6.337555301919867e-05
39,10039,6,c39_day6,Torino,5,8,readout q92: 0.0090->0.0181,30,42,12,0.8894388025995565,0.9637524240096511,5,0.000768149228240374,0.003746277807441689,0.014990234375,0.02294921875,0.00019848302986387326,0.00015459493999167093,0.00010863385192096079,2.7784766241489783e-05
39,10039,6,c39_day6,Fez,5,8,"readout q136: 0.0046->0.0227 | cz(143, 142): 0.0033->0.0072",31,47,12,0.9064973088925425,0.9647342402575356,5,0.0009034047932918045,0.00720951254286091,0.008884926928296524,0.02269611901648262,0.00014703417777479512,9.562081555389064e-05,0.00011316194973297482,9.144599425726836e-05
39,10039,7,c39_day7,Sherbrooke,5,8,readout q124: 0.0042->0.0083,38,73,12,0.8866918539282865,0.9529108239896809,5,0.0008058344743276716,0.006303480430202679,0.01025390625,0.019775390625,0.0002768752423068153,0.00023928033542071583,0.00022208770691632554,6.337555301919867e-05
39,10039,7,c39_day7,Torino,5,8,readout q81: 0.0054->0.0112 | readout q80: 0.0229->0.0773,31,47,12,0.8427056029463438,0.9465491277131497,5,0.0007036646135313804,0.003746277807441689,0.025216107414364492,0.07729222860783748,0.00019848302986387326,0.00015459493999167093,0.00010863385192096079,2.7784766241489783e-05
39,10039,7,c39_day7,Fez,5,8,"readout q141: 0.0049->0.0219 | readout q123: 0.0063->0.0244 | cz(142, 143): 0.0033->0.0129",30,42,12,0.8755522983844551,0.9493425212892805,5,0.0013056961241130604,0.012919915268130504,0.012302408041789049,0.024429772333865417,0.00014703417777479512,9.562081555389064e-05,0.00011316194973297482,9.144599425726836e-05
